Player,Team,Age,GP,W,L,Min,PTS,FGM,FGA,FG%,3PM,3PA,3P%,FTM,FTA,FT%,OREB,DREB,REB,AST,TOV,STL,BLK,PF,FP,DD2,TD3,+/-,SEASON,PCT_GP,ROY_winner
Derrick Favors,UTA,19,78,25,53,19.7,6.8,2.8,5.3,51.7,0,0,0,1.3,2.2,59.5,2.2,3.1,5.3,0.5,1,0.4,0.9,3.2,16.7,4,0,-3,2010-2011,0.951219512,0
Bismack Biyombo,CHA,19,63,7,56,23.1,5.2,2,4.4,46.4,0,0,0,1.1,2.3,48.3,1.8,4,5.8,0.4,1.1,0.3,1.8,2.3,18.1,5,0,-7.3,2011-2012,0.954545455,0
Tobias Harris,MIL,19,42,21,21,11.4,5,1.9,4,46.7,0.1,0.5,26.1,1,1.3,81.5,0.7,1.7,2.4,0.5,0.7,0.3,0.2,1.1,9.3,1,0,0.1,2011-2012,0.636363636,0
Michael Kidd-Gilchrist,CHA,19,78,20,58,26,9,3.6,7.9,45.8,0,0.1,22.2,1.8,2.4,74.9,1.7,4.2,5.8,1.5,1.3,0.7,0.9,2.1,21.8,6,0,-3.7,2012-2013,0.951219512,0
Andre Drummond,DET,19,60,23,37,20.7,7.9,3.5,5.7,60.8,0,0,50,1,2.7,37.1,2.8,4.8,7.6,0.5,1,1,1.6,2.4,24.6,9,0,-0.8,2012-2013,0.731707317,0
Giannis Antetokounmpo,MIL,19,77,14,63,24.6,6.8,2.2,5.4,41.4,0.5,1.5,34.7,1.8,2.6,68.3,1,3.4,4.4,1.9,1.6,0.8,0.8,2.2,18.2,2,0,-2.3,2013-2014,0.93902439,0
Archie Goodwin,PHX,19,52,32,20,10.2,3.7,1.5,3.2,45.5,0.1,0.7,13.9,0.7,1.1,67.3,0.5,1.2,1.7,0.4,0.8,0.4,0.2,0.9,7.3,0,0,-1.7,2013-2014,0.634146341,0
Aaron Gordon,ORL,19,47,14,33,17,5.2,2,4.4,44.7,0.3,1,27.1,0.9,1.3,72.1,1,2.6,3.6,0.7,0.8,0.4,0.5,1.8,12.5,1,0,-3.5,2014-2015,0.573170732,0
Danté Exum,UTA,19,82,38,44,22.2,4.8,1.8,5.1,34.9,1,3.2,31.4,0.2,0.4,62.5,0.3,1.3,1.6,2.4,1.4,0.5,0.2,1.8,10.9,0,0,1.1,2014-2015,1,0
James Young,BOS,19,31,14,17,10.7,3.4,1.2,3.3,35.3,0.5,2.1,25.8,0.5,0.9,55.2,0.3,1.1,1.4,0.4,0.2,0.3,0.1,0.7,6.4,0,0,0.2,2014-2015,0.37804878,0
Noah Vonleh,CHA,19,25,8,17,10.3,3.3,1.2,3,39.5,0.2,0.5,38.5,0.7,1,69.2,1.1,2.3,3.4,0.2,0.4,0.2,0.4,0.8,8.8,1,0,-2.7,2014-2015,0.304878049,0
Bruno Caboclo,TOR,19,8,7,1,2.9,1.3,0.5,1.5,33.3,0.3,0.4,66.7,0,0,0,0.1,0.1,0.3,0,0.5,0,0.1,0.4,1.4,0,0,-3.4,2014-2015,0.097560976,0
Devin Booker,PHX,19,76,20,56,27.7,13.8,4.8,11.4,42.3,1.3,3.8,34.3,2.8,3.4,84,0.4,2.1,2.5,2.6,2.1,0.6,0.3,3,21.1,3,0,-4.9,2015-2016,0.926829268,0
Rashad Vaughn,MIL,19,70,30,40,14.3,3.1,1.2,3.8,30.5,0.6,2.1,29.3,0.2,0.2,80,0.2,1.1,1.3,0.6,0.4,0.4,0.2,1,7,0,0,-2.1,2015-2016,0.853658537,0
Brandon Ingram,LAL,19,79,26,53,28.9,9.4,3.5,8.7,40.2,0.7,2.4,29.4,1.7,2.7,62.1,0.8,3.2,4,2.1,1.5,0.6,0.5,2,19.1,0,0,-4.8,2016-2017,0.963414634,0
Marquese Chriss,PHX,19,82,24,58,21.3,9.2,3.5,7.7,44.9,0.9,2.7,32.1,1.4,2.2,62.4,1.2,3.1,4.2,0.7,1.3,0.8,0.9,3.2,19.1,3,0,-4.7,2016-2017,1,0
Georgios Papagiannis,SAC,19,22,7,15,16.1,5.6,2.5,4.6,54.9,0,0.1,0,0.5,0.6,85.7,1.1,2.8,3.9,0.9,1.1,0.1,0.8,2,13.3,2,0,-1.4,2016-2017,0.268292683,0
Dragan Bender,PHX,19,43,13,30,13.3,3.4,1.3,3.7,35.4,0.7,2.3,27.7,0.1,0.3,36.4,0.5,1.9,2.4,0.5,0.7,0.2,0.5,1.7,8.6,1,0,-0.6,2016-2017,0.524390244,0
Frank Ntilikina,NYK,19,78,28,50,21.9,5.9,2.3,6.4,36.4,0.6,2,31.8,0.6,0.9,72.1,0.5,1.8,2.3,3.2,1.7,0.8,0.2,2.3,15,1,0,-1.3,2017-2018,0.951219512,0
Ike Anigbogu,IND,19,11,5,6,2.7,1.2,0.4,0.8,44.4,0,0,0,0.5,0.5,83.3,0.5,0.4,0.8,0,0.2,0.1,0.3,0.1,3.1,0,0,-1.3,2017-2018,0.134146341,0
Jaren Jackson Jr.,MEM,19,58,23,35,26.1,13.8,5.1,10.2,50.6,0.9,2.4,35.9,2.6,3.4,76.6,1.3,3.4,4.7,1.1,1.7,0.9,1.4,3.8,26.3,2,0,-1.8,2018-2019,0.707317073,0
Kevin Knox II,NYK,19,75,15,60,28.8,12.8,4.5,12.2,37,1.7,4.9,34.3,2.2,3,71.7,0.8,3.7,4.5,1.1,1.5,0.6,0.3,2.3,21,3,0,-8.5,2018-2019,0.914634146,0
Troy Brown Jr.,WAS,19,52,20,32,14,4.8,1.9,4.5,41.5,0.4,1.3,31.9,0.6,0.9,68.1,0.7,2.1,2.8,1.5,0.6,0.4,0.1,1.1,11.3,0,0,0,2018-2019,0.634146341,0
Isaac Bonga,LAL,19,22,7,15,5.5,0.9,0.2,1.5,15.2,0,0.4,0,0.4,0.7,60,0.4,0.7,1.1,0.7,0.3,0.4,0.2,0.4,4.8,0,0,0.6,2018-2019,0.268292683,0
Zion Williamson,NOP,19,24,11,13,27.8,22.5,8.8,15,58.3,0.3,0.6,42.9,4.8,7.4,64,2.7,3.6,6.3,2.1,2.5,0.7,0.4,1.8,33.8,2,0,2.6,2019-2020,0.292682927,0
Sekou Doumbouya,DET,19,38,10,28,19.8,6.4,2.4,6.2,39,0.7,2.6,28.6,0.8,1.2,67.4,0.5,2.6,3.1,0.5,0.9,0.5,0.2,2.1,12.2,2,0,-4.6,2019-2020,0.463414634,0
Talen Horton-Tucker,LAL,19,6,2,4,13.5,5.7,2.3,5,46.7,0.7,2.2,30.8,0.3,0.7,50,0.3,0.8,1.2,1,1,1.3,0.2,1.7,12.1,0,0,-3,2019-2020,0.073170732,0
Alen Smailagic,GSW,19,14,1,13,9.9,4.2,1.4,2.9,50,0.2,0.9,23.1,1.1,1.4,84.2,0.7,1.2,1.9,0.9,0.8,0.2,0.3,1,8.6,0,0,-0.6,2019-2020,0.170731707,0
Anthony Edwards,MIN,19,72,23,49,32.1,19.3,7,16.8,41.7,2.4,7.2,32.9,2.9,3.8,77.6,0.8,3.8,4.7,2.9,2.2,1.1,0.5,1.8,32,3,0,-3.2,2020-2021,1,0
LaMelo Ball,CHA,19,51,23,28,28.8,15.7,5.7,13.2,43.6,1.8,5.1,35.2,2.5,3.2,75.8,1.2,4.7,5.9,6.1,2.8,1.6,0.4,2.7,35,7,1,-1.6,2020-2021,0.708333333,1
Patrick Williams,CHI,19,71,30,41,27.9,9.2,3.6,7.4,48.3,0.8,1.9,39.1,1.3,1.8,72.8,0.9,3.7,4.6,1.4,1.4,0.9,0.6,1.8,20.1,3,0,-4.1,2020-2021,0.986111111,0
Aleksej Pokusevski,OKC,19,45,13,32,24.2,8.2,3.1,9.1,34.1,1.3,4.6,28,0.7,0.9,73.8,0.7,4,4.7,2.2,2.2,0.4,0.9,1.3,19,1,0,-8.7,2020-2021,0.625,0
Killian Hayes,DET,19,26,6,20,25.8,6.8,2.7,7.7,35.3,0.8,2.8,27.8,0.5,0.7,82.4,0.2,2.4,2.7,5.3,3.2,1,0.4,2.2,19,0,0,-5,2020-2021,0.361111111,0
Josh Giddey,OKC,19,54,17,37,31.5,12.5,5.2,12.4,41.9,1,3.9,26.3,1,1.5,70.9,1.8,6,7.8,6.4,3.2,0.9,0.4,1.6,32.2,16,4,-5.5,2021-2022,0.658536585,0
Alperen Sengun,HOU,19,72,18,54,20.7,9.6,3.5,7.3,47.4,0.4,1.6,24.8,2.3,3.2,71.1,1.9,3.5,5.5,2.6,2,0.8,0.9,3,23.3,8,0,-4.3,2021-2022,0.87804878,0
Jonathan Kuminga,GSW,19,70,44,26,16.9,9.3,3.4,6.6,51.3,0.7,2.1,33.6,1.9,2.7,68.4,0.8,2.6,3.3,0.9,1.1,0.4,0.3,2.1,15.9,2,0,0.5,2021-2022,0.853658537,0
Joshua Primo,SAS,19,50,22,28,19.3,5.8,2,5.4,37.4,0.8,2.7,30.7,0.9,1.2,74.6,0.6,1.6,2.3,1.6,1.1,0.4,0.5,1.6,12.3,0,0,-1.6,2021-2022,0.609756098,0
JT Thor,CHA,19,33,18,15,7.9,2,0.7,1.7,43.6,0.2,0.8,25.9,0.4,0.6,60,0.3,1,1.3,0.6,0.3,0.2,0.3,0.8,5.9,0,0,-0.2,2021-2022,0.402439024,0
Jaden Springer,PHI,19,2,2,0,2.8,1,0.5,0.5,100,0,0,0,0,0,0,0.5,0.5,1,0,0.5,0,1,0,4.7,0,0,-4,2021-2022,0.024390244,0
Jalen Duren,DET,19,67,16,51,24.9,9.1,3.9,5.9,64.8,0,0,0,1.4,2.3,61.1,3.4,5.5,8.9,1.1,1.4,0.7,0.9,2.7,24.7,19,0,-4.2,2022-2023,0.817073171,0
AJ Griffin,ATL,19,72,34,38,19.5,8.9,3.4,7.4,46.5,1.4,3.6,39,0.6,0.7,89.4,0.5,1.6,2.1,1,0.6,0.6,0.2,1.2,14.6,0,0,0.9,2022-2023,0.87804878,0
Trevor Keels,NYK,19,3,3,0,2.7,1,0.3,1.3,25,0.3,1.3,25,0,0,0,0,0.7,0.7,0,0,0,0,0,1.8,0,0,-6,2022-2023,0.036585366,0
GG Jackson,MEM,19,48,14,34,25.7,14.6,5,11.7,42.8,2.1,6,35.7,2.4,3.2,75.2,1.1,3,4.1,1.2,1.4,0.6,0.5,1.3,23.2,2,0,-4,2023-2024,0.585365854,0
Cam Whitmore,HOU,19,47,19,28,18.7,12.3,4.5,9.9,45.4,1.7,4.7,35.9,1.6,2.4,67.9,0.9,2.9,3.8,0.7,1,0.6,0.4,1.4,20,1,0,-0.6,2023-2024,0.573170732,0
Bilal Coulibaly,WAS,19,63,11,52,27.2,8.4,3,6.9,43.5,1,2.9,34.6,1.5,2.1,70.2,0.9,3.2,4.1,1.7,1.4,0.9,0.8,2.2,19.6,1,0,-6.7,2023-2024,0.768292683,0
Noah Clowney,BKN,19,23,10,13,16.1,5.8,2.2,4,53.8,0.5,1.4,36.4,0.9,1.3,70,1.1,2.4,3.5,0.8,0.7,0.3,0.7,1.1,13.7,1,0,-2.3,2023-2024,0.280487805,0
Dariq Whitehead,BKN,19,2,1,1,12,1.5,0.5,2.5,20,0,1.5,0,0.5,1,50,0,2,2,1.5,0,0,0.5,0,7.7,0,0,-11,2023-2024,0.024390244,0
Bub Carrington,WAS,19,82,18,64,30,9.8,3.7,9.1,40.1,1.7,5,33.9,0.8,1,81.2,0.4,3.8,4.2,4.4,1.7,0.7,0.3,2.3,22.5,5,0,-9.7,2024-2025,1,0
Ronald Holland II,DET,19,81,44,37,15.6,6.4,2.4,5.1,47.4,0.4,1.9,23.8,1.1,1.5,75.4,0.5,2.2,2.7,1,0.9,0.6,0.2,1.7,12.7,0,0,-0.7,2024-2025,0.987804878,0
Tidjane Salaün,CHA,19,60,12,48,20.7,5.9,1.9,5.8,33,1,3.4,28.3,1.1,1.6,71.3,1.2,3.5,4.7,1.2,1,0.5,0.2,1.4,14.5,2,0,-5.4,2024-2025,0.731707317,0
Pacôme Dadiet,NYK,19,18,14,4,6.2,1.7,0.6,1.7,32.3,0.3,1.1,31.6,0.2,0.3,66.7,0.2,0.8,1,0.3,0.2,0.2,0.1,0.4,3.9,0,0,-0.9,2024-2025,0.219512195,0
Cam Christie,LAC,19,13,10,3,4.5,1.4,0.5,1.8,29.2,0.2,1,15.4,0.2,0.3,50,0.2,0.7,0.9,0.5,0.2,0.4,0.1,0.3,4.4,0,0,-0.8,2024-2025,0.158536585,0
Ulrich Chomche,TOR,19,7,3,4,4.6,0.7,0.3,0.7,40,0,0,0,0.1,0.3,50,0.6,0.6,1.1,0.3,0.3,0,0.1,0.7,2.7,0,0,-3.4,2024-2025,0.085365854,0
Tyreke Evans,SAC,20,72,23,49,37.2,20.1,7.4,16.2,45.8,0.5,2,25.5,4.8,6.5,74.8,0.9,4.4,5.3,5.8,3,1.5,0.4,2.8,37.7,13,1,-4.7,2009-2010,0.87804878,1
Brandon Jennings,MIL,20,82,46,36,32.6,15.5,5.5,14.8,37.1,1.8,4.7,37.4,2.7,3.3,81.7,0.6,2.8,3.4,5.7,2.4,1.3,0.2,2.3,30.3,2,0,1.4,2009-2010,1,0
James Harden,OKC,20,76,47,29,22.9,9.9,3.1,7.6,40.3,1.2,3.3,37.5,2.6,3.2,80.8,0.6,2.6,3.2,1.8,1.4,1.1,0.3,2.6,19,0,0,2.4,2009-2010,0.926829268,0
DeMar DeRozan,TOR,20,77,36,41,21.6,8.6,3.3,6.6,49.8,0.1,0.2,25,1.9,2.5,76.3,0.9,2,2.9,0.7,0.8,0.6,0.2,2.3,14.7,0,0,-3,2009-2010,0.93902439,0
Jrue Holiday,PHI,20,73,24,49,24.2,8,3.2,7.1,44.2,0.8,2.2,39,0.9,1.2,75.6,0.8,1.8,2.6,3.8,2.1,1.1,0.2,2.1,18.8,2,0,-2.2,2009-2010,0.890243902,0
Serge Ibaka,OKC,20,73,45,28,18.1,6.3,2.8,5.1,54.3,0,0,50,0.8,1.3,63,1.9,3.5,5.4,0.1,0.9,0.3,1.3,2.7,17.1,4,0,0.1,2009-2010,0.890243902,0
John Wall,WAS,20,69,19,50,37.8,16.4,5.8,14.1,40.9,0.5,1.7,29.6,4.4,5.7,76.6,0.5,4.1,4.6,8.3,3.8,1.8,0.5,2.5,37.4,26,1,-6.4,2010-2011,0.841463415,0
DeMarcus Cousins,SAC,20,81,23,58,28.5,14.1,5.3,12.4,43,0,0.2,16.7,3.4,5,68.7,2.7,6,8.6,2.5,3.3,1,0.8,4.1,30.6,26,0,-3.3,2010-2011,0.987804878,0
Al-Farouq Aminu,LAC,20,81,31,50,17.9,5.6,2,5,39.4,0.6,1.8,31.5,1.1,1.5,77.3,0.9,2.4,3.3,0.7,1.3,0.7,0.3,1.5,12.5,0,0,-2.3,2010-2011,0.987804878,0
Xavier Henry,MEM,20,38,19,19,13.9,4.3,1.7,4.2,40.6,0.1,0.4,11.8,0.9,1.4,63.5,0.2,0.7,1,0.5,0.3,0.3,0.1,1.3,7,0,0,-1.2,2010-2011,0.463414634,0
Lance Stephenson,IND,20,12,3,9,9.6,3.1,1.1,3.3,33.3,0,0.4,0,0.9,1.2,78.6,0.1,1.4,1.5,1.8,1.3,0.3,0,1.2,7.2,0,0,-0.1,2010-2011,0.146341463,0
Avery Bradley,BOS,20,31,21,10,5.2,1.7,0.7,2.2,34.3,0,0.2,0,0.2,0.4,50,0.1,0.4,0.5,0.4,0.5,0.3,0,0.6,3.3,0,0,-1.8,2010-2011,0.37804878,0
Kyrie Irving,CLE,20,51,17,34,30.5,18.5,6.9,14.6,46.9,1.4,3.6,39.9,3.4,3.8,87.2,0.9,2.9,3.7,5.4,3.1,1.1,0.4,2.2,32.3,1,0,-3.2,2011-2012,0.772727273,1
Brandon Knight,DET,20,66,25,41,32.2,12.8,4.8,11.7,41.5,1.6,4.2,38,1.6,2.1,75.9,0.5,2.7,3.2,3.8,2.6,0.7,0.2,2.3,22.5,3,0,-3.9,2011-2012,1,0
Alec Burks,UTA,20,59,33,26,15.9,7.2,2.6,6.1,42.9,0.3,0.8,33.3,1.8,2.4,72.7,1,1.3,2.2,0.9,0.9,0.5,0.1,1.4,12,0,0,-0.4,2011-2012,0.893939394,0
Enes Freedom,UTA,20,66,36,30,13.2,4.6,1.8,3.6,49.6,0,0,0,1.1,1.6,66.7,1.6,2.6,4.2,0.1,0.8,0.3,0.3,1.3,10.9,1,0,-2,2011-2012,1,0
Cory Joseph,SAS,20,29,21,8,9.2,2,0.8,2.4,31.4,0.1,0.5,20,0.4,0.6,64.7,0.2,0.7,0.9,1.2,0.4,0.2,0.1,0.6,5.4,0,0,-1.9,2011-2012,0.439393939,0
Bradley Beal,WAS,20,56,21,35,31.2,13.9,5,12.3,41,1.6,4.2,38.6,2.2,2.8,78.6,0.8,3,3.8,2.4,1.6,0.9,0.5,2,24.7,3,0,-1.6,2012-2013,0.682926829,0
Anthony Davis,NOH,20,64,23,41,28.8,13.5,5.5,10.6,51.6,0,0.1,0,2.6,3.5,75.1,2.6,5.6,8.2,1,1.4,1.2,1.8,2.5,32.2,20,0,-2.4,2012-2013,0.780487805,0
Maurice Harkless,ORL,20,76,18,58,26,8.2,3.4,7.4,46.1,0.4,1.5,27.4,1,1.7,57,1.6,2.8,4.4,0.7,0.9,1.2,0.8,1.9,19.5,1,0,-6.2,2012-2013,0.926829268,0
Austin Rivers,NOH,20,61,21,40,23.2,6.2,2.4,6.4,37.2,0.5,1.4,32.6,1,1.8,54.6,0.3,1.5,1.8,2.1,1.2,0.4,0.1,2,12,0,0,-2.6,2012-2013,0.743902439,0
Evan Fournier,DEN,20,38,25,13,11.3,5.3,2,4,49.3,0.6,1.4,40.7,0.8,1,76.9,0.2,0.8,0.9,1.2,0.8,0.5,0,1.7,8.9,0,0,1.6,2012-2013,0.463414634,0
Tony Wroten,MEM,20,35,28,7,7.8,2.6,0.9,2.5,38.4,0.1,0.5,25,0.6,0.8,72.4,0.4,0.4,0.8,1.2,0.8,0.2,0.1,1,5.6,0,0,-1.6,2012-2013,0.426829268,0
Marquis Teague,CHI,20,48,24,24,8.2,2.1,0.9,2.4,38.1,0.1,0.5,17.4,0.2,0.3,56.3,0.1,0.9,0.9,1.3,0.7,0.2,0.1,1,5.4,0,0,-0.2,2012-2013,0.585365854,0
Quincy Miller,DEN,20,7,6,1,3.7,1.3,0.6,1.7,33.3,0,0.1,0,0.1,0.3,50,0.1,0.1,0.3,0.4,0.1,0.1,0,0.4,2.6,0,0,-0.7,2012-2013,0.085365854,0
Dennis Schröder,ATL,20,49,21,28,13.1,3.7,1.5,3.8,38.3,0.2,0.9,23.8,0.6,0.9,67.4,0.1,1.1,1.2,1.9,1.2,0.3,0,1.1,7.8,0,0,-4.2,2013-2014,0.597560976,0
Steven Adams,OKC,20,81,59,22,14.8,3.3,1.1,2.3,50.3,0,0,0,1,1.7,58.1,1.8,2.3,4.1,0.5,0.9,0.5,0.7,2.5,11.7,1,0,0.7,2013-2014,0.987804878,0
Sergey Karasev,CLE,20,22,7,15,7.1,1.7,0.5,1.6,34.3,0.2,0.9,21.1,0.4,0.5,90,0,0.7,0.7,0.3,0.5,0.1,0,1,3,0,0,-2.2,2013-2014,0.268292683,0
Andrew Wiggins,MIN,20,82,16,66,36.2,16.9,6.1,13.9,43.7,0.5,1.5,31,4.3,5.7,76,1.6,2.9,4.6,2.1,2.2,1,0.6,2.3,28.3,2,0,-6.7,2014-2015,1,1
Jabari Parker,MIL,20,25,13,12,29.5,12.3,5.2,10.5,49,0.2,0.6,25,1.8,2.6,69.7,2,3.5,5.5,1.7,1.9,1.2,0.2,1.7,23.9,2,0,-4.6,2014-2015,0.304878049,0
Zach LaVine,MIN,20,77,15,62,24.7,10.1,3.7,8.8,42.2,0.7,2.2,34.1,1.9,2.3,84.2,0.4,2.4,2.8,3.6,2.5,0.7,0.1,2.1,18.8,4,0,-7,2014-2015,0.93902439,0
Jusuf Nurki?,DEN,20,62,21,41,17.8,6.9,2.8,6.2,44.6,0,0,0,1.4,2.1,63.6,2,4.1,6.2,0.8,1.4,0.8,1.1,3.3,19.9,4,0,-0.1,2014-2015,0.756097561,0
Tyler Ennis,MIL,20,33,11,22,12.5,3.7,1.6,4.4,36.1,0.4,1.3,27.9,0.2,0.2,71.4,0.2,0.8,1.1,2.2,1.3,0.5,0.2,1.1,9.1,0,0,-1.8,2014-2015,0.402439024,0
Gary Harris,DEN,20,55,18,37,13.1,3.4,1.2,3.9,30.4,0.4,1.9,20.4,0.6,0.9,74.5,0.4,0.8,1.2,0.5,0.7,0.7,0.1,1.3,7.4,0,0,-3.1,2014-2015,0.670731707,0
Jordan Adams,MEM,20,30,14,16,8.3,3.1,1.2,2.9,40.7,0.3,0.8,40,0.5,0.8,60.9,0.3,0.6,0.9,0.5,0.5,0.5,0.2,0.8,6.9,0,0,0.6,2014-2015,0.365853659,0
Julius Randle,LAL,20,1,0,1,13.6,2,1,3,33.3,0,0,0,0,2,0,0,0,0,0,1,0,0,1,1,0,0,-18,2014-2015,0.012195122,0
Karl-Anthony Towns,MIN,20,82,29,53,32,18.3,7.6,14.1,54.2,0.4,1.1,34.1,2.7,3.4,81.1,2.8,7.7,10.5,2,2.2,0.7,1.7,3,38.8,52,0,-1.6,2015-2016,1,1
Jahlil Okafor,PHI,20,53,6,47,30,17.5,7.5,14.7,50.8,0,0.1,16.7,2.5,3.7,68.6,2.3,4.7,7,1.2,2.3,0.4,1.2,2.6,30.2,11,0,-9.3,2015-2016,0.646341463,0
Kristaps Porzi??is,NYK,20,72,28,44,28.4,14.3,5.2,12.3,42.1,1.1,3.4,33.3,2.8,3.3,83.8,1.8,5.5,7.3,1.3,1.7,0.7,1.9,2.8,31.1,21,0,0.2,2015-2016,0.87804878,0
D'Angelo Russell,LAL,20,80,17,63,28.2,13.2,4.9,12,41,1.6,4.6,35.1,1.8,2.4,73.7,0.6,2.8,3.4,3.3,2.5,1.2,0.2,1.8,23.8,1,0,-6.8,2015-2016,0.975609756,0
Emmanuel Mudiay,DEN,20,68,29,39,30.4,12.8,4.8,13.3,36.4,1.1,3.4,31.9,2.1,3.1,67,0.5,2.9,3.4,5.5,3.2,1,0.5,2.1,26.3,4,0,-1.7,2015-2016,0.829268293,0
Myles Turner,IND,20,60,32,28,22.8,10.3,4.4,8.8,49.8,0.1,0.2,21.4,1.5,2,72.7,1.1,4.4,5.5,0.7,1.1,0.4,1.4,2.6,22.4,4,0,-1.2,2015-2016,0.731707317,0
Stanley Johnson,DET,20,73,37,36,23.1,8.1,3.1,8.2,37.5,0.9,2.8,30.7,1.1,1.4,78.4,0.8,3.4,4.2,1.6,1.6,0.8,0.2,2.4,16.8,3,0,-1.9,2015-2016,0.890243902,0
Justise Winslow,MIA,20,78,46,32,28.6,6.4,2.5,5.9,42.2,0.4,1.5,27.6,1,1.5,68.4,1,4.1,5.2,1.5,1.2,0.9,0.3,2.4,17.3,0,0,1.4,2015-2016,0.951219512,0
Trey Lyles,UTA,20,80,38,42,17.3,6.1,2.4,5.5,43.8,0.6,1.6,38.3,0.7,1,69.5,0.7,3,3.7,0.7,0.8,0.3,0.2,1.4,12.5,2,0,-0.6,2015-2016,0.975609756,0
Tyus Jones,MIN,20,37,13,24,15.5,4.2,1.5,4.2,35.9,0.4,1.4,30.2,0.8,1.1,71.8,0.2,1.1,1.3,2.9,0.9,0.8,0.1,0.9,12,0,0,-3.6,2015-2016,0.451219512,0
Kelly Oubre Jr.,WAS,20,63,31,32,10.7,3.7,1.4,3.3,42.7,0.4,1.3,31.6,0.5,0.8,63.3,0.4,1.7,2.1,0.2,0.5,0.3,0.1,1.6,7.4,0,0,-0.7,2015-2016,0.768292683,0
Christian Wood,PHI,20,17,0,17,8.5,3.6,1.3,3.1,41.5,0.2,0.6,36.4,0.8,1.2,61.9,0.8,1.5,2.2,0.2,0.1,0.3,0.4,0.6,8.5,0,0,-2.9,2015-2016,0.207317073,0
Kevon Looney,GSW,20,5,4,1,4.1,1.8,0.8,1.4,57.1,0.2,0.4,50,0,0,0,0.8,1.2,2,0,0.2,0,0,0.4,4,0,0,-4.4,2015-2016,0.06097561,0
Cliff Alexander,POR,20,8,3,5,4.5,1.3,0.6,1.3,50,0,0,0,0,0,0,0.3,0.5,0.8,0,0.1,0.1,0.3,0.1,3.2,0,0,-1.6,2015-2016,0.097560976,0
Jamal Murray,DEN,20,82,40,42,21.5,9.9,3.6,8.9,40.4,1.4,4.2,33.4,1.3,1.5,88.3,0.5,2.1,2.6,2.1,1.4,0.6,0.3,1.5,17.5,1,0,0.9,2016-2017,1,0
Ivica Zubac,LAL,20,38,8,30,16,7.5,3.3,6.3,52.9,0,0.1,0,0.8,1.3,65.3,1.1,3.1,4.2,0.8,0.8,0.4,0.9,1.7,16.6,4,0,-3.5,2016-2017,0.463414634,0
Jaylen Brown,BOS,20,78,50,28,17.2,6.6,2.5,5.4,45.5,0.6,1.7,34.3,1.1,1.6,68.5,0.6,2.2,2.8,0.8,0.9,0.4,0.2,1.8,12.4,0,0,-1.6,2016-2017,0.951219512,0
Derrick Jones Jr.,PHX,20,32,7,25,17,5.3,2.1,3.8,56.2,0.1,0.3,27.3,0.9,1.3,70.7,1.2,1.3,2.5,0.4,0.4,0.4,0.4,2,10.9,0,0,1,2016-2017,0.390243902,0
Cheick Diallo,NOP,20,17,9,8,11.7,5.1,2.1,4.5,47.4,0,0,0,0.9,1.2,71.4,1.4,2.9,4.3,0.2,0.4,0.2,0.4,1,12.2,3,0,-3.1,2016-2017,0.207317073,0
Thon Maker,MIL,20,57,31,26,9.9,4,1.5,3.2,45.9,0.5,1.3,37.8,0.6,0.9,65.3,0.7,1.3,2,0.4,0.3,0.2,0.5,1.5,8.6,0,0,-0.5,2016-2017,0.695121951,0
Malik Beasley,DEN,20,22,12,10,7.5,3.8,1.5,3.3,45.2,0.4,1.3,32.1,0.4,0.5,80,0.2,0.5,0.8,0.5,0.4,0.3,0,0.5,6,0,0,2.6,2016-2017,0.268292683,0
Dejounte Murray,SAS,20,38,29,9,8.5,3.4,1.3,3.1,43.1,0.2,0.6,39.1,0.6,0.8,70,0.2,0.9,1.1,1.3,1,0.2,0.2,0.8,6.7,0,0,0,2016-2017,0.463414634,0
Henry Ellenson,DET,20,19,8,11,7.7,3.2,1.2,3.4,35.9,0.5,1.8,28.6,0.2,0.4,50,0.4,1.7,2.2,0.4,0.7,0.1,0.1,0.3,5.9,1,0,-0.2,2016-2017,0.231707317,0
Chinanu Onuaku,HOU,20,5,2,3,10.3,2.8,1,1.4,71.4,0,0,0,0.8,0.8,100,0.4,1.6,2,0.6,0.8,0.6,0.2,1.2,7.7,0,0,-9,2016-2017,0.06097561,0
Deyonta Davis,MEM,20,36,23,13,6.6,1.6,0.7,1.3,51.1,0,0,0,0.3,0.5,55.6,0.6,1.1,1.7,0.1,0.2,0.1,0.5,1.1,5.1,0,0,-1.2,2016-2017,0.43902439,0
Diamond Stone,LAC,20,7,6,1,3.5,1.4,0.4,1.9,23.1,0,0,0,0.6,0.6,100,0.1,0.7,0.9,0,0.3,0,0.1,0.7,2.6,0,0,-3.9,2016-2017,0.085365854,0
Stephen Zimmerman,ORL,20,19,8,11,5.7,1.2,0.5,1.6,32.3,0,0,0,0.2,0.3,60,0.6,1.3,1.8,0.2,0.2,0.1,0.3,0.9,4.7,0,0,-2.1,2016-2017,0.231707317,0
Dennis Smith Jr.,DAL,20,69,22,47,29.7,15.2,5.9,14.8,39.5,1.5,4.9,31.3,1.9,2.8,69.4,0.7,3,3.8,5.2,2.8,1,0.3,2.2,28.6,6,1,-4.7,2017-2018,0.841463415,0
Jayson Tatum,BOS,20,80,53,27,30.5,13.9,5,10.4,47.5,1.3,3,43.4,2.7,3.2,82.6,0.6,4.4,5,1.6,1.4,1,0.7,2.1,26.2,4,0,4.3,2017-2018,0.975609756,0
De'Aaron Fox,SAC,20,73,24,49,27.7,11.6,4.5,10.9,41.2,0.6,2.1,30.7,1.9,2.7,72.3,0.5,2.3,2.8,4.4,2.4,1,0.3,2.2,22.8,3,0,-5.7,2017-2018,0.890243902,0
John Collins,ATL,20,74,21,53,24.1,10.5,4.2,7.4,57.6,0.2,0.6,34,1.8,2.5,71.5,2.4,4.9,7.3,1.3,1.4,0.6,1.1,2.9,25,11,0,-3,2017-2018,0.902439024,0
Lonzo Ball,LAL,20,52,24,28,34.2,10.2,3.9,10.8,36,1.7,5.7,30.5,0.6,1.4,45.1,1.3,5.6,6.9,7.2,2.6,1.7,0.8,2.3,34.3,13,2,-0.4,2017-2018,0.634146341,0
Jarrett Allen,BKN,20,72,25,47,20,8.2,3.3,5.5,58.9,0.1,0.2,33.3,1.6,2,77.6,2,3.4,5.4,0.7,1.1,0.4,1.2,2,19.3,4,0,-2,2017-2018,0.87804878,0
Markelle Fultz,PHI,20,14,11,3,18.1,7.1,3.2,7.9,40.5,0,0.1,0,0.7,1.5,47.6,0.8,2.3,3.1,3.8,1.2,0.9,0.3,1.6,18.7,1,1,1.4,2017-2018,0.170731707,0
Bam Adebayo,MIA,20,69,34,35,19.8,6.9,2.5,4.9,51.2,0,0.1,0,1.9,2.6,72.1,1.7,3.8,5.5,1.5,1,0.5,0.6,2,18,7,0,-0.4,2017-2018,0.841463415,0
Malik Monk,CHA,20,63,26,37,13.5,6.7,2.4,6.7,36,1.3,3.9,34.2,0.5,0.6,84.2,0.1,0.9,1,1.4,0.8,0.3,0.1,1,10.7,0,0,-3,2017-2018,0.768292683,0
Kobi Simmons,MEM,20,32,6,26,20.1,6.1,2.5,5.9,42.3,0.3,1.2,28.2,0.8,0.8,100,0.4,1.1,1.6,2.1,1.4,0.6,0.2,1.9,12,0,0,-6.7,2017-2018,0.390243902,0
OG Anunoby,TOR,20,74,51,23,20,5.9,2.2,4.7,47.1,1,2.7,37.1,0.5,0.8,62.9,0.6,1.9,2.5,0.7,0.6,0.7,0.2,1.8,12.1,0,0,4,2017-2018,0.902439024,0
Jonathan Isaac,ORL,20,27,11,16,19.8,5.4,2,5.4,37.9,0.6,1.7,34.8,0.7,0.9,76,0.6,3.1,3.7,0.7,1,1.2,1.1,1.8,16.8,0,0,-3.7,2017-2018,0.329268293,0
Zach Collins,POR,20,66,41,25,15.8,4.4,1.7,4.4,39.8,0.5,1.7,31,0.4,0.6,64.3,0.7,2.7,3.3,0.8,0.9,0.3,0.5,2,10.9,0,0,0.2,2017-2018,0.804878049,0
Terrance Ferguson,OKC,20,61,37,24,12.5,3.1,1.1,2.8,41.4,0.7,2,33.3,0.1,0.2,90,0.3,0.5,0.8,0.3,0.2,0.4,0.2,1.4,6,0,0,-1.4,2017-2018,0.743902439,0
Furkan Korkmaz,PHI,20,14,11,3,5.7,1.6,0.6,2,28.6,0.4,1.2,29.4,0.1,0.3,50,0.1,0.6,0.8,0.3,0.1,0.1,0.1,0.9,3.5,0,0,-3.1,2017-2018,0.170731707,0
Thomas Bryant,LAL,20,15,7,8,4.8,1.5,0.5,1.4,38.1,0.1,0.7,10,0.3,0.6,55.6,0.2,0.9,1.1,0.4,0.1,0.1,0.1,0.4,3.9,0,0,-0.6,2017-2018,0.182926829,0
Tony Bradley,UTA,20,9,6,3,3.2,0.9,0.3,1.2,27.3,0,0.1,0,0.2,0.2,100,0.4,0.8,1.2,0.1,0,0,0,0.1,2.5,0,0,0.1,2017-2018,0.109756098,0
Luka Don?i?,DAL,20,72,28,44,32.2,21.2,7,16.5,42.7,2.3,7.1,32.7,4.8,6.7,71.3,1.2,6.6,7.8,6,3.4,1.1,0.3,1.9,40.3,24,8,-1.6,2018-2019,0.87804878,1
Trae Young,ATL,20,81,29,52,30.9,19.1,6.5,15.5,41.8,1.9,6,32.4,4.2,5.1,82.9,0.8,2.9,3.7,8.1,3.8,0.9,0.2,1.7,35.1,30,1,-4.1,2018-2019,0.987804878,0
Collin Sexton,CLE,20,82,19,63,31.8,16.7,6.3,14.7,43,1.5,3.6,40.2,2.6,3.1,83.9,0.7,2.2,2.9,3,2.3,0.5,0.1,2.3,24.2,2,0,-8.2,2018-2019,1,0
Deandre Ayton,PHX,20,71,17,54,30.7,16.3,7.2,12.3,58.5,0,0.1,0,2,2.7,74.6,3.1,7.1,10.3,1.8,1.8,0.9,0.9,2.9,34.9,39,0,-5.4,2018-2019,0.865853659,0
Marvin Bagley III,SAC,20,62,30,32,25.3,14.9,5.7,11.4,50.4,0.5,1.5,31.3,2.9,4.2,69.1,2.6,5,7.6,1,1.6,0.5,1,1.9,28.4,19,0,-1.7,2018-2019,0.756097561,0
Shai Gilgeous-Alexander,LAC,20,82,48,34,26.5,10.8,4.2,8.7,47.6,0.6,1.7,36.7,1.9,2.4,80,0.7,2.1,2.8,3.3,1.7,1.2,0.5,2.1,22.6,1,0,-1.3,2018-2019,1,0
Wendell Carter Jr.,CHI,20,44,10,34,25.2,10.3,4.1,8.4,48.5,0.1,0.7,18.8,2,2.5,79.5,2,5,7,1.8,1.5,0.6,1.3,3.5,25.6,7,0,-6.6,2018-2019,0.536585366,0
Kevin Huerter,ATL,20,75,27,48,27.3,9.7,3.7,8.8,41.9,1.8,4.7,38.5,0.5,0.7,73.2,0.8,2.5,3.3,2.9,1.5,0.9,0.3,2.1,20,1,0,-1.6,2018-2019,0.914634146,0
Josh Okogie,MIN,20,74,32,42,23.7,7.7,2.6,6.9,38.6,0.8,2.9,27.9,1.6,2.2,72.8,0.6,2.4,2.9,1.2,0.9,1.2,0.4,2.2,17.1,1,0,-0.7,2018-2019,0.902439024,0
Zhaire Smith,PHI,20,6,2,4,18.4,6.7,2.3,5.7,41.2,1,2.7,37.5,1,1.3,75,0.5,1.7,2.2,1.7,1,0.3,0.3,1.3,12.8,0,0,2.3,2018-2019,0.073170732,0
Anfernee Simons,POR,20,20,17,3,7,3.8,1.4,3.2,44.4,0.5,1.5,34.5,0.5,0.8,56.3,0.2,0.5,0.7,0.7,0.6,0.1,0,0.5,5.1,0,0,-2.6,2018-2019,0.243902439,0
Hamidou Diallo,OKC,20,51,29,22,10.3,3.7,1.5,3.2,45.5,0.1,0.5,16.7,0.7,1.2,61,0.7,1.2,1.9,0.3,0.5,0.4,0.2,1.5,7.9,0,0,-1.5,2018-2019,0.62195122,0
Gary Trent Jr.,POR,20,15,14,1,7.4,2.7,1.1,3.3,32,0.3,1.4,23.8,0.2,0.5,42.9,0.1,0.7,0.7,0.3,0.3,0.1,0.1,0.3,4.4,0,0,-0.5,2018-2019,0.182926829,0
Lonnie Walker IV,SAS,20,17,12,5,6.9,2.6,0.9,2.7,34.8,0.3,0.8,38.5,0.5,0.6,80,0,1,1,0.5,0.2,0.4,0.2,0.4,6.2,0,0,-3.2,2018-2019,0.207317073,0
Dzanan Musa,BKN,20,9,4,5,4.4,2.1,1,2.4,40.9,0.1,1.1,10,0,0.2,0,0.1,0.4,0.6,0.2,0.4,0.2,0,0.1,3.3,0,0,1.1,2018-2019,0.109756098,0
Trevon Duval,HOU,20,3,2,1,1.9,1.7,0.7,1,66.7,0.3,0.3,100,0,0,0,0,0.3,0.3,0.7,0,0,0,0,3.1,0,0,0.7,2018-2019,0.036585366,0
Jarred Vanderbilt,DEN,20,17,10,7,4.1,1.4,0.5,1.1,47.4,0,0.1,0,0.4,0.6,60,0.4,0.9,1.4,0.2,0.5,0.4,0.1,0.5,4.1,0,0,0.6,2018-2019,0.207317073,0
Ja Morant,MEM,20,67,33,34,31,17.8,6.7,14,47.7,0.9,2.7,33.5,3.6,4.6,77.6,0.8,3.1,3.9,7.3,3.3,0.9,0.3,1.6,33.5,15,2,-0.3,2019-2020,0.957142857,1
RJ Barrett,NYK,20,56,17,39,30.4,14.3,5.2,13,40.2,1.1,3.5,32,2.8,4.5,61.4,0.9,4.1,5,2.6,2.2,1,0.3,2.2,25.8,2,0,-5.8,2019-2020,0.848484848,0
Tyler Herro,MIA,20,55,34,21,27.4,13.5,4.9,11.5,42.8,2.1,5.4,38.9,1.6,1.8,87,0.3,3.8,4.1,2.2,1.6,0.6,0.2,1.4,22.5,1,0,-0.4,2019-2020,0.833333333,0
Coby White,CHI,20,65,22,43,25.8,13.2,4.8,12.2,39.4,2,5.8,35.4,1.6,2,79.1,0.4,3.1,3.5,2.7,1.7,0.8,0.1,1.8,22.4,0,0,-2.5,2019-2020,0.984848485,0
Darius Garland,CLE,20,59,17,42,30.9,12.3,4.7,11.8,40.1,1.8,5,35.5,1.1,1.2,87.5,0.5,1.4,1.9,3.9,2.6,0.7,0.1,1.6,20.2,1,0,-5,2019-2020,0.893939394,0
Cam Reddish,ATL,20,58,17,41,26.7,10.5,3.7,9.6,38.4,1.4,4.3,33.2,1.7,2.2,80.2,0.6,3.1,3.7,1.5,1.7,1.1,0.5,2.3,20.2,0,0,-4.2,2019-2020,0.878787879,0
Kevin Porter Jr.,CLE,20,50,15,35,23.2,10,3.7,8.4,44.2,1.1,3.2,33.5,1.5,2,72.3,0.4,2.8,3.2,2.2,1.9,0.9,0.3,2.7,18.9,0,0,-5.8,2019-2020,0.757575758,0
Keldon Johnson,SAS,20,17,8,9,17.7,9.1,3.1,5.2,59.6,0.8,1.3,59.1,2.1,2.6,79.5,0.6,2.8,3.4,0.9,0.8,0.8,0.1,1.6,16.5,1,0,3.9,2019-2020,0.257575758,0
Naz Reid,MIN,20,30,8,22,16.5,9,3.3,8.1,41.2,1.1,3.2,33,1.2,1.8,69.8,1.1,3,4.1,1.2,0.7,0.6,0.7,2.8,19,2,0,0.2,2019-2020,0.454545455,0
Jaxson Hayes,NOP,20,64,28,36,16.9,7.4,2.7,4,67.2,0,0.1,25,1.9,3,64.7,1.5,2.5,4,0.9,0.8,0.4,0.9,2.5,16.5,3,0,-0.9,2019-2020,0.96969697,0
Bol Bol,DEN,20,7,2,5,12.4,5.7,2,4,50,0.6,1.3,44.4,1.1,1.4,80,0.7,2,2.7,0.9,1.4,0.3,0.9,1.6,12.3,0,0,-3,2019-2020,0.106060606,0
Darius Bazley,OKC,20,61,36,25,18.5,5.6,2,5.2,39.4,0.8,2.3,34.8,0.7,1,69.4,0.5,3.5,4,0.7,0.7,0.4,0.7,0.9,13.9,1,0,-1.3,2019-2020,0.924242424,0
Luka Samanic,SAS,20,3,1,2,16.1,5.3,1.7,5.3,31.3,1,2.7,37.5,1,1.3,75,0.3,3,3.3,2,0.7,0,0.7,2,13.7,0,0,1.7,2019-2020,0.045454545,0
Jaylen Nowell,MIN,20,15,2,13,10.1,3.8,1.3,3.5,35.8,0.2,1.7,11.5,1.1,1.1,94.1,0.2,0.7,0.9,1.3,0.2,0.2,0.1,0.7,7.3,0,0,0.7,2019-2020,0.227272727,0
Nassir Little,POR,20,48,22,26,11.9,3.6,1.4,3.1,43,0.3,1.2,23.7,0.6,0.9,63.6,0.6,1.6,2.3,0.5,0.3,0.3,0.3,1.5,8.3,1,0,-1.1,2019-2020,0.727272727,0
Goga Bitadze,IND,20,54,32,22,8.7,3.2,1.3,2.8,46.7,0.1,0.8,19,0.4,0.6,72.7,0.5,1.5,2,0.4,0.5,0.2,0.7,1.2,8.3,1,0,-0.3,2019-2020,0.818181818,0
Romeo Langford,BOS,20,32,22,10,11.6,2.5,0.9,2.5,35,0.2,0.8,18.5,0.6,0.8,72,0.5,0.8,1.3,0.4,0.3,0.3,0.3,1,5.8,0,0,2.1,2019-2020,0.484848485,0
Jalen Lecque,PHX,20,5,2,3,6.3,2,0.8,2,40,0,0.8,0,0.4,0.4,100,0,0.4,0.4,0.4,0.4,0,0,0.6,2.7,0,0,-4,2019-2020,0.075757576,0
Moses Brown,POR,20,9,4,5,3.6,1.2,0.4,1.1,40,0,0,0,0.3,0.9,37.5,0.3,1.2,1.6,0.1,0.3,0.1,0.1,0.8,3.6,0,0,-3.7,2019-2020,0.136363636,0
James Wiseman,GSW,20,39,18,21,21.4,11.5,4.9,9.4,51.9,0.3,1,31.6,1.4,2.2,62.8,1.4,4.4,5.8,0.7,1.5,0.3,0.9,3.1,21.5,3,0,-4.7,2020-2021,0.541666667,0
Theo Maledon,OKC,20,65,20,45,27.3,10.1,3.5,9.4,36.8,1.6,4.8,33.5,1.6,2.1,74.8,0.4,2.9,3.2,3.5,2.2,0.9,0.2,1.9,20.2,1,0,-9.6,2020-2021,0.902777778,0
Isaac Okoro,CLE,20,67,20,47,32.4,9.6,3.5,8.3,42,0.9,3.2,29,1.7,2.3,72.6,1,2.1,3.1,1.9,1.3,0.9,0.4,2.8,18.8,1,0,-6.1,2020-2021,0.930555556,0
KJ Martin,HOU,20,45,10,35,23.7,9.3,3.6,7.1,50.9,0.8,2.1,36.5,1.3,1.9,71.4,1.6,3.8,5.4,1.1,0.8,0.7,0.9,2,21.3,4,0,-6.3,2020-2021,0.625,0
Jay Scrubb,LAC,20,4,2,2,21,8.8,3.5,9,38.9,0.5,2.3,22.2,1.3,1.3,100,0.5,3,3.5,0.3,1.8,1,0,1.3,14.6,0,0,0.5,2020-2021,0.055555556,0
Tyrese Maxey,PHI,20,61,41,20,15.3,8,3.2,7,46.2,0.5,1.7,30.1,1,1.1,87.1,0.2,1.5,1.7,2,0.7,0.4,0.2,1.3,14.2,0,0,-0.9,2020-2021,0.847222222,0
Isaiah Stewart,DET,20,68,20,48,21.4,7.9,3.3,6,55.3,0.3,0.9,33.3,0.9,1.4,69.6,2.3,4.3,6.7,0.9,1,0.6,1.3,2.7,21.7,8,0,-0.9,2020-2021,0.944444444,0
R.J. Hampton,ORL,20,51,20,31,17.4,6.9,2.7,6.1,43.5,0.5,1.7,31,1.1,1.6,67.1,0.6,2.9,3.5,1.7,1,0.4,0.2,1.2,14.5,3,0,-5.6,2020-2021,0.708333333,0
Jaden McDaniels,MIN,20,63,18,45,24,6.8,2.6,5.8,44.7,1.1,3.1,36.4,0.4,0.7,60,0.8,2.9,3.7,1.1,0.7,0.6,1,2.7,16.7,0,0,-1.6,2020-2021,0.875,0
Kira Lewis Jr.,NOP,20,54,23,31,16.7,6.4,2.4,6.2,38.6,0.7,2.2,33.3,0.8,0.9,84.3,0.2,1.1,1.3,2.3,0.6,0.7,0.2,1.6,13.4,0,0,0.4,2020-2021,0.75,0
Deni Avdija,WAS,20,54,25,29,23.3,6.3,2.4,5.8,41.7,1,3.1,31.5,0.5,0.8,64.4,0.4,4.4,4.9,1.2,0.6,0.6,0.3,2.6,15.9,2,0,-1.5,2020-2021,0.75,0
Devin Vassell,SAS,20,62,30,32,17,5.5,2,4.9,40.6,0.8,2.4,34.7,0.7,0.8,84.3,0.4,2.4,2.8,0.9,0.4,0.7,0.3,1.4,12.8,0,0,-1,2020-2021,0.861111111,0
Onyeka Okongwu,ATL,20,50,31,19,12,4.6,1.9,3,64.4,0,0.1,0,0.7,1.1,63.2,1.2,2,3.3,0.4,0.6,0.5,0.7,2,11.8,2,0,-1.8,2020-2021,0.694444444,0
Nico Mannion,GSW,20,30,17,13,12.1,4.1,1.3,3.8,34.2,0.7,2,36.7,0.8,0.9,82.1,0.2,1.3,1.5,2.3,1,0.5,0,1,10.1,0,0,-2.5,2020-2021,0.416666667,0
Josh Hall,OKC,20,21,2,19,16,4.1,1.4,4.7,30.3,0.2,1.8,10.8,1,2.1,50,0.3,2.5,2.8,1.3,1.2,0.2,0,1.8,9,1,0,-4.8,2020-2021,0.291666667,0
Zeke Nnaji,DEN,20,42,30,12,9.5,3.2,1.2,2.5,48.1,0.6,1.4,40.7,0.3,0.4,80,0.3,1.2,1.5,0.2,0.2,0.2,0.1,0.7,6.1,0,0,-2,2020-2021,0.583333333,0
Jahmi'us Ramsey,SAC,20,13,5,8,7.3,3.1,1.2,2.9,39.5,0.4,1.5,26.3,0.4,0.4,100,0.2,0.6,0.8,0.5,0.2,0.3,0.1,0.6,5.6,0,0,0.2,2020-2021,0.180555556,0
Josh Green,DAL,20,39,20,19,11.4,2.6,1.1,2.4,45.2,0.1,0.6,16,0.3,0.6,56.5,0.7,1.3,2,0.7,0.4,0.4,0.1,0.9,7.1,0,0,0.4,2020-2021,0.541666667,0
Vernon Carey Jr.,CHA,20,19,9,10,6,2.4,0.9,1.9,50,0.1,0.4,14.3,0.5,0.6,81.8,0.3,1.1,1.4,0.1,0.3,0.1,0.3,0.7,5,0,0,-0.6,2020-2021,0.263888889,0
Tyrell Terry,DAL,20,11,2,9,5.1,1,0.5,1.5,31.3,0,0.6,0,0.1,0.3,33.3,0,0.5,0.5,0.5,0.2,0.5,0,0.2,3.7,0,0,0,2020-2021,0.152777778,0
Cade Cunningham,DET,20,64,20,44,32.6,17.4,6.7,16.1,41.6,1.8,5.7,31.4,2.2,2.6,84.5,0.9,4.6,5.5,5.6,3.7,1.2,0.7,3.1,34.4,10,2,-4.3,2021-2022,0.780487805,0
Jalen Green,HOU,20,67,12,55,31.9,17.3,6.1,14.2,42.6,2.3,6.8,34.3,2.8,3.5,79.7,0.5,2.9,3.4,2.6,2,0.7,0.3,1.5,26,0,0,-7.7,2021-2022,0.817073171,0
Scottie Barnes,TOR,20,74,43,31,35.4,15.3,6.2,12.6,49.2,0.8,2.6,30.1,2.1,2.9,73.5,2.6,4.9,7.5,3.5,1.8,1.1,0.7,2.6,33.2,13,0,0.9,2021-2022,0.902439024,1
Franz Wagner,ORL,20,79,21,58,30.7,15.2,5.8,12.3,46.8,1.2,3.4,35.4,2.4,2.8,86.3,1.1,3.4,4.5,2.9,1.5,0.9,0.4,2.1,27.3,2,0,-3.1,2021-2022,0.963414634,0
Cam Thomas,BKN,20,67,32,35,17.6,8.5,3.3,7.5,43.3,0.7,2.6,27,1.3,1.6,82.9,0.2,2.2,2.4,1.2,0.8,0.5,0.1,1,14.2,0,0,-2.1,2021-2022,0.817073171,0
Isaiah Jackson,IND,20,36,9,27,15,8.3,3.2,5.7,56.3,0.1,0.4,31.3,1.7,2.4,68.2,1.7,2.5,4.1,0.3,1.1,0.7,1.4,2.6,18.9,3,0,-1.1,2021-2022,0.43902439,0
Ziaire Williams,MEM,20,62,41,21,21.7,8.1,3.1,6.8,45,1.2,3.9,31.4,0.7,0.9,78.2,0.4,1.7,2.1,1,0.7,0.6,0.2,1.8,13.8,0,0,2,2021-2022,0.756097561,0
Josh Christopher,HOU,20,74,18,56,18,7.9,3,6.8,44.8,0.8,2.6,29.6,1.1,1.5,73.5,0.7,1.8,2.5,2,1.5,0.9,0.2,1.3,15.6,0,0,-3.7,2021-2022,0.902439024,0
Keon Johnson,POR,20,37,8,29,18.8,7.2,2.6,7.4,35.3,0.9,2.7,34,1.1,1.4,80.4,0.6,1.5,2.2,2.1,1.2,0.8,0.3,1.9,14.9,0,0,-7.8,2021-2022,0.451219512,0
Brandon Boston,LAC,20,51,26,25,14.9,6.7,2.5,6.4,38.5,0.7,2.2,30.6,1.2,1.4,81.9,0.3,1.8,2.2,1,0.6,0.5,0.3,0.8,12.5,0,0,-0.7,2021-2022,0.62195122,0
Day'Ron Sharpe,BKN,20,32,12,20,12.2,6.2,2.7,4.7,57.7,0.1,0.2,28.6,0.8,1.3,58.5,2.5,2.5,5,0.5,0.9,0.3,0.5,1.9,14.4,2,0,1.8,2021-2022,0.390243902,0
Greg Brown III,POR,20,48,14,34,13.3,4.7,1.7,4,42.6,0.4,1.3,31.1,0.9,1.4,67.7,0.8,2,2.8,0.7,0.8,0.5,0.5,1.9,11.5,0,0,-5,2021-2022,0.585365854,0
Moses Moody,GSW,20,52,35,17,11.7,4.4,1.5,3.5,43.7,0.8,2.1,36.4,0.5,0.7,77.8,0.3,1.2,1.5,0.4,0.3,0.1,0.2,0.8,7.6,0,0,-0.8,2021-2022,0.634146341,0
Daishen Nix,HOU,20,24,3,21,10.9,3.2,1.1,2.8,40.3,0.3,1.1,26.9,0.7,1.3,53.3,0.3,1.1,1.4,1.7,1.1,0.6,0,0.9,8.2,0,0,-1.9,2021-2022,0.292682927,0
Jalen Johnson,ATL,20,22,14,8,5.5,2.4,1,1.9,53.7,0.1,0.6,23.1,0.2,0.3,71.4,0.1,1.1,1.2,0.1,0.4,0.1,0.1,0.4,4.3,0,0,-0.9,2021-2022,0.268292683,0
Usman Garuba,HOU,20,24,2,22,10,2,0.8,1.8,43.2,0.2,0.8,25,0.2,0.3,71.4,0.9,2.6,3.5,0.7,0.3,0.4,0.5,1.2,9.6,0,0,1.4,2021-2022,0.292682927,0
Isaiah Todd,WAS,20,12,1,11,6.2,1.7,0.6,2.2,26.9,0.3,1.3,25,0.2,0.5,33.3,0.3,0.8,1,0.3,0.3,0.3,0.2,0.3,4.5,0,0,-2,2021-2022,0.146341463,0
Paolo Banchero,ORL,20,72,31,41,33.7,20,6.7,15.6,42.7,1.2,4,29.8,5.5,7.4,73.8,1.2,5.7,6.9,3.7,2.8,0.8,0.5,2.2,35.2,14,0,-3,2022-2023,0.87804878,1
Jabari Smith Jr.,HOU,20,79,21,58,31,12.8,4.6,11.3,40.8,1.5,4.9,30.7,2.1,2.6,78.6,1.5,5.7,7.2,1.3,1.3,0.5,0.9,2.9,26.5,16,0,-7,2022-2023,0.963414634,0
Jeremy Sochan,SAS,20,56,15,41,26,11,4.5,9.9,45.3,0.6,2.4,24.6,1.4,2.1,69.8,1.7,3.6,5.3,2.5,1.7,0.8,0.4,2.5,22.9,2,0,-4.2,2022-2023,0.682926829,0
Malaki Branham,SAS,20,66,15,51,23.5,10.2,4.1,9.3,44,1.2,3.9,30.2,0.9,1.1,82.9,0.4,2.3,2.7,1.9,1.2,0.5,0.1,1.7,17,0,0,-5.5,2022-2023,0.804878049,0
Shaedon Sharpe,POR,20,80,32,48,22.2,9.9,3.8,8.1,47.2,1.3,3.5,36,0.9,1.3,71.4,0.8,2.2,3,1.2,1,0.5,0.3,1.7,16.5,0,0,-3.7,2022-2023,0.975609756,0
Jaden Hardy,DAL,20,48,20,28,14.8,8.8,3,6.9,43.8,1.3,3.3,40.4,1.4,1.6,82.3,0.2,1.6,1.9,1.4,1,0.4,0.1,1.3,13.5,0,0,-0.7,2022-2023,0.585365854,0
Nikola Jovi?,MIA,20,15,7,8,13.6,5.5,1.9,4.6,40.6,0.5,2.3,22.9,1.2,1.3,94.7,0.6,1.5,2.1,0.7,0.7,0.5,0.1,1.3,10.1,0,0,-1.1,2022-2023,0.182926829,0
Bryce McGowens,CHA,20,46,16,30,17.1,5.3,1.7,4.4,39.6,0.6,1.7,32.5,1.3,1.7,75,0.4,1.6,2,1.2,0.9,0.3,0.1,1,10,0,0,-3.3,2022-2023,0.56097561,0
Kenneth Lofton Jr.,MEM,20,24,15,9,7.3,5,2,3.9,52.7,0.3,0.7,35.3,0.7,1.1,59.3,0.8,1.3,2.1,0.8,0.5,0.2,0.1,1.2,9.2,1,0,-2,2022-2023,0.292682927,0
Blake Wesley,SAS,20,37,9,28,18.1,5,1.9,5.8,32.1,0.5,1.4,38.5,0.7,1.2,59.1,0.3,1.9,2.2,2.6,1.8,0.7,0.1,1.8,12.3,0,0,-5.4,2022-2023,0.451219512,0
Ousmane Dieng,OKC,20,39,20,19,14.6,4.9,1.9,4.6,42,0.7,2.5,26.5,0.4,0.6,65.2,0.5,2.2,2.7,1.2,0.7,0.4,0.2,1.1,10.9,0,0,1,2022-2023,0.475609756,0
Patrick Baldwin Jr.,GSW,20,31,15,16,7.3,3.9,1.4,3.5,39.4,1,2.7,38.1,0.1,0.2,66.7,0,1.3,1.3,0.4,0.4,0.2,0.1,0.5,6.6,0,0,-1.6,2022-2023,0.37804878,0
Dominick Barlow,SAS,20,28,5,23,14.6,3.9,1.6,3.1,53.5,0,0.1,0,0.6,0.9,72,1.6,2,3.6,0.9,0.5,0.4,0.7,2,12.2,2,0,-3.9,2022-2023,0.341463415,0
Jabari Walker,POR,20,56,21,35,11.1,3.9,1.5,3.5,41.9,0.3,1,28.6,0.6,0.8,75.6,0.9,1.5,2.3,0.6,0.5,0.2,0.2,1.2,8.3,0,0,-2.1,2022-2023,0.682926829,0
Dyson Daniels,NOP,20,59,33,26,17.7,3.8,1.5,3.5,41.8,0.5,1.5,31.4,0.4,0.7,65,0.6,2.6,3.2,2.3,1,0.7,0.2,1.7,12.9,0,0,-0.1,2022-2023,0.719512195,0
Caleb Houstan,ORL,20,51,20,31,15.9,3.8,1.3,3.6,36.3,0.9,2.7,33.8,0.3,0.4,83.3,0.7,1.3,1.9,0.6,0.4,0.2,0.1,1.2,7.8,0,0,-1.6,2022-2023,0.62195122,0
Peyton Watson,DEN,20,23,13,10,8.1,3.3,1.3,2.6,49.2,0.3,0.6,42.9,0.5,0.9,55,0.3,1.3,1.6,0.5,0.3,0.1,0.5,0.6,7.3,0,0,-2,2022-2023,0.280487805,0
Max Christie,LAL,20,41,19,22,12.5,3.1,1.1,2.6,41.5,0.6,1.5,41.9,0.3,0.4,87.5,0.2,1.7,1.8,0.5,0.3,0.2,0.2,0.8,6.9,0,0,-1.9,2022-2023,0.5,0
Josh Minott,MIN,20,15,7,8,6.4,3.1,1.2,2.4,50,0.1,0.4,33.3,0.5,0.5,100,0.3,1.3,1.7,0.3,0.2,0.3,0.4,0.7,7.4,1,0,1.6,2022-2023,0.182926829,0
John Butler Jr.,POR,20,19,4,15,11.6,2.4,0.9,2.8,32.1,0.4,1.8,22.9,0.2,0.2,75,0.2,0.7,0.9,0.6,0.1,0.4,0.5,1.2,6.8,0,0,-3.7,2022-2023,0.231707317,0
Dalen Terry,CHI,20,38,19,19,5.6,2.2,0.8,1.9,44.4,0.2,0.7,25.9,0.4,0.6,66.7,0.3,0.7,1,0.6,0.2,0.3,0.1,0.6,5.3,0,0,0.3,2022-2023,0.463414634,0
Kennedy Chandler,MEM,20,36,22,14,7.8,2.2,1,2.3,42.2,0.1,0.4,13.3,0.2,0.4,46.2,0.3,0.8,1.1,1.6,0.5,0.3,0.1,0.4,6.8,0,0,-1.1,2022-2023,0.43902439,0
Ryan Rollins,GSW,20,12,5,7,5.2,1.9,0.6,1.7,35,0.3,0.8,33.3,0.5,0.5,100,0.3,0.8,1,0.5,1.3,0.1,0.1,0.8,3,0,0,-3.9,2022-2023,0.146341463,0
JD Davison,BOS,20,12,11,1,5.5,1.6,0.7,1.6,42.1,0.2,0.6,28.6,0.1,0.2,50,0.2,0.6,0.8,0.9,0.3,0.2,0.2,0.4,4.5,0,0,-0.5,2022-2023,0.146341463,0
Kendall Brown,IND,20,6,1,5,6.7,1.5,0.7,1.2,57.1,0,0.2,0,0.2,0.3,50,0.3,0.7,1,0.5,0.3,0.7,0,1.5,5.1,0,0,0.7,2022-2023,0.073170732,0
Michael Foster Jr.,PHI,20,1,1,0,1,0,0,0,0,0,0,0,0,0,0,0,0,0,0,0,0,0,0,0,0,0,-2,2022-2023,0.012195122,0
Victor Wembanyama,SAS,20,71,19,52,29.7,21.4,7.8,16.7,46.5,1.8,5.5,32.5,4.1,5.2,79.6,2.3,8.4,10.6,3.9,3.7,1.2,3.6,2.2,50.8,43,2,-2,2023-2024,0.865853659,1
Scoot Henderson,POR,20,62,18,44,28.5,14,5,12.9,38.5,1.4,4.3,32.5,2.7,3.3,81.9,0.9,2.3,3.1,5.4,3.4,0.8,0.2,3.1,25.4,8,0,-8,2023-2024,0.756097561,0
Keyonte George,UTA,20,75,27,48,27,13,4.3,10.9,39.1,2,5.9,33.4,2.5,3,84.8,0.2,2.6,2.8,4.4,2.5,0.5,0.1,1.2,22.2,1,0,-5,2023-2024,0.914634146,0
Dereck Lively II,DAL,20,55,35,20,23.5,8.8,4,5.4,74.7,0,0,0,0.7,1.5,50.6,2.5,4.4,6.9,1.1,0.9,0.7,1.4,2.6,23.9,8,0,2.6,2023-2024,0.670731707,0
Gradey Dick,TOR,20,60,18,42,21.1,8.5,3.2,7.4,42.5,1.5,4,36.5,0.7,0.9,86.3,0.5,1.8,2.2,1.1,0.8,0.6,0,1.5,13.8,0,0,-6.3,2023-2024,0.731707317,0
Brice Sensabaugh,UTA,20,32,8,24,18.3,7.5,2.7,6.8,39,1.1,3.6,29.6,1.2,1.3,90.2,0.5,2.7,3.2,1.7,1.5,0.4,0.2,1.3,14.2,1,0,-5.4,2023-2024,0.390243902,0
Taylor Hendricks,UTA,20,40,13,27,21.4,7.3,2.7,6,45,1.3,3.5,37.9,0.6,0.7,79.3,1.2,3.5,4.6,0.8,0.7,0.7,0.8,1.9,17.7,1,0,-3.8,2023-2024,0.487804878,0
Cason Wallace,OKC,20,82,57,25,20.6,6.8,2.6,5.4,49.1,1.2,2.9,41.9,0.4,0.5,78.4,0.6,1.6,2.3,1.5,0.5,0.9,0.5,1.6,15.4,0,0,1.5,2023-2024,1,0
Nick Smith Jr.,CHA,20,51,9,42,14.3,5.9,2.2,5.7,39.1,1.2,2.9,43.2,0.3,0.3,86.7,0.4,1.1,1.4,1.2,0.8,0.2,0.1,1.1,9.6,0,0,-3.8,2023-2024,0.62195122,0
Kobe Bufkin,ATL,20,17,8,9,11.5,4.8,2,5.4,37,0.5,2.4,22.5,0.2,0.5,50,0.4,1.6,1.9,1.6,0.6,0.4,0.3,1.2,11,0,0,-2.1,2023-2024,0.207317073,0
Anthony Black,ORL,20,69,39,30,16.9,4.6,1.7,3.6,46.6,0.5,1.4,39.4,0.7,1.2,61.3,0.5,1.5,2,1.3,0.8,0.5,0.3,1.6,10.6,0,0,-0.5,2023-2024,0.841463415,0
Rayan Rupert,POR,20,39,7,32,16.2,4,1.4,4.1,33.5,0.7,2,35.9,0.5,0.6,76,0.6,1.7,2.4,1.6,0.8,0.3,0.1,1.4,9.5,0,0,-3.2,2023-2024,0.475609756,0
Sidy Cissoko,SAS,20,12,5,7,11.7,3.8,1.3,2.8,48.5,0.1,1,8.3,1,1.3,80,0.7,1.2,1.8,0.8,0.3,0.6,0.3,1.5,9.5,0,0,2.1,2023-2024,0.146341463,0
Jarace Walker,IND,20,33,18,15,10.3,3.6,1.4,3.3,40.9,0.7,1.7,40,0.2,0.3,88.9,0.4,1.5,1.9,1.2,0.5,0.5,0.3,0.9,9.6,0,0,0.6,2023-2024,0.402439024,0
Emoni Bates,CLE,20,15,8,7,8.9,2.7,1,3.3,30.6,0.7,2.2,30.3,0.1,0.3,25,0.1,0.9,0.9,0.7,0.5,0.1,0.1,0.3,4.9,0,0,-5.6,2023-2024,0.182926829,0
Amari Bailey,CHA,20,10,1,9,6.5,2.3,0.8,2.4,33.3,0.1,0.8,12.5,0.6,0.7,85.7,0.6,0.3,0.9,0.7,0.4,0.3,0,0.2,4.9,0,0,0.5,2023-2024,0.12195122,0
Julian Phillips,CHI,20,40,20,20,8.1,2.2,0.8,1.9,41.6,0.3,1,31.6,0.3,0.5,68.4,0.3,0.6,0.9,0.3,0.3,0.2,0.2,1,4.6,0,0,-0.1,2023-2024,0.487804878,0
Leonard Miller,MIN,20,17,13,4,3.1,1.7,0.8,1.2,65,0.1,0.3,40,0.1,0.1,50,0.3,0.9,1.2,0.5,0.1,0.1,0.1,0.3,4.3,0,0,0.5,2023-2024,0.207317073,0
Jordan Walsh,BOS,20,9,9,0,9.3,1.7,0.7,1.7,40,0.2,1,22.2,0.1,0.2,50,0.6,1.7,2.2,0.6,0.3,0.6,0.1,1.2,6.8,0,0,5.2,2023-2024,0.109756098,0
Jett Howard,ORL,20,18,9,9,3.7,1.6,0.6,1.7,33.3,0.4,1.4,28,0.1,0.2,50,0.1,0.3,0.4,0.3,0.2,0.1,0.1,0.2,3.1,0,0,0.2,2023-2024,0.219512195,0
Chris Livingston,MIL,20,21,13,8,4.3,1.2,0.5,1,50,0,0.2,20,0.1,0.2,75,0.1,0.9,1,0.2,0.2,0.1,0,0.7,2.8,0,0,-1.3,2023-2024,0.256097561,0
Stephon Castle,SAS,20,81,33,48,26.7,14.7,5.2,12.2,42.8,1.2,4.1,28.5,3.1,4.2,72.4,1.1,2.6,3.7,4.1,2.2,0.9,0.3,2,26.6,6,0,-3,2024-2025,0.987804878,1
Alex Sarr,WAS,20,67,13,54,27.1,13,4.9,12.4,39.4,1.6,5.1,30.8,1.7,2.5,67.9,1.9,4.6,6.5,2.4,1.7,0.7,1.5,2.2,29.2,10,0,-8.1,2024-2025,0.817073171,0
Zaccharie Risacher,ATL,20,75,38,37,24.6,12.6,4.8,10.4,45.8,1.6,4.6,35.5,1.4,2,71.1,1.1,2.4,3.6,1.2,1.2,0.7,0.5,2,21,1,0,-1.6,2024-2025,0.914634146,0
Isaiah Collier,UTA,20,71,14,57,25.9,8.7,3.3,7.8,42.2,0.6,2.4,24.9,1.5,2.2,68.2,0.5,2.9,3.3,6.3,2.9,0.9,0.2,2.1,22.6,11,0,-5.7,2024-2025,0.865853659,0
Ja'Kobe Walter,TOR,20,52,19,33,21.2,8.6,3.1,7.6,40.5,1.3,3.6,34.9,1.3,1.6,79.5,1.1,1.9,3.1,1.6,1,0.8,0.2,1.8,16.8,1,0,-1.6,2024-2025,0.634146341,0
Matas Buzelis,CHI,20,80,39,41,18.9,8.6,3.2,6.9,45.4,1.2,3.3,36.1,1.1,1.4,81.5,0.7,2.8,3.5,1,0.9,0.4,0.9,1.6,17.2,1,0,-0.4,2024-2025,0.975609756,0
AJ Johnson,WAS,20,29,8,21,22,7.6,2.8,7.3,38.5,0.8,3.1,26.7,1.1,1.3,86.5,0.3,1.8,2,2.6,1.2,0.4,0.1,1.7,14.3,0,0,-5.2,2024-2025,0.353658537,0
Cody Williams,UTA,20,50,9,41,21.2,4.6,1.7,5.1,32.3,0.7,2.7,25.9,0.6,0.8,72.5,0.5,1.7,2.3,1.2,0.9,0.5,0.3,1.9,10.5,0,0,-6.8,2024-2025,0.609756098,0
Rob Dillingham,MIN,20,49,30,19,10.5,4.5,1.9,4.3,44.1,0.5,1.5,33.8,0.2,0.3,53.3,0.2,0.8,1,2,1.1,0.4,0,0.8,8.9,0,0,0.4,2024-2025,0.597560976,0
Tyler Smith,MIL,20,23,12,11,5.3,2.9,1,2.2,48,0.6,1.3,43.3,0.3,0.3,75,0.3,0.8,1.1,0.2,0.3,0.1,0.2,0.5,5,0,0,0.3,2024-2025,0.280487805,0
Bronny James,LAL,20,27,17,10,6.7,2.3,0.8,2.5,31.3,0.3,1.2,28.1,0.4,0.5,78.6,0.1,0.5,0.7,0.8,0.5,0.3,0.1,0.5,5.2,0,0,-2.6,2024-2025,0.329268293,0
Johnny Furphy,IND,20,50,31,19,7.6,2.1,0.7,1.8,38,0.3,1,30,0.4,0.4,81.8,0.5,1,1.4,0.4,0.2,0.4,0.2,0.8,5.8,0,0,0.4,2024-2025,0.609756098,0
Trentyn Flowers,LAC,20,6,4,2,4.4,1.8,0.7,1.8,36.4,0,0.3,0,0.5,0.5,100,0.2,0.5,0.7,0,0.2,0,0,0.7,2.5,0,0,-1,2024-2025,0.073170732,0
Jonny Flynn,MIN,21,81,15,66,28.9,13.5,4.9,11.8,41.7,1,2.7,35.8,2.8,3.3,82.6,0.3,2.1,2.4,4.4,2.9,1,0,1.2,23.2,0,0,-7.7,2009-2010,0.987804878,0
DeJuan Blair,SAS,21,82,50,32,18.2,7.8,3.4,6,55.6,0,0,0,1.1,2,54.7,2.4,4,6.4,0.8,1.4,0.6,0.5,2.7,18.6,8,0,1.2,2009-2010,1,0
Patty Mills,POR,21,10,5,5,3.8,2.6,1,2.4,41.7,0.2,0.4,50,0.4,0.7,57.1,0.1,0.1,0.2,0.5,0.4,0,0,0.6,3.2,0,0,-1.5,2009-2010,0.12195122,0
Byron Mullens,OKC,21,13,10,3,4.2,1.1,0.5,1.5,36.8,0,0,0,0,0,0,0.2,0.5,0.8,0.1,0.3,0.2,0,1,2.3,0,0,-2.5,2009-2010,0.158536585,0
Greg Monroe,DET,21,80,30,50,27.8,9.4,3.8,6.9,55.1,0,0,0,1.8,2.9,62.2,3.1,4.4,7.5,1.3,1,1.2,0.6,2.5,24.5,21,0,-1.7,2010-2011,0.975609756,0
Paul George,IND,21,61,29,32,20.7,7.8,2.9,6.5,45.3,0.7,2.3,29.7,1.3,1.7,76.2,0.6,3.1,3.7,1.1,1.1,1,0.4,2.1,17,0,0,-0.1,2010-2011,0.743902439,0
Eric Bledsoe,LAC,21,81,32,49,22.7,6.7,2.5,6,42.4,0.4,1.4,27.6,1.2,1.6,74.4,0.8,1.9,2.8,3.6,2.4,1.1,0.3,1.6,17.3,1,0,-2.7,2010-2011,0.987804878,0
Manny Harris,CLE,21,54,7,47,17.3,5.9,2,5.4,37.4,0.6,1.7,37,1.3,1.7,76.3,0.7,1.9,2.6,1.6,1.2,0.6,0.1,1.2,12.4,1,0,-4.4,2010-2011,0.658536585,0
Gordon Hayward,UTA,21,72,33,39,16.9,5.4,2,4.1,48.5,0.5,1,47.3,1,1.3,71.1,0.6,1.4,1.9,1.1,1,0.4,0.3,1.5,10.5,0,0,-2.7,2010-2011,0.87804878,0
Devin Ebanks,LAL,21,20,15,5,5.9,3.1,1.1,2.6,41.2,0.1,0.3,40,0.9,1.2,78.3,0.8,0.6,1.4,0.1,0.3,0.2,0.3,0.4,5.9,0,0,-2.1,2010-2011,0.243902439,0
Kevin Seraphin,WAS,21,58,15,43,10.9,2.7,1.1,2.5,44.9,0,0,0,0.4,0.5,71,1.4,1.2,2.6,0.2,0.7,0.3,0.5,2.2,7.7,0,0,-3.4,2010-2011,0.707317073,0
Willie Warren,LAC,21,19,5,14,7,1.9,0.7,1.8,37.1,0.3,0.8,33.3,0.3,0.4,75,0.1,0.6,0.6,1.4,0.4,0.3,0,0.8,5.4,0,0,1.3,2010-2011,0.231707317,0
Ricky Rubio,MIN,21,41,21,20,34.2,10.6,3.4,9.5,35.7,0.8,2.3,34,3.1,3.8,80.3,0.5,3.7,4.2,8.2,3.2,2.2,0.2,2.4,32,12,0,1.2,2011-2012,0.621212121,0
Derrick Williams,MIN,21,66,26,40,21.5,8.8,3.1,7.5,41.2,0.6,2.1,26.8,2.1,3,69.7,1.2,3.5,4.7,0.6,1.2,0.5,0.5,1.4,17,2,0,-1.6,2011-2012,1,0
Tristan Thompson,CLE,21,60,18,42,23.7,8.2,3.2,7.4,43.9,0,0,0,1.8,3.2,55.2,3.1,3.4,6.5,0.5,1.4,0.5,1,2.2,19.8,9,0,-5.2,2011-2012,0.909090909,0
Kawhi Leonard,SAS,21,64,49,15,24,7.9,3.1,6.3,49.3,0.6,1.7,37.6,1.1,1.4,77.3,1.6,3.5,5.1,1.1,0.7,1.3,0.4,1.4,20.1,4,0,2,2011-2012,0.96969697,0
Nikola Vu?evi?,PHI,21,51,26,25,15.9,5.5,2.6,5.7,45,0.1,0.2,37.5,0.4,0.7,52.9,1.7,3.1,4.8,0.6,0.6,0.4,0.7,2.2,14.8,2,0,0.5,2011-2012,0.772727273,0
Jeremy Tyler,GSW,21,42,14,28,13.5,4.9,2.1,5,42.1,0,0,0,0.7,1.2,55.8,1.3,2,3.3,0.4,0.9,0.4,0.5,2,11.2,1,0,-2.8,2011-2012,0.636363636,0
Jordan Williams,NJN,21,43,10,33,14.8,4.6,1.8,3.5,50.7,0,0,0,1,1.5,65.2,1.5,2.1,3.6,0.3,0.5,0.5,0.3,1.4,11.3,2,0,0.4,2011-2012,0.651515152,0
Jordan Hamilton,DEN,21,26,14,12,9.9,4.4,1.8,4.3,43.2,0.7,1.8,36.2,0.1,0.2,40,0.4,2,2.4,0.8,0.6,0.2,0.1,0.6,8.6,0,0,1.3,2011-2012,0.393939394,0
Daniel Orton,ORL,21,16,8,8,11.7,2.8,1.1,1.9,56.7,0,0.1,0,0.7,1.6,44,1.2,1.3,2.4,0.3,0.4,0.5,0.6,1.9,9,0,0,-2.7,2011-2012,0.242424242,0
Darius Morris,LAL,21,19,7,12,8.9,2.4,0.9,2.2,42.9,0.2,0.5,44.4,0.3,0.5,66.7,0.1,0.7,0.8,1.1,1,0.1,0,0.8,4.4,0,0,-2.8,2011-2012,0.287878788,0
Josh Selby,MEM,21,28,18,10,8.5,2.3,0.9,2.6,34.7,0.1,0.5,13.3,0.4,0.5,78.6,0.1,0.5,0.5,1.1,1,0.3,0,0.6,4.2,0,0,-1.4,2011-2012,0.424242424,0
Greg Smith,HOU,21,8,5,3,8.6,1.8,0.9,1.4,63.6,0,0,0,0,0,0,0.6,1.9,2.5,0.1,0.1,0.3,0.6,2.1,7.4,0,0,-0.5,2011-2012,0.121212121,0
Tyler Honeycutt,SAC,21,15,5,10,5.9,1.3,0.5,1.6,33.3,0.1,0.2,33.3,0.2,0.3,60,0.2,0.7,0.9,0.5,0.1,0.3,0.2,0.2,4.4,0,0,-0.5,2011-2012,0.227272727,0
Dion Waiters,CLE,21,61,20,41,28.8,14.7,5.5,13.4,41.2,1,3.3,31,2.6,3.5,74.6,0.4,2.1,2.4,3,2,1,0.3,1.9,23.8,0,0,-2.5,2012-2013,0.743902439,0
Harrison Barnes,GSW,21,81,46,35,25.4,9.2,3.4,7.8,43.9,0.6,1.8,35.9,1.8,2.3,75.8,0.7,3.5,4.1,1.2,1.2,0.6,0.2,1.7,17.2,4,0,0.6,2012-2013,0.987804878,0
Jonas Valan?i?nas,TOR,21,62,25,37,23.9,8.9,3.3,5.9,55.7,0,0,0,2.4,3,78.9,2,4,6,0.7,1.5,0.3,1.3,3,20.3,8,0,-2,2012-2013,0.756097561,0
Khris Middleton,DET,21,27,9,18,17.6,6.1,2.3,5.2,44,0.5,1.7,31.1,1,1.2,84.4,0.1,1.7,1.9,1,0.4,0.6,0.1,2,11.6,0,0,1,2012-2013,0.329268293,0
Jared Sullinger,BOS,21,45,22,23,19.8,6,2.5,5,49.3,0,0.1,20,1,1.4,74.6,2,3.8,5.9,0.8,0.6,0.5,0.5,3.4,16.5,4,0,0.9,2012-2013,0.548780488,0
Terrence Jones,HOU,21,19,9,10,14.5,5.5,2.3,4.9,45.7,0.3,1,26.3,0.7,0.9,76.5,1.5,1.9,3.4,0.8,0.7,0.6,1,1.1,15,1,0,-0.2,2012-2013,0.231707317,0
Meyers Leonard,POR,21,69,28,41,17.5,5.5,2.2,4,54.5,0,0.1,42.9,1,1.3,80.9,1.2,2.5,3.7,0.5,0.7,0.2,0.6,2.4,12,1,0,-2.2,2012-2013,0.841463415,0
Doron Lamb,ORL,21,47,16,31,12.3,3.3,1.3,3.5,36.8,0.3,0.8,37.8,0.4,0.7,58.8,0.2,0.8,1,0.7,0.6,0.3,0,1.1,5.7,0,0,-1.8,2012-2013,0.573170732,0
Jeremy Lamb,OKC,21,23,20,3,6.4,3.1,1,3,35.3,0.4,1.3,30,0.6,0.6,100,0.2,0.6,0.8,0.2,0.3,0.1,0.1,0.6,4.6,0,0,-2,2012-2013,0.280487805,0
Kendall Marshall,PHX,21,48,12,36,14.6,3,1.2,3.1,37.1,0.5,1.5,31.5,0.2,0.3,57.1,0.1,0.8,0.9,3,1.2,0.5,0.1,1,8.9,0,0,-3.9,2012-2013,0.585365854,0
Perry Jones III,OKC,21,38,30,8,7.4,2.3,1,2.6,39.4,0,0.1,0,0.3,0.4,66.7,0.3,1.3,1.6,0.3,0.4,0.1,0.2,0.6,5.1,0,0,0,2012-2013,0.463414634,0
Tornike Shengelia,BKN,21,19,11,8,4.9,1.6,0.5,1.2,43.5,0.1,0.1,50,0.5,0.8,56.3,0.5,0.7,1.2,0.2,0.6,0.2,0.1,0.6,3.3,1,0,0.5,2012-2013,0.231707317,0
Trey Burke,UTA,21,70,24,46,32.3,12.8,4.9,12.8,38,1.6,4.8,33,1.5,1.6,90.3,0.5,2.4,3,5.7,1.9,0.6,0.1,2.1,25,8,0,-3.7,2013-2014,0.853658537,0
Ben McLemore,SAC,21,82,28,54,26.7,8.8,3.1,8.3,37.6,1.2,3.6,32,1.4,1.7,80.4,0.6,2.2,2.9,1,1.2,0.5,0.2,2.5,14.9,0,0,-2.5,2013-2014,1,0
Cody Zeller,CHA,21,82,43,39,17.3,6,2.1,4.9,42.6,0,0,0,1.8,2.4,73,1.4,2.9,4.3,1.1,1.1,0.5,0.5,2.1,14.7,1,0,-1,2013-2014,1,0
Kentavious Caldwell-Pope,DET,21,80,28,52,19.8,5.9,2.3,5.8,39.6,0.7,2.3,31.9,0.6,0.8,77,0.5,1.5,2,0.7,0.4,0.9,0.2,1.8,12.2,0,0,-0.8,2013-2014,0.975609756,0
Anthony Bennett,CLE,21,52,20,32,12.7,4.2,1.5,4.3,35.6,0.3,1,24.5,0.8,1.3,63.8,0.9,2,3,0.3,0.9,0.4,0.2,1.8,9,2,0,-1.6,2013-2014,0.634146341,0
Shabazz Muhammad,MIN,21,37,21,16,7.8,3.9,1.5,3.4,46,0.1,0.3,27.3,0.7,1.1,65,0.6,0.8,1.4,0.2,0.4,0.2,0,0.6,6.1,0,0,-2,2013-2014,0.451219512,0
Shane Larkin,DAL,21,48,26,22,10.2,2.8,1.1,2.9,38,0.3,0.8,31.6,0.3,0.5,64,0.2,0.6,0.9,1.5,0.8,0.5,0,1,6.9,0,0,1.3,2013-2014,0.585365854,0
Adonis Thomas,PHI,21,6,2,4,6.3,2.3,1,2.3,42.9,0.2,0.8,20,0.2,0.2,100,0,0.5,0.5,0.5,0.2,0,0,1,3.5,0,0,1.3,2013-2014,0.073170732,0
Otto Porter Jr.,WAS,21,37,20,17,8.6,2.1,0.9,2.5,36.3,0.1,0.6,19,0.2,0.3,66.7,0.6,1,1.5,0.3,0.4,0.2,0,0.7,4.7,0,0,-0.2,2013-2014,0.451219512,0
Alex Len,PHX,21,42,24,18,8.6,2,0.8,1.9,42.3,0,0,0,0.5,0.7,64.5,0.9,1.4,2.4,0.1,0.6,0.1,0.4,1.6,6,0,0,-1.3,2013-2014,0.512195122,0
Ricky Ledo,DAL,21,11,5,6,3,1.7,0.5,1.5,35.3,0.3,0.7,37.5,0.4,0.4,100,0,0.2,0.2,0.2,0.2,0.1,0,0.2,2.3,0,0,0.8,2013-2014,0.134146341,0
Vander Blue,BOS,21,3,1,2,4.9,1.7,0.7,1.3,50,0,0.3,0,0.3,1.7,20,0,1,1,0.3,0.7,0,0,0.3,2.7,0,0,2,2013-2014,0.036585366,0
Nerlens Noel,PHI,21,75,18,57,30.8,9.9,4,8.7,46.2,0,0,0,1.9,3.1,60.9,2.5,5.7,8.1,1.7,1.9,1.8,1.9,2.8,31.3,18,0,-5.8,2014-2015,0.914634146,0
Elfrid Payton,ORL,21,82,25,57,30.3,8.9,3.7,8.6,42.5,0.1,0.5,26.2,1.4,2.6,55.1,1.3,3,4.3,6.5,2.5,1.7,0.2,2.4,27.2,12,2,-2.5,2014-2015,1,0
Marcus Smart,BOS,21,67,35,32,27,7.8,2.6,7.1,36.7,1.4,4.1,33.5,1.2,1.9,64.6,0.9,2.4,3.3,3.1,1.3,1.5,0.3,2.6,20.3,0,0,0.8,2014-2015,0.817073171,0
Jerami Grant,PHI,21,65,18,47,21.2,6.3,1.9,5.4,35.2,0.8,2.4,31.4,1.8,3,59.1,0.8,2.3,3,1.2,1.3,0.6,1,2.2,15.5,0,0,-2.7,2014-2015,0.792682927,0
T.J. Warren,PHX,21,40,17,23,15.4,6.1,2.8,5.4,52.8,0.1,0.5,23.8,0.4,0.5,73.7,1,1.1,2.1,0.6,0.7,0.5,0.2,1.3,11,0,0,-2.4,2014-2015,0.487804878,0
Nik Stauskas,SAC,21,73,26,47,15.4,4.4,1.5,4.1,36.5,0.7,2,32.2,0.8,0.9,85.9,0.2,1.1,1.2,0.9,0.5,0.3,0.2,1.3,8.2,0,0,-1.8,2014-2015,0.890243902,0
Jarnell Stokes,MEM,21,19,12,7,6.6,3,1.1,1.9,56.8,0,0,0,0.8,1.5,53.6,0.8,0.9,1.8,0.2,0.4,0.3,0.3,1.3,6.7,0,0,0.8,2014-2015,0.231707317,0
Clint Capela,HOU,21,12,8,4,7.5,2.7,1.2,2.4,48.3,0,0,0,0.3,1.9,17.4,0.8,2.2,3,0.2,0.4,0.1,0.8,1.2,8.6,0,0,0.7,2014-2015,0.146341463,0
Kyle Anderson,SAS,21,33,22,11,10.9,2.2,0.9,2.7,34.8,0.1,0.3,27.3,0.3,0.4,64.3,0.2,2,2.2,0.8,0.3,0.5,0.2,0.8,7.8,0,0,-1.1,2014-2015,0.402439024,0
Glenn Robinson III,PHI,21,35,2,33,7.5,2.1,0.7,1.9,38.8,0.1,0.5,26.3,0.5,0.7,66.7,0.4,0.7,1.1,0.3,0.3,0.2,0,0.4,4.2,0,0,0.8,2014-2015,0.426829268,0
Grant Jerrett,UTA,21,8,6,2,6.4,2,0.9,3.3,26.9,0.1,1.9,6.7,0.1,0.1,100,0.3,0.9,1.1,0.4,0.4,0.3,0.3,1.4,5,0,0,-2.5,2014-2015,0.097560976,0
Nikola Joki?,DEN,21,80,31,49,21.7,10,3.8,7.5,51.2,0.4,1.1,33.3,1.9,2.4,81.1,2.3,4.7,7,2.4,1.3,1,0.6,2.6,25.4,16,0,1.2,2015-2016,0.975609756,0
Bobby Portis,CHI,21,62,29,33,17.8,7,3,7,42.7,0.3,0.8,30.8,0.8,1.1,72.7,2,3.5,5.4,0.8,0.9,0.4,0.4,1.6,16.2,6,0,-2.9,2015-2016,0.756097561,0
Mario Hezonja,ORL,21,79,33,46,17.9,6.1,2.3,5.3,43.3,0.8,2.4,34.9,0.6,0.7,90.7,0.4,1.9,2.2,1.4,1.2,0.5,0.2,1.6,11.7,0,0,0,2015-2016,0.963414634,0
Rondae Hollis-Jefferson,BKN,21,29,7,22,21.2,5.8,2.2,4.8,45.7,0.1,0.5,28.6,1.3,1.8,71.2,1.3,4,5.3,1.5,0.9,1.3,0.6,2.1,19.1,2,0,-2.1,2015-2016,0.353658537,0
Cameron Payne,OKC,21,57,44,13,12.2,5,2,4.9,41,0.6,1.9,32.4,0.3,0.4,79.2,0.2,1.3,1.5,1.9,0.8,0.6,0.1,1.4,11,0,0,-0.5,2015-2016,0.695121951,0
Chris McCullough,BKN,21,24,7,17,15.1,4.7,1.8,4.5,40.4,0.5,1.4,38.2,0.5,1,47.8,1,1.8,2.8,0.4,0.6,1.2,0.5,1.6,13,0,0,-5,2015-2016,0.292682927,0
Damien Inglis,MIL,21,20,5,15,7.8,1.8,0.7,1.9,35.1,0.2,0.7,23.1,0.4,0.4,87.5,0.1,1.5,1.6,0.5,0.6,0.3,0.2,0.6,5.2,0,0,-2.2,2015-2016,0.243902439,0
Jordan Mickey,BOS,21,16,9,7,3.6,1.3,0.5,1.4,36.4,0,0,0,0.3,0.6,50,0.4,0.4,0.8,0.1,0.1,0,0.7,0.3,4.4,0,0,0.4,2015-2016,0.195121951,0
Aaron Harrison,CHA,21,21,15,6,4.4,0.9,0.2,0.9,26.3,0.1,0.5,30,0.2,0.6,41.7,0.2,0.5,0.7,0.1,0.2,0.3,0,0.5,2.5,0,0,-0.3,2015-2016,0.256097561,0
Skal Labissiere,SAC,21,33,9,24,18.5,8.8,3.5,6.6,53.7,0.1,0.2,37.5,1.6,2.2,70.3,1.5,3.4,4.9,0.8,1.1,0.5,0.4,1.9,17.4,2,0,-1.2,2016-2017,0.402439024,0
Tyler Ulis,PHX,21,61,15,46,18.4,7.3,3,7.2,42.1,0.3,1.3,26.6,0.9,1.2,77.5,0.3,1.2,1.6,3.7,1.3,0.8,0.1,1.2,16,6,0,-2.3,2016-2017,0.743902439,0
Domantas Sabonis,OKC,21,81,46,35,20.1,5.9,2.4,5.9,39.9,0.6,2,32.1,0.5,0.8,65.7,0.6,3,3.6,1,1,0.5,0.4,2.5,13.3,2,0,0.2,2016-2017,0.987804878,0
Juancho Hernangomez,DEN,21,62,30,32,13.6,4.9,1.6,3.6,45.1,0.7,1.8,40.7,0.9,1.2,75,0.7,2.3,3,0.5,0.5,0.5,0.2,1,10.8,1,0,-0.5,2016-2017,0.756097561,0
Patrick McCaw,GSW,21,71,57,14,15.1,4,1.5,3.5,43.3,0.6,1.7,33.3,0.4,0.5,78.4,0.3,1.1,1.4,1.1,0.5,0.5,0.2,0.9,8.8,0,0,-0.6,2016-2017,0.865853659,0
Malachi Richardson,SAC,21,22,9,13,9,3.6,1.3,3.1,41.2,0.4,1.3,28.6,0.7,0.9,78.9,0.1,0.9,1,0.5,0.4,0.2,0,1,6.1,0,0,-0.8,2016-2017,0.268292683,0
Wade Baldwin IV,MEM,21,33,18,15,12.3,3.2,1.1,3.5,31.3,0.1,0.7,13.6,0.9,1.1,83.8,0.3,1.1,1.4,1.8,1.2,0.5,0.2,1.2,8.7,0,0,-4.2,2016-2017,0.402439024,0
Jakob Poeltl,TOR,21,54,38,16,11.6,3.1,1.2,2.1,58.3,0,0,0,0.6,1.1,54.4,1.4,1.6,3.1,0.2,0.5,0.3,0.4,2.1,8.6,0,0,-0.1,2016-2017,0.658536585,0
Donovan Mitchell,UTA,21,79,46,33,33.4,20.5,7.5,17.2,43.7,2.4,7,34,3,3.8,80.5,0.7,3.1,3.7,3.7,2.7,1.5,0.3,2.7,33.3,0,0,4.5,2017-2018,0.963414634,0
Ben Simmons,PHI,21,81,51,30,33.7,15.8,6.7,12.3,54.5,0,0.1,0,2.4,4.2,56,1.8,6.3,8.1,8.2,3.4,1.7,0.9,2.6,42.1,38,12,4.8,2017-2018,0.987804878,1
Lauri Markkanen,CHI,21,68,23,45,29.7,15.2,5.5,12.7,43.4,2.1,5.9,36.2,2.1,2.4,84.3,1.2,6.3,7.5,1.2,1.2,0.6,0.6,1.5,28.2,14,0,-5.7,2017-2018,0.829268293,0
Josh Jackson,PHX,21,77,19,58,25.4,13.1,5.1,12.1,41.7,0.7,2.8,26.3,2.3,3.6,63.4,1.2,3.3,4.6,1.5,1.9,1,0.5,2.8,23.5,5,0,-6.9,2017-2018,0.93902439,0
Antonio Blakeney,CHI,21,19,3,16,16.5,7.9,2.8,7.5,37.1,0.8,2.7,28.8,1.6,2.1,76.9,0.2,1.5,1.7,1.1,0.6,0.4,0.1,1,12.3,0,0,-0.3,2017-2018,0.231707317,0
Ivan Rabb,MEM,21,36,6,30,14.3,5.6,2.4,4.2,56.6,0,0,0,0.8,1,80.6,1.5,2.9,4.4,0.9,1,0.3,0.4,1.5,13.3,3,0,-2.7,2017-2018,0.43902439,0
Jawun Evans,LAC,21,48,24,24,16.2,4.8,1.9,5.3,35.2,0.3,1.1,27.8,0.8,1,77.6,0.2,1.6,1.8,2.1,0.9,0.8,0.1,2,11.7,0,0,0.2,2017-2018,0.585365854,0
Ante Zizic,CLE,21,32,21,11,6.7,3.7,1.5,2.1,73.1,0,0,0,0.7,0.9,72.4,0.8,1.1,1.9,0.2,0.3,0.1,0.4,0.9,7.3,0,0,-1.2,2017-2018,0.390243902,0
T.J. Leaf,IND,21,53,31,22,8.7,2.9,1.2,2.6,47.1,0.3,0.8,42.9,0.2,0.3,62.5,0.5,1,1.5,0.2,0.2,0.1,0.1,0.8,5.4,0,0,-1.5,2017-2018,0.646341463,0
Caleb Swanigan,POR,21,27,16,11,7,2.3,0.9,2.2,40,0,0.3,12.5,0.4,0.7,66.7,0.6,1.4,2,0.5,0.7,0.2,0.1,1.4,5.7,0,0,-0.4,2017-2018,0.329268293,0
Justin Patton,MIN,21,1,0,1,3.7,2,1,2,50,0,0,0,0,0,0,0,0,0,0,0,1,0,1,5,0,0,3,2017-2018,0.012195122,0
PJ Dozier,OKC,21,2,1,1,1.6,1,0.5,1,50,0,0,0,0,0,0,0,0.5,0.5,0,0.5,0,0,0.5,1.1,0,0,-1.5,2017-2018,0.024390244,0
Rodions Kurucs,BKN,21,63,36,27,20.5,8.5,3.2,7.1,45,0.9,2.9,31.5,1.1,1.5,78.3,0.9,3,3.9,0.8,1.2,0.7,0.4,2.3,16.3,2,0,0,2018-2019,0.768292683,0
Frank Jackson,NOP,21,61,22,39,19.2,8.1,3.2,7.3,43.4,0.9,2.8,31.4,0.9,1.2,74,0.4,1.8,2.2,1.1,0.8,0.4,0,1.5,13,0,0,-2.2,2018-2019,0.743902439,0
Miles Bridges,CHA,21,80,38,42,21.2,7.5,3,6.4,46.4,0.8,2.5,32.5,0.7,1,75.3,0.8,3.2,4,1.2,0.6,0.7,0.6,1.4,17.4,1,0,-1.6,2018-2019,0.975609756,0
Mitchell Robinson,NYK,21,66,16,50,20.6,7.3,3.1,4.4,69.4,0,0,0,1.2,2,60,2.7,3.7,6.4,0.6,0.5,0.8,2.4,3.3,25,11,0,-3.1,2018-2019,0.804878049,0
Harry Giles III,SAC,21,58,26,32,14.1,7,3,6,50.3,0,0.1,0,1,1.6,63.7,1.1,2.7,3.8,1.5,1.3,0.5,0.4,2.6,15.3,0,0,-1.8,2018-2019,0.707317073,0
Mo Bamba,ORL,21,47,19,28,16.3,6.2,2.5,5.2,48.1,0.4,1.5,30,0.8,1.3,58.7,1.4,3.6,5,0.8,0.9,0.3,1.4,2.2,17.4,1,0,-5.1,2018-2019,0.573170732,0
Omari Spellman,ATL,21,46,15,31,17.5,5.9,2.1,5.3,40.2,1,2.8,34.4,0.7,1,71.1,1.6,2.7,4.2,1,0.7,0.6,0.5,1.5,15.2,4,0,-4.4,2018-2019,0.56097561,0
Elie Okobo,PHX,21,53,7,46,18.1,5.7,2.2,5.5,39.3,0.7,2.5,29.5,0.7,0.9,78.7,0.2,1.6,1.8,2.4,1.3,0.6,0.1,2.1,12.5,0,0,-4,2018-2019,0.646341463,0
De'Anthony Melton,PHX,21,50,13,37,19.7,5,2,5.1,39.1,0.6,1.9,30.5,0.4,0.6,75,0.5,2.2,2.7,3.2,1.5,1.4,0.5,2.3,16.9,0,0,-3.4,2018-2019,0.609756098,0
Rawle Alkins,CHI,21,10,3,7,12,3.7,1.3,3.9,33.3,0.3,1.2,25,0.8,1.2,66.7,1.1,1.5,2.6,1.3,0.8,0.1,0,0.7,8.3,0,0,-1.3,2018-2019,0.12195122,0
Isaac Humphries,ATL,21,5,1,4,11.3,3,1.2,4.2,28.6,0.6,2.2,27.3,0,0,0,0.8,1.4,2.2,0,0,0.2,0,1.4,6.2,0,0,-4.4,2018-2019,0.06097561,0
Robert Williams III,BOS,21,32,18,14,8.8,2.5,1.1,1.6,70.6,0,0,0,0.3,0.5,60,0.8,1.7,2.5,0.2,0.3,0.3,1.3,1.1,10.2,0,0,-1.6,2018-2019,0.390243902,0
Isaiah Hartenstein,HOU,21,28,15,13,7.9,1.9,0.7,1.5,48.8,0.1,0.2,33.3,0.4,0.5,78.6,0.8,0.9,1.7,0.5,0.5,0.3,0.4,2,6.3,0,0,1.4,2018-2019,0.341463415,0
Kostas Antetokounmpo,DAL,21,2,1,1,5.3,1,0,1.5,0,0,0,0,1,2,50,0,0.5,0.5,0,0.5,1,0,0,4.1,0,0,1.5,2018-2019,0.024390244,0
P.J. Washington,CHA,21,58,22,36,30.3,12.2,4.6,10.2,45.5,1.5,4,37.4,1.5,2.3,64.7,1,4.4,5.4,2.1,1.6,0.9,0.8,2.7,25.3,4,0,-3.8,2019-2020,0.707317073,0
Jarrett Culver,MIN,21,63,19,44,23.9,9.2,3.7,9,40.4,1,3.5,29.9,0.9,1.9,46.2,1.1,2.3,3.4,1.7,1.3,0.9,0.6,2,19.1,0,0,-1.6,2019-2020,0.768292683,0
Jordan Poole,GSW,21,57,12,45,22.3,8.8,2.9,8.8,33.3,1.3,4.6,27.9,1.7,2.1,79.8,0.2,1.9,2.1,2.4,1.3,0.6,0.2,1.6,15.9,0,0,-3.5,2019-2020,0.695121951,0
Luguentz Dort,OKC,21,36,26,10,22.8,6.8,2.4,6.1,39.4,0.8,2.8,29.7,1.2,1.5,79.2,0.7,1.6,2.3,0.8,0.6,0.9,0.1,2.7,12.9,0,0,1.5,2019-2020,0.43902439,0
Nickeil Alexander-Walker,NOP,21,47,19,28,12.6,5.7,2.1,5.7,36.8,1,2.8,34.6,0.5,0.8,67.6,0.2,1.6,1.8,1.9,1.1,0.4,0.2,1.2,11.1,0,0,-1.2,2019-2020,0.573170732,0
Daniel Gafford,CHI,21,43,15,28,14.2,5.1,2.2,3.1,70.1,0,0,0,0.7,1.4,53.3,1.2,1.3,2.5,0.5,0.7,0.3,1.3,2.3,12.9,0,0,-0.7,2019-2020,0.524390244,0
Nic Claxton,BKN,21,15,5,10,12.5,4.4,1.8,3.2,56.3,0.1,0.5,14.3,0.7,1.4,52.4,1.3,1.7,2.9,1.1,0.6,0.1,0.5,0.9,10.7,0,0,-4.5,2019-2020,0.182926829,0
Bruno Fernando,ATL,21,56,18,38,12.7,4.3,1.8,3.6,51.8,0.1,0.7,13.5,0.5,0.9,56.9,1.2,2.3,3.5,0.9,0.8,0.3,0.3,1.9,11,1,0,-1.7,2019-2020,0.682926829,0
Grant Williams,BOS,21,69,47,22,15.1,3.4,1.3,3.1,41.2,0.3,1.4,25,0.6,0.8,72.2,0.9,1.7,2.6,1,0.7,0.4,0.5,2.4,10.2,0,0,1.9,2019-2020,0.841463415,0
Jaylen Hoard,POR,21,13,7,6,7.9,2.9,1.2,2.5,46.9,0,0.2,0,0.6,1,61.5,1.1,1.4,2.5,0.3,0.3,0.4,0,0.9,7.2,0,0,0.8,2019-2020,0.158536585,0
Adam Mokoka,CHI,21,11,3,8,10.2,2.9,1.1,2.5,42.9,0.5,1.4,40,0.2,0.4,50,0.6,0.3,0.9,0.4,0.2,0.4,0,1.5,5.5,0,0,4.5,2019-2020,0.134146341,0
Louis King,DET,21,10,3,7,6.2,2,0.8,2.1,38.1,0.4,1.1,36.4,0,0.3,0,0.1,0.9,1,0.5,0.2,0.2,0,1,4.4,0,0,1.9,2019-2020,0.12195122,0
Ignas Brazdeikis,NYK,21,9,1,8,5.9,1.9,0.7,2.4,27.3,0.1,1,11.1,0.4,0.6,80,0.2,0.3,0.6,0.4,0.2,0,0.1,0.3,3.3,0,0,-1.3,2019-2020,0.109756098,0
KZ Okpala,MIA,21,5,2,3,5.2,1.4,0.6,1,60,0,0.2,0,0.2,0.4,50,0.2,0.8,1,0.2,0.2,0.4,0.2,0.4,4.5,0,0,-3,2019-2020,0.06097561,0
Brian Bowen II,IND,21,6,5,1,5.2,1,0.5,1.7,30,0,0.3,0,0,0,0,0.2,1,1.2,0,0.2,0,0.2,0.5,2.7,0,0,2.2,2019-2020,0.073170732,0
Tyrese Haliburton,SAC,21,58,25,33,30.1,13,5,10.7,47.2,2.1,5.1,40.9,0.8,1,85.7,0.7,2.3,3,5.3,1.6,1.3,0.5,1.4,28.4,5,0,-3.1,2020-2021,0.805555556,0
Cole Anthony,ORL,21,47,13,34,27.1,12.9,4.7,11.7,39.7,1.2,3.7,33.7,2.3,2.8,83.2,0.8,3.9,4.7,4.1,2.3,0.6,0.4,2.1,25.5,0,0,-6.9,2020-2021,0.652777778,0
Precious Achiuwa,MIA,21,61,31,30,12.1,5,2,3.7,54.4,0,0,0,0.9,1.8,50.9,1.2,2.2,3.4,0.5,0.7,0.3,0.5,1.5,11.4,3,0,-1.9,2020-2021,0.847222222,0
Aaron Nesmith,BOS,21,46,22,24,14.5,4.7,1.7,3.9,43.8,0.9,2.3,37,0.5,0.6,78.6,0.6,2.2,2.8,0.5,0.5,0.3,0.2,1.9,9.9,0,0,-0.2,2020-2021,0.638888889,0
Isaiah Joe,PHI,21,41,22,19,9.3,3.7,1.2,3.2,36.1,1,2.6,36.8,0.4,0.6,75,0.1,0.7,0.9,0.5,0.3,0.3,0.1,0.8,6.4,0,0,0,2020-2021,0.569444444,0
Reggie Perry,BKN,21,26,18,8,8.1,3,1.2,3,41,0.2,0.8,19,0.4,0.5,76.9,1,1.8,2.8,0.5,0.6,0.2,0.2,1.5,8,1,0,-1.4,2020-2021,0.361111111,0
Didi Louzada,NOP,21,3,0,3,18.8,2.7,1,4.3,23.1,0.7,2.7,25,0,0,0,0.3,0.7,1,1,1,0.7,0,1.7,6.4,0,0,-3.7,2020-2021,0.041666667,0
Tre Jones,SAS,21,37,15,22,7.3,2.5,1,2.1,47.4,0.1,0.1,60,0.5,0.5,89.5,0.2,0.4,0.6,1.1,0.4,0.2,0,0.4,5.1,0,0,-2.2,2020-2021,0.513888889,0
CJ Elleby,POR,21,30,19,11,6.4,2.3,0.8,2.2,37.9,0.2,1.1,20.6,0.4,0.5,73.3,0.4,0.7,1.1,0.3,0.2,0.2,0.1,0.9,4.8,0,0,-0.5,2020-2021,0.416666667,0
Devon Dotson,CHI,21,11,4,7,4.6,2.1,1,1.9,52.4,0.1,0.6,14.3,0,0,0,0.2,0.3,0.5,0.6,0,0.4,0,0.3,4.7,0,0,2.9,2020-2021,0.152777778,0
Deividas Sirvydis,DET,21,20,8,12,6.7,2.1,0.7,2,35,0.5,1.4,35.7,0.2,0.3,50,0,1.5,1.5,0.3,0.3,0.1,0,0.5,4.2,0,0,-1.2,2020-2021,0.277777778,0
Jontay Porter,MEM,21,11,7,4,4.9,2,0.7,1.4,53.3,0.3,0.7,37.5,0.3,0.5,60,0.4,0.9,1.3,0.1,0.6,0.3,0.1,1.1,4.1,0,0,0.1,2020-2021,0.152777778,0
Jalen Smith,PHX,21,27,19,8,5.8,2,0.8,1.9,44,0.1,0.6,23.5,0.2,0.3,71.4,0.3,1.1,1.4,0.1,0.3,0,0.1,0.6,4.1,1,0,-0.6,2020-2021,0.375,0
Daniel Oturu,LAC,21,30,21,9,5.4,1.8,0.7,1.7,42.3,0,0.2,20,0.3,0.4,75,0.7,0.9,1.6,0.3,0.3,0.1,0.2,0.8,5,1,0,0.3,2020-2021,0.416666667,0
Robert Woodard II,SAC,21,13,3,10,3.5,1.5,0.6,1.5,40,0.1,0.5,16.7,0.2,0.6,37.5,0.3,0.9,1.2,0.2,0.1,0,0.2,0.3,3.9,0,0,0.8,2020-2021,0.180555556,0
Cassius Stanley,IND,21,24,10,14,3.9,1.5,0.5,1.8,30.2,0.1,0.5,23.1,0.3,0.4,77.8,0.3,0.5,0.8,0,0,0,0.1,0.6,2.9,0,0,0.8,2020-2021,0.333333333,0
Karim Mane,ORL,21,10,2,8,8.8,1.1,0.3,1.3,23.1,0.1,0.2,50,0.4,0.5,80,0.1,1.3,1.4,0.4,0.3,0,0.2,1,3.7,0,0,-2.2,2020-2021,0.138888889,0
Udoka Azubuike,UTA,21,15,13,2,3.8,1.1,0.3,0.6,44.4,0,0,0,0.5,0.7,80,0.3,0.6,0.9,0,0.2,0.1,0.3,0.6,2.9,0,0,-4.3,2020-2021,0.208333333,0
Ashton Hagans,MIN,21,2,0,2,2,0,0,0,0,0,0,0,0,0,0,0,0,0,0,0.5,0,0,0,-0.5,0,0,-1.5,2020-2021,0.027777778,0
Evan Mobley,CLE,21,69,40,29,33.8,15,6.1,12,50.8,0.3,1.3,25,2.4,3.7,66.3,2.1,6.2,8.3,2.5,1.9,0.8,1.7,2.1,34.2,21,0,1.4,2021-2022,0.841463415,0
Jalen Suggs,ORL,21,48,16,32,27.2,11.8,4.1,11.4,36.1,0.9,4.1,21.4,2.6,3.4,77.3,0.5,3,3.6,4.4,3,1.2,0.4,3,24.5,2,0,-4.3,2021-2022,0.585365854,0
Tre Mann,OKC,21,60,17,43,22.8,10.4,3.9,9.8,39.3,1.6,4.5,36,1.1,1.4,79.3,0.4,2.4,2.9,1.5,1.2,0.8,0.2,1.7,17.9,0,0,-4.6,2021-2022,0.731707317,0
Bones Hyland,DEN,21,69,41,28,19,10.1,3.3,8.3,40.3,1.9,5.2,36.6,1.6,1.8,85.6,0.2,2.5,2.7,2.8,1.2,0.6,0.3,2.2,18.9,1,0,0.6,2021-2022,0.841463415,0
Trendon Watford,POR,21,48,16,32,18.1,7.6,3,5.6,53.2,0.2,0.8,23.7,1.5,2,75.5,1.2,3,4.1,1.7,0.9,0.5,0.6,2.4,17.5,2,0,-7.3,2021-2022,0.585365854,0
Jeremiah Robinson-Earl,OKC,21,49,15,34,22.2,7.5,2.7,6.6,41.4,1.2,3.4,35.2,0.8,1.1,74.1,1.5,4.1,5.6,1,0.8,0.6,0.3,1.5,17.6,3,0,-4.9,2021-2022,0.597560976,0
Kessler Edwards,BKN,21,48,22,26,20.6,5.9,2.3,5.6,41.2,1,2.8,35.3,0.3,0.4,84.2,0.9,2.7,3.6,0.6,0.9,0.6,0.5,1.8,13.6,1,0,-1.3,2021-2022,0.585365854,0
James Bouknight,CHA,21,31,15,16,9.8,4.6,1.6,4.5,34.8,0.5,1.6,34.7,0.9,1,87.1,0.7,1,1.7,0.8,0.5,0.2,0,0.9,8.1,0,0,-1.6,2021-2022,0.37804878,0
Santi Aldama,MEM,21,32,20,12,11.2,4.1,1.7,4.1,40.2,0.2,1.5,12.5,0.6,1,62.5,1,1.7,2.7,0.7,0.5,0.2,0.3,1.1,9.4,2,0,0.5,2021-2022,0.390243902,0
Jared Butler,UTA,21,42,31,11,8.6,3.8,1.5,3.6,40.4,0.7,2.1,31.8,0.3,0.4,68.8,0.1,1,1.1,1.5,0.8,0.4,0.2,1.1,8.4,0,0,-0.3,2021-2022,0.512195122,0
Charles Bassey,PHI,21,23,11,12,7.3,3,1.3,2,63.8,0,0.2,0,0.4,0.5,75,1,1.7,2.7,0.3,0.3,0.2,0.7,1.4,9.2,1,0,-1.5,2021-2022,0.280487805,0
Justin Champagnie,TOR,21,36,21,15,7.8,2.3,0.9,1.9,46.3,0.3,0.8,35.7,0.3,0.3,100,1,1,2,0.3,0.2,0.2,0.1,0.9,5.9,0,0,1.4,2021-2022,0.43902439,0
Miles McBride,NYK,21,40,19,21,9.3,2.2,0.8,2.7,29.6,0.4,1.7,25,0.2,0.3,66.7,0.1,1,1.1,1,0.1,0.4,0,1.1,6,0,0,2.5,2021-2022,0.487804878,0
Leandro Bolmaro,MIN,21,35,19,16,6.9,1.4,0.5,1.5,31.5,0.1,0.5,27.8,0.3,0.4,84.6,0.5,0.8,1.2,0.6,0.4,0.2,0,0.7,3.9,0,0,0.1,2021-2022,0.426829268,0
Kai Jones,CHA,21,21,14,7,3,1,0.4,0.7,64.3,0,0.1,50,0.1,0.4,37.5,0.1,0.4,0.5,0.2,0.3,0,0.1,0.4,2.1,0,0,-0.7,2021-2022,0.256097561,0
Sharife Cooper,ATL,21,13,8,5,3,0.5,0.2,1.1,21.4,0.1,0.5,16.7,0,0,0,0,0.4,0.4,0.4,0.4,0,0,0.1,1.2,0,0,-2.7,2021-2022,0.158536585,0
David Johnson,TOR,21,2,2,0,1,0,0,0.5,0,0,0.5,0,0,0,0,0,0,0,0,0,0,0,0,0,0,0,-1,2021-2022,0.024390244,0
Bennedict Mathurin,IND,21,78,33,45,28.5,16.7,5.3,12.2,43.4,1.3,4,32.3,4.8,5.8,82.8,1.1,3,4.1,1.5,1.9,0.6,0.2,2.1,24.2,0,0,-2.3,2022-2023,0.951219512,0
Jaden Ivey,DET,21,74,16,58,31.1,16.3,5.5,13.3,41.6,1.6,4.7,34.3,3.6,4.8,74.7,1,2.9,3.9,5.2,3.2,0.8,0.2,3.3,28.7,8,0,-8.7,2022-2023,0.902439024,0
Walker Kessler,UTA,21,74,34,40,23,9.2,4,5.6,72,0,0,33.3,1.1,2.1,51.6,3.1,5.3,8.4,0.9,0.8,0.4,2.3,2.3,27.9,20,0,1,2022-2023,0.902439024,0
Mark Williams,CHA,21,43,18,25,19.3,9,3.7,5.8,63.7,0,0,0,1.6,2.3,69.1,2.2,4.9,7.1,0.4,0.9,0.7,1,2.2,22.3,11,0,-1.8,2022-2023,0.524390244,0
Jaylin Williams,OKC,21,49,23,26,18.7,5.9,2.1,4.8,43.6,0.9,2.3,40.7,0.8,1.1,70.4,0.9,4,4.9,1.6,0.8,0.6,0.2,2.3,15.8,0,0,-1.8,2022-2023,0.597560976,0
Johnny Davis,WAS,21,28,10,18,15.1,5.8,2.4,6.1,38.6,0.6,2.5,24.3,0.5,1,51.9,0.4,2,2.3,1,0.6,0.4,0.3,1.7,11.4,0,0,-1.9,2022-2023,0.341463415,0
TyTy Washington Jr.,HOU,21,31,6,25,14,4.7,1.9,5.2,36.3,0.6,2.6,23.8,0.3,0.6,55.6,0.1,1.4,1.5,1.5,0.5,0.5,0.1,0.9,9.9,0,0,-1.5,2022-2023,0.37804878,0
Jordan Hall,SAS,21,9,1,8,9.2,3.1,1,3.1,32.1,0.3,1.7,20,0.8,1,77.8,0.3,1,1.3,1.2,0.8,0.1,0,0.7,6.1,0,0,-2.7,2022-2023,0.109756098,0
Jake LaRavia,MEM,21,35,22,13,11.8,3,1.1,2.7,38.9,0.7,2,33.8,0.2,0.3,77.8,0.5,1.3,1.8,0.6,0.5,0.3,0.1,1.4,6.9,0,0,-2.2,2022-2023,0.426829268,0
Moussa Diabaté,LAC,21,22,10,12,8.9,2.7,1.1,2.1,51.1,0,0.1,50,0.5,0.7,62.5,1.4,0.9,2.3,0.2,0.4,0.3,0.4,0.7,7.3,0,0,-1,2022-2023,0.268292683,0
Donovan Williams,ATL,21,2,1,1,2.1,2,1,2.5,40,0,1,0,0,0,0,0,1,1,0,0,0,0,0,3.2,0,0,3,2022-2023,0.024390244,0
Wendell Moore Jr.,MIN,21,29,16,13,5.3,1.4,0.6,1.5,41.9,0.1,0.6,11.8,0.1,0.2,80,0.1,0.5,0.6,0.6,0.3,0.3,0.2,0.4,4.2,0,0,-1.8,2022-2023,0.353658537,0
Brandon Miller,CHA,21,74,18,56,32.2,17.3,6.4,14.6,44,2.5,6.7,37.3,1.9,2.3,82.7,0.8,3.4,4.3,2.4,1.8,0.9,0.6,2.5,28.5,1,0,-6.9,2023-2024,0.902439024,0
Amen Thompson,HOU,21,62,30,32,22.4,9.5,3.9,7.2,53.6,0.1,0.9,13.8,1.7,2.5,68.4,2.4,4.2,6.6,2.6,1.5,1.3,0.6,2.3,25.6,13,1,0.7,2023-2024,0.756097561,0
Brandin Podziemski,GSW,21,74,41,33,26.6,9.2,3.7,8.1,45.4,1.2,3.2,38.5,0.7,1.1,63.3,1.6,4.2,5.8,3.7,1.2,0.8,0.2,1.6,23.5,7,0,3.6,2023-2024,0.902439024,0
Ausar Thompson,DET,21,63,10,53,25.1,8.8,3.7,7.6,48.3,0.3,1.8,18.6,1.1,1.9,59.7,2,4.3,6.4,1.9,1.3,1.1,0.9,2.8,24.1,2,0,-3.7,2023-2024,0.768292683,0
Tristan Vukcevic,WAS,21,10,3,7,15.3,8.5,2.9,6.7,43.3,1,3.6,27.8,1.7,2.2,77.3,0.6,3,3.6,1.3,1,0.5,0.7,2.8,17.4,0,0,3.2,2023-2024,0.12195122,0
Mouhamed Gueye,ATL,21,6,2,4,12.1,4,1.3,3.8,34.8,0.5,1.5,33.3,0.8,1,83.3,1.7,2,3.7,0.7,0.2,0.8,0.7,2.2,13.7,0,0,-6.8,2023-2024,0.073170732,0
Terquavion Smith,PHI,21,16,8,8,5.3,3.3,1.1,2.9,39.1,0.8,2.2,37.1,0.2,0.3,60,0,0.3,0.3,0.8,0.4,0.5,0,0.5,5.7,0,0,-0.4,2023-2024,0.195121951,0
Olivier-Maxence Prosper,DAL,21,40,24,16,8.4,3,1,2.6,38.5,0.3,1.1,28.9,0.7,1,68.3,0.6,1.4,2,0.6,0.2,0.2,0.1,0.5,6.8,0,0,-2.2,2023-2024,0.487804878,0
Alex Fudge,DAL,21,6,1,5,6.7,2.5,1,2.5,40,0.2,0.8,20,0.3,0.3,100,0.7,0.2,0.8,0,0.3,0.5,0,0.3,4.7,0,0,-6.5,2023-2024,0.073170732,0
Jalen Hood-Schifino,LAL,21,21,10,11,5.2,1.6,0.5,2.1,22.2,0.1,0.7,13.3,0.6,1,60,0.1,0.5,0.6,0.4,0.4,0.1,0.1,0.6,3.2,0,0,-2.6,2023-2024,0.256097561,0
Ibou Badji,POR,21,22,5,17,10.3,1.5,0.6,1,63.6,0,0,0,0.3,0.5,50,0.9,1.4,2.3,0.6,0.7,0.1,0.9,2.1,7.7,0,0,-4.1,2023-2024,0.268292683,0
Maxwell Lewis,LAL,21,34,18,16,3,0.3,0.1,0.6,19,0,0.3,11.1,0.1,0.1,66.7,0.1,0.1,0.1,0.2,0.3,0.1,0,0.1,0.7,0,0,-2.1,2023-2024,0.414634146,0
Jared McCain,PHI,21,23,7,16,25.7,15.3,5.5,11.9,46,2.2,5.8,38.3,2.1,2.4,87.5,0.6,1.9,2.4,2.6,1.6,0.7,0,1.6,22.5,1,0,-1.2,2024-2025,0.280487805,0
Jaylen Wells,MEM,21,79,47,32,25.9,10.4,3.6,8.6,42.5,1.7,5,35.2,1.4,1.7,82.2,1.1,2.3,3.4,1.7,0.9,0.6,0.1,1.8,18.2,1,0,2.4,2024-2025,0.963414634,0
Justin Edwards,PHI,21,44,11,33,26.2,10.1,3.9,8.6,45.5,1.6,4.3,36.3,0.7,1,69.6,1,2.3,3.4,1.6,1.1,1,0.4,2.2,19.5,1,0,-6.4,2024-2025,0.536585366,0
Kyle Filipowski,UTA,21,72,13,59,21.1,9.6,3.6,7.2,50.2,1.1,3.1,35,1.3,2,65,1.6,4.6,6.1,1.9,1.4,0.7,0.3,2.4,21.3,13,0,-5.1,2024-2025,0.87804878,0
Kel'el Ware,MIA,21,64,28,36,22.2,9.3,4,7.3,55.4,0.5,1.7,31.5,0.7,1,68.7,1.8,5.6,7.4,0.9,0.9,0.6,1.1,1.7,23.8,15,0,0.6,2024-2025,0.780487805,0
Yves Missi,NOP,21,73,19,54,26.8,9.1,3.7,6.7,54.7,0,0,0,1.7,2.8,62.3,3.5,4.7,8.2,1.4,1.1,0.5,1.3,2,25.4,14,0,-7,2024-2025,0.890243902,0
Kyshawn George,WAS,21,68,15,53,26.5,8.7,3,8,37.2,1.7,5.2,32.2,1,1.4,75.3,0.7,3.5,4.2,2.5,1.4,1,0.7,3,21.2,1,0,-5.3,2024-2025,0.829268293,0
Donovan Clingan,POR,21,67,29,38,19.8,6.5,2.7,5,53.9,0.2,0.7,28.6,0.9,1.6,59.6,3.2,4.6,7.9,1.1,1.1,0.5,1.6,2.8,23,8,0,0,2024-2025,0.817073171,0
Jaylen Martin,WAS,21,16,3,13,14.9,4.9,1.9,4.6,41.9,0.4,1.4,30.4,0.6,0.6,90,0.7,2.1,2.8,1.1,0.8,0.6,0,0.9,10.7,0,0,-8.2,2024-2025,0.195121951,0
Reed Sheppard,HOU,21,52,30,22,12.6,4.4,1.6,4.6,35.1,0.9,2.7,33.8,0.3,0.3,81.3,0.3,1.2,1.5,1.4,0.7,0.7,0.3,1,10.7,0,0,-1,2024-2025,0.634146341,0
Stephen Curry,GSW,22,80,25,55,36.2,17.5,6.6,14.3,46.2,2.1,4.8,43.7,2.2,2.5,88.5,0.6,3.9,4.5,5.9,3,1.9,0.2,3.2,35.1,12,1,-2.3,2009-2010,0.975609756,0
Darren Collison,NOH,22,76,34,42,27.8,12.4,4.9,10.4,47.7,0.6,1.5,40,1.9,2.3,85.1,0.5,2,2.5,5.7,2.7,1,0.1,1.2,24.6,14,1,-2.3,2009-2010,0.926829268,0
Omri Casspi,SAC,22,77,24,53,25.1,10.3,3.9,8.7,44.6,1,2.6,36.9,1.5,2.3,67.2,1,3.6,4.5,1.2,1.3,0.7,0.2,1.6,19.1,4,0,-1.5,2009-2010,0.93902439,0
Chase Budinger,HOU,22,74,38,36,20.1,8.9,3.4,7.6,44.1,1.2,3.4,36.9,0.9,1.2,77,0.5,2.5,3,1.2,0.6,0.5,0.1,1.1,15.4,2,0,0,2009-2010,0.902439024,0
Ty Lawson,DEN,22,65,42,23,20.3,8.3,3.1,6,51.5,0.5,1.3,41,1.6,2.2,75.7,0.6,1.3,1.9,3.1,1.3,0.7,0,1.4,16.4,0,0,2.6,2009-2010,0.792682927,0
Rodrigue Beaubois,DAL,22,56,36,20,12.5,7.1,2.8,5.3,51.8,0.8,2,40.9,0.8,0.9,80.8,0.2,1.2,1.4,1.3,1,0.5,0.2,1.5,12,0,0,1,2009-2010,0.682926829,0
Wayne Ellington,MIN,22,76,15,61,18.2,6.6,2.5,5.9,42.4,0.8,2.1,39.5,0.8,0.9,87.1,0.4,1.7,2.1,1,1,0.3,0.1,0.9,10.6,0,0,-2.6,2009-2010,0.926829268,0
Jordan Hill,HOU,22,47,18,29,13.3,5.2,2.1,4.3,49.3,0,0,0,1,1.4,67.6,1.6,2.1,3.7,0.4,0.6,0.3,0.4,2,11.9,0,0,-0.4,2009-2010,0.573170732,0
Austin Daye,DET,22,69,22,47,13.3,5.1,2,4.3,46.4,0.4,1.4,30.5,0.7,0.8,82.1,0.5,2,2.5,0.5,0.7,0.4,0.4,1.7,10.3,1,0,-1.7,2009-2010,0.841463415,0
Jodie Meeks,PHI,22,60,23,37,12,4.7,1.7,4.5,38.8,0.7,2.2,31.8,0.5,0.7,79.5,0.2,1.5,1.7,0.7,0.4,0.3,0.1,0.9,8.4,0,0,-0.3,2009-2010,0.731707317,0
Derrick Brown,CHA,22,57,34,23,9.4,3.3,1.2,2.6,46.3,0,0.1,28.6,0.8,1.3,66.7,0.5,0.8,1.4,0.3,0.3,0.4,0.2,0.9,6.7,0,0,-0.2,2009-2010,0.695121951,0
Jeff Teague,ATL,22,71,50,21,10.1,3.2,1.3,3.2,39.6,0.1,0.5,21.9,0.6,0.7,83.7,0.1,0.9,0.9,1.7,0.7,0.5,0.2,1.2,8.1,1,0,-0.6,2009-2010,0.865853659,0
DaJuan Summers,DET,22,44,13,31,9.2,3,1,3,35.4,0.3,1,35.7,0.6,0.9,71.1,0.3,0.7,1,0.4,0.4,0.2,0.2,1.2,5.5,0,0,-2.4,2009-2010,0.536585366,0
Earl Clark,PHX,22,51,36,15,7.5,2.7,1.1,3,37.1,0,0.1,40,0.5,0.7,72.2,0.4,0.9,1.2,0.4,0.5,0.1,0.3,0.5,5.5,0,0,-0.7,2009-2010,0.62195122,0
Gerald Henderson,CHA,22,43,27,16,8.3,2.6,0.9,2.4,35.6,0.1,0.4,21.1,0.8,1.1,74.5,0.3,0.9,1.3,0.3,0.3,0.2,0.2,0.6,5.6,0,0,-0.4,2009-2010,0.524390244,0
Blake Griffin,LAC,22,82,32,50,37.9,22.5,8.5,16.8,50.6,0.1,0.3,29.2,5.4,8.5,64.2,3.3,8.8,12.1,3.8,2.7,0.8,0.5,3.1,43.9,63,2,-1.8,2010-2011,1,1
Jordan Crawford,WAS,22,42,17,25,24.4,11.7,4.6,11.9,38.4,0.8,3,25.8,1.7,2,86.9,0.7,1.8,2.5,2.8,2,0.9,0.1,1.5,19.9,2,1,-5.4,2010-2011,0.512195122,0
Samardo Samuels,CLE,22,37,4,33,19,7.8,3,6.5,45.6,0,0.1,0,1.8,3,61.8,2,2.2,4.3,0.5,1.4,0.4,0.5,2.4,14.8,2,0,-3.8,2010-2011,0.451219512,0
Ed Davis,TOR,22,65,16,49,24.6,7.7,3.3,5.7,57.6,0,0,0,1.1,2,55.5,2.6,4.5,7.1,0.6,0.7,0.6,1,2.8,21.3,13,0,-5.2,2010-2011,0.792682927,0
Evan Turner,PHI,22,78,40,38,23,7.2,2.9,6.8,42.5,0.2,0.6,31.8,1.3,1.6,80.8,0.5,3.4,3.9,2,1,0.6,0.2,1.8,16.4,2,0,-0.6,2010-2011,0.951219512,0
Christian Eyenga,CLE,22,44,10,34,21.5,6.9,3,7,42.5,0.6,2.1,27.5,0.4,0.6,64.3,0.6,2.2,2.8,0.8,1.1,0.8,0.6,1.8,14.6,0,0,-4.6,2010-2011,0.536585366,0
Patrick Patterson,HOU,22,52,29,23,16.7,6.3,2.9,5.1,55.8,0,0,0,0.6,0.8,71.4,1.7,2.2,3.8,0.8,0.6,0.3,0.7,1.5,14.6,4,0,0.2,2010-2011,0.634146341,0
Larry Sanders,MIL,22,60,28,32,14.5,4.3,1.9,4.5,43.3,0,0,0,0.5,0.8,56,1,2,3,0.3,0.6,0.4,1.2,2,12.4,1,0,-2.4,2010-2011,0.731707317,0
James Anderson,SAS,22,26,17,9,11,3.6,1.2,3.1,38.3,0.7,1.8,39.1,0.5,0.7,77.8,0.1,0.8,0.9,0.7,0.5,0.1,0.2,0.9,6.3,0,0,-1.9,2010-2011,0.317073171,0
Armon Johnson,POR,22,38,20,18,7.3,2.9,1.2,2.7,45.5,0.1,0.3,41.7,0.3,0.6,59.1,0.3,0.7,0.9,1.2,1,0.1,0,0.8,5.3,0,0,-0.6,2010-2011,0.463414634,0
Jeremy Lin,GSW,22,29,10,19,9.8,2.6,1,2.5,38.9,0,0.2,20,0.7,0.9,76,0.4,0.8,1.2,1.4,0.6,1.1,0.3,1.1,9.9,0,0,0.3,2010-2011,0.353658537,0
Ish Smith,MEM,22,43,21,22,10.3,2.3,1,2.7,37.4,0.1,0.2,30,0.3,0.5,57.1,0.2,0.9,1.1,1.8,0.8,0.4,0,0.9,7,0,0,-1.1,2010-2011,0.524390244,0
Dominique Jones,DAL,22,18,10,8,7.5,2.3,0.8,2.5,31.1,0,0.2,0,0.8,0.9,82.4,0.3,1.1,1.4,1.1,0.6,0.3,0.2,0.4,6.4,0,0,-1.2,2010-2011,0.219512195,0
Luke Babbitt,POR,22,24,11,13,5.7,1.5,0.6,2.3,27.3,0.1,0.7,18.8,0.1,0.4,33.3,0.3,1,1.3,0.3,0.3,0.1,0.1,0.6,3.5,1,0,-1.3,2010-2011,0.292682927,0
Cole Aldrich,OKC,22,18,11,7,7.9,1,0.4,0.8,53.3,0,0,0,0.1,0.2,50,0.7,1.2,1.9,0.2,0.4,0.3,0.4,1.7,5.2,0,0,0.4,2010-2011,0.219512195,0
Gani Lawal,PHX,22,1,1,0,1.9,0,0,0,0,0,0,0,0,0,0,0,0,0,0,0,0,0,1,0,0,0,-2,2010-2011,0.012195122,0
Hassan Whiteside,SAC,22,1,1,0,1.7,0,0,0,0,0,0,0,0,0,0,0,0,0,0,0,0,0,2,0,0,0,-4,2010-2011,0.012195122,0
Klay Thompson,GSW,22,66,23,43,24.4,12.5,4.8,10.9,44.3,1.7,4.1,41.4,1.2,1.4,86.8,0.4,2.1,2.4,2,1.6,0.7,0.3,2.3,20,0,0,-2,2011-2012,1,0
Kemba Walker,CHA,22,66,7,59,27.2,12.1,4.3,11.6,36.6,1,3.4,30.5,2.5,3.2,78.9,0.5,3.1,3.5,4.4,1.8,0.9,0.3,1.2,24.8,2,1,-7.7,2011-2012,1,0
Kenneth Faried,DEN,22,46,27,19,22.5,10.2,3.9,6.7,58.6,0,0,0,2.4,3.6,66.5,3.1,4.6,7.7,0.8,1.2,0.7,1,2.5,24.7,12,0,0.1,2011-2012,0.696969697,0
Iman Shumpert,NYK,22,59,34,25,28.9,9.5,3.6,9.1,40.1,0.8,2.7,30.6,1.5,1.8,79.8,0.7,2.4,3.2,2.8,1.9,1.7,0.1,2.9,21.2,0,0,1.9,2011-2012,0.893939394,0
Markieff Morris,PHX,22,63,31,32,19.5,7.4,2.8,6.9,39.9,0.7,2,34.7,1.2,1.7,71.7,1.1,3.3,4.4,1,1.1,0.7,0.7,2.8,17.1,1,0,-1.2,2011-2012,0.954545455,0
D.J. Kennedy,CLE,22,2,0,2,29.4,6,2.5,6,41.7,1,2,50,0,1,0,0.5,3,3.5,1.5,1.5,1,0,3.5,14,0,0,-16,2011-2012,0.03030303,0
Jan Vesely,WAS,22,57,19,38,18.9,4.7,2.1,3.8,53.7,0,0,0,0.6,1.1,53.2,1.8,2.6,4.4,0.8,1.1,0.7,0.6,2.7,13.8,2,0,-1.7,2011-2012,0.863636364,0
Chris Singleton,WAS,22,66,20,46,21.7,4.6,1.8,4.7,37.2,0.7,1.9,34.6,0.5,0.7,68.2,0.7,2.9,3.5,0.7,0.6,1.1,0.5,2.7,14,0,0,-2.2,2011-2012,1,0
Shelvin Mack,WAS,22,64,20,44,12.2,3.6,1.4,3.4,40,0.2,0.7,28.6,0.7,0.9,71.2,0.2,1.3,1.4,2,0.8,0.4,0,0.8,9,0,0,-0.4,2011-2012,0.96969697,0
Malcolm Lee,MIN,22,19,3,16,12.8,3.3,1.2,3.1,39,0.1,0.5,20,0.7,0.9,82.4,0.5,0.9,1.4,1.6,0.9,0.4,0.2,1.2,8.4,0,0,-1.2,2011-2012,0.287878788,0
Reggie Jackson,OKC,22,45,34,11,11.1,3.1,1.1,3.5,32.1,0.3,1.4,21,0.6,0.6,86.2,0.3,0.9,1.2,1.6,0.8,0.6,0,0.7,7.8,0,0,-0.1,2011-2012,0.681818182,0
Jimmy Butler III,CHI,22,42,30,12,8.5,2.6,0.8,1.9,40.5,0,0.3,18.2,1,1.3,76.8,0.5,0.8,1.3,0.3,0.3,0.3,0.1,0.5,5.5,0,0,1.9,2011-2012,0.636363636,0
Trey Thompkins,LAC,22,24,16,8,5,2.4,1,2.5,39.3,0.2,0.5,30.8,0.2,0.3,71.4,0.2,0.8,1,0.1,0.3,0.1,0.1,0.4,4.3,0,0,-2.4,2011-2012,0.363636364,0
Marcus Morris Sr.,HOU,22,17,8,9,7.4,2.4,0.9,3.2,29.6,0.1,1,11.8,0.4,0.5,75,0.3,0.6,0.9,0.2,0.2,0.1,0.1,0.7,4.2,0,0,-1.7,2011-2012,0.257575758,0
Justin Harper,ORL,22,14,7,7,6,1.4,0.6,2.2,29,0.1,0.9,15.4,0,0.1,0,0.2,0.6,0.9,0.1,0.4,0.1,0.2,0.4,3.3,0,0,-2.7,2011-2012,0.212121212,0
Travis Leslie,LAC,22,10,5,5,4.5,1.4,0.5,1.4,35.7,0,0,0,0.4,0.9,44.4,0.6,0.3,0.9,0.5,0.2,0.2,0.2,0.4,4.2,0,0,-2.3,2011-2012,0.151515152,0
Damian Lillard,POR,22,82,33,49,38.6,19,6.7,15.7,42.9,2.3,6.1,36.8,3.3,3.9,84.4,0.5,2.6,3.1,6.5,3,0.9,0.2,2.1,33,7,0,-0.8,2012-2013,1,1
Terrence Ross,TOR,22,73,29,44,17,6.4,2.5,6.3,40.7,0.9,2.7,33.2,0.4,0.6,71.4,0.5,1.5,2,0.7,0.7,0.6,0.2,1.7,11.5,0,0,-0.9,2012-2013,0.890243902,0
John Jenkins,ATL,22,61,30,31,14.8,6.1,2.1,4.8,44.6,0.9,2.3,38.4,1,1.1,84.3,0.3,1.3,1.5,0.9,0.7,0.2,0.2,0.6,9.8,0,0,-2,2012-2013,0.743902439,0
John Henson,MIL,22,63,27,36,13.1,6,2.6,5.3,48.2,0,0,0,0.9,1.7,53.3,1.8,2.9,4.7,0.5,0.7,0.3,0.7,1.3,14.6,6,0,-0.6,2012-2013,0.768292683,0
Donatas Motiejunas,HOU,22,44,27,17,12.2,5.7,2.2,4.8,45.5,0.5,1.9,28.9,0.7,1.2,62.7,0.8,1.3,2.1,0.7,0.8,0.2,0.2,1.7,9.6,0,0,0.9,2012-2013,0.536585366,0
Jae Crowder,DAL,22,78,41,37,17.3,5,1.8,4.7,38.4,0.8,2.5,32.8,0.6,0.9,64.4,0.4,1.9,2.4,1.2,0.6,0.8,0.2,1.6,12.2,0,0,-0.4,2012-2013,0.951219512,0
Thomas Robinson,HOU,22,70,30,40,15.1,4.8,2,4.6,43,0,0,0,0.8,1.6,52.3,1.7,2.8,4.5,0.7,1.3,0.6,0.4,1.8,12.8,3,0,-2.1,2012-2013,0.853658537,0
Will Barton,POR,22,73,27,46,12.2,4,1.6,4.2,38.2,0.1,0.9,13.8,0.7,0.9,76.9,0.5,1.5,2,0.8,0.8,0.5,0.1,0.8,8.6,1,0,-2.8,2012-2013,0.890243902,0
Quincy Acy,TOR,22,29,13,16,11.8,4,1.4,2.6,56,0,0.1,50,1.1,1.3,81.6,1,1.6,2.7,0.4,0.6,0.4,0.5,1.8,10.1,0,0,3.3,2012-2013,0.353658537,0
Arnett Moultrie,PHI,22,47,20,27,11.5,3.7,1.7,2.9,58.2,0,0,0,0.4,0.6,64.3,1.6,1.5,3.1,0.2,0.4,0.4,0.2,0.9,9,1,0,-1.8,2012-2013,0.573170732,0
Maalik Wayns,LAC,22,27,10,17,7.5,2.8,1,3.3,29.5,0.3,1.1,22.6,0.6,0.7,89.5,0,0.2,0.3,1,0.6,0.2,0,1,4.7,0,0,-2.2,2012-2013,0.329268293,0
Jared Cunningham,DAL,22,8,4,4,3.2,2,0.8,1.8,42.9,0.3,0.4,66.7,0.3,0.3,100,0.1,0.3,0.4,0.1,0.3,0.1,0,0.4,2.8,0,0,-1.1,2012-2013,0.097560976,0
Michael Carter-Williams,PHI,22,70,18,52,34.5,16.7,6.1,15.1,40.5,0.8,3,26.4,3.7,5.2,70.3,1.4,4.8,6.2,6.3,3.5,1.9,0.6,3,37.5,16,2,-6.4,2013-2014,0.853658537,1
Victor Oladipo,ORL,22,80,23,57,31.1,13.8,4.9,11.7,41.9,0.9,2.8,32.7,3.1,4,78,0.5,3.6,4.1,4.1,3.2,1.6,0.5,2.6,27.9,7,1,-3.4,2013-2014,0.975609756,0
Tim Hardaway Jr.,NYK,22,81,37,44,23.2,10.2,3.6,8.5,42.8,1.6,4.4,36.3,1.3,1.6,82.8,0.2,1.3,1.5,0.8,0.6,0.5,0.1,1.8,14.5,0,0,-2.1,2013-2014,0.987804878,0
Troy Daniels,HOU,22,5,3,2,15,8.4,3,6.2,48.4,2.4,5,48,0,0,0,0,0.8,0.8,1,0.6,0,0,1.2,10.3,0,0,5.6,2013-2014,0.06097561,0
CJ McCollum,POR,22,38,21,17,12.5,5.3,1.9,4.7,41.6,0.8,2.1,37.5,0.6,0.9,67.6,0.2,1.1,1.3,0.7,0.9,0.4,0.1,1.4,8.2,0,0,-0.5,2013-2014,0.463414634,0
Tony Snell,CHI,22,77,46,31,16,4.5,1.7,4.4,38.4,0.7,2.3,32,0.4,0.5,75.6,0.2,1.4,1.6,0.9,0.6,0.4,0.2,1.1,8.9,0,0,-1.5,2013-2014,0.93902439,0
Mike Muscala,ATL,22,20,10,10,10.7,3.8,1.6,3.7,42.5,0,0.2,0,0.7,0.7,100,0.9,1.8,2.6,0.4,0.6,0.2,0.5,1.5,8.8,0,0,-4.6,2013-2014,0.243902439,0
Brandon Davies,PHI,22,51,15,36,11.3,2.8,1.1,2.5,42.2,0,0.2,20,0.7,1,64.2,0.7,1.4,2.1,0.5,0.7,0.5,0.2,1.8,7.4,0,0,-0.6,2013-2014,0.62195122,0
Rudy Gobert,UTA,22,45,7,38,9.6,2.3,0.8,1.6,48.6,0,0,0,0.7,1.4,49.2,1.1,2.3,3.4,0.2,0.7,0.2,0.9,1.3,9.2,0,0,-0.6,2013-2014,0.548780488,0
Allen Crabbe,POR,22,15,12,3,6.7,2.2,0.8,2.2,36.4,0.4,0.9,42.9,0.2,0.3,75,0.1,0.5,0.6,0.4,0.2,0.1,0.1,0.7,3.9,0,0,0.1,2013-2014,0.182926829,0
Andre Roberson,OKC,22,40,30,10,10,1.9,0.8,1.7,48.5,0.1,0.3,15.4,0.2,0.3,70,0.9,1.5,2.4,0.4,0.5,0.5,0.3,1.9,7,0,0,0.7,2013-2014,0.487804878,0
Jamaal Franklin,MEM,22,21,11,10,7.7,1.9,0.8,1.9,41,0.2,0.5,45.5,0.1,0.1,100,0.2,0.9,1.1,0.3,0.5,0.2,0.1,1.1,3.9,0,0,0.6,2013-2014,0.256097561,0
Tony Mitchell,DET,22,21,6,15,3.8,1,0.2,0.6,41.7,0,0,100,0.5,0.9,57.9,0.7,0.5,1.2,0.1,0.2,0.3,0.1,0.4,3.8,0,0,0.4,2013-2014,0.256097561,0
Jabari Brown,LAL,22,19,4,15,29.9,11.9,3.7,8.9,41.2,1.2,3.3,37.1,3.4,4.5,75.3,0.2,1.7,1.9,2.1,1.7,0.6,0.1,1.7,17.9,0,0,-6.7,2014-2015,0.231707317,0
Rodney Hood,UTA,22,50,27,23,21.3,8.7,3.1,7.5,41.4,1.2,3.4,36.5,1.2,1.6,76.3,0.2,2.2,2.3,1.7,0.9,0.6,0.2,2.4,15.6,0,0,1.2,2014-2015,0.609756098,0
KJ McDaniels,HOU,22,62,19,43,21.8,7.9,2.8,7,39.6,0.7,2.4,28.7,1.6,2.1,75.2,1,2.2,3.2,1.2,1.7,0.7,1.1,2,17.3,1,0,-4.2,2014-2015,0.756097561,0
PJ Hairston,CHA,22,45,19,26,15.3,5.6,1.9,6,32.3,1.1,3.6,30.1,0.7,0.8,86.1,0.5,1.6,2,0.5,0.5,0.5,0.3,1.4,10.6,1,0,-2.3,2014-2015,0.548780488,0
Bryce Cotton,UTA,22,15,9,6,10.6,5.3,1.9,4.6,42,0.5,1.3,35,1,1.2,83.3,0.2,1,1.2,1,0.8,0.3,0,0.4,8.3,0,0,0,2014-2015,0.182926829,0
JaKarr Sampson,PHI,22,74,17,57,15.3,5.2,2,4.7,42.2,0.4,1.7,24.4,0.9,1.3,67,0.5,1.7,2.2,1,1,0.5,0.4,1.8,11,0,0,-4.5,2014-2015,0.902439024,0
Spencer Dinwiddie,DET,22,34,12,22,13.4,4.3,1.5,5,30.2,0.4,1.9,18.5,0.9,1,91.2,0.1,1.3,1.4,3.1,1,0.6,0.2,1.6,11.8,1,0,-2.1,2014-2015,0.414634146,0
James Michael McAdoo,GSW,22,15,11,4,9.1,4.1,1.6,2.9,54.5,0,0,0,0.9,1.7,56,1,1.5,2.5,0.1,0.4,0.3,0.6,1.4,9.7,0,0,0.6,2014-2015,0.182926829,0
Johnny O'Bryant III,MIL,22,34,17,17,10.8,2.9,1.3,3.5,36.7,0,0,0,0.4,0.8,44.4,0.8,1.1,1.9,0.5,0.7,0.1,0.1,1.3,6,0,0,-2.9,2014-2015,0.414634146,0
Nick Johnson,HOU,22,28,18,10,9.4,2.6,0.9,2.7,34.7,0.2,0.8,23.8,0.6,0.9,68,0.5,0.9,1.4,0.4,0.7,0.3,0.1,1.2,5.3,0,0,-1.7,2014-2015,0.341463415,0
Devyn Marble,ORL,22,16,3,13,13,2.3,0.9,2.8,31.8,0.3,1.4,18.2,0.3,1,31.3,0.3,1.6,1.9,1.1,0.6,0.6,0.1,0.9,7.7,0,0,-1,2014-2015,0.195121951,0
Lucas Nogueira,TOR,22,6,3,3,3.8,1,0.3,1.3,25,0,0,0,0.3,0.7,50,0.3,1.5,1.8,0.2,0.3,0.3,0,1,4.1,0,0,-1.8,2014-2015,0.073170732,0
Sim Bhullar,SAC,22,3,1,2,0.9,0.7,0.3,0.7,50,0,0,0,0,0,0,0,0.3,0.3,0.3,0,0,0.3,0,2.6,0,0,0.3,2014-2015,0.036585366,0
Willie Cauley-Stein,SAC,22,66,26,40,21.4,7,2.9,5.1,56.3,0,0,0,1.2,1.9,64.8,2,3.3,5.3,0.6,0.7,0.7,1,2.2,18.7,3,0,-1.2,2015-2016,0.804878049,0
Josh Richardson,MIA,22,52,29,23,21.3,6.6,2.4,5.2,45.2,1,2.2,46.1,0.8,1.2,66.7,0.4,1.7,2.1,1.4,0.7,0.7,0.5,2.1,14,0,0,0.8,2015-2016,0.634146341,0
Jarell Martin,MEM,22,27,10,17,14.1,5.7,2,4.3,46.6,0,0.1,0,1.7,2.3,72.6,1.4,1.7,3.2,0.6,0.7,0.3,0.3,2.1,11.3,0,0,-1.4,2015-2016,0.329268293,0
Richaun Holmes,PHI,22,51,7,44,13.8,5.6,2.2,4.4,51.4,0.2,0.9,18.2,1,1.5,68.9,1.2,1.4,2.6,0.6,0.6,0.4,0.8,1.8,12.6,0,0,-1,2015-2016,0.62195122,0
Justin Anderson,DAL,22,55,28,27,11.8,3.8,1.3,3.2,40.6,0.4,1.5,26.5,0.8,1,80,0.3,2.1,2.4,0.5,0.4,0.3,0.5,0.8,9.4,1,0,0.1,2015-2016,0.670731707,0
Montrezl Harrell,HOU,22,39,17,22,9.7,3.6,1.5,2.3,64.4,0,0,0,0.6,1.2,52.2,0.6,1,1.7,0.4,0.4,0.3,0.3,1.2,7.5,0,0,1,2015-2016,0.475609756,0
RJ Hunter,BOS,22,36,21,15,8.7,2.7,1,2.7,36.7,0.5,1.8,30.2,0.2,0.2,85.7,0.1,1,1,0.4,0.3,0.4,0.1,0.8,5.7,0,0,-0.8,2015-2016,0.43902439,0
Terry Rozier,BOS,22,39,24,15,8,1.8,0.7,2.7,27.4,0.2,0.7,22.2,0.2,0.3,80,0.6,1,1.6,0.9,0.5,0.2,0,0.6,5.3,0,0,-1.2,2015-2016,0.475609756,0
Sam Dekker,HOU,22,3,1,2,2,0,0,0,0,0,0,0,0,0,0,0,0.3,0.3,0,0,0.3,0,0,1.4,0,0,-0.7,2015-2016,0.036585366,0
Caris LeVert,BKN,22,57,15,42,21.7,8.2,3,6.7,45,1,3.2,32.1,1.2,1.6,72,0.4,2.9,3.3,1.9,1,0.9,0.1,1.6,17,0,0,-1.6,2016-2017,0.695121951,0
Isaiah Whitehead,BKN,22,73,17,56,22.5,7.4,2.8,7,40.2,0.6,2,29.5,1.2,1.5,80.5,0.4,2.1,2.5,2.6,1.9,0.6,0.5,2.4,15.7,1,0,-1.6,2016-2017,0.890243902,0
Timothe Luwawu-Cabarrot,PHI,22,69,23,46,17.2,6.4,2.1,5.2,40.2,0.7,2.3,31.1,1.5,1.8,85.4,0.4,1.8,2.2,1.1,1.1,0.5,0.1,2.2,11.4,0,0,-0.8,2016-2017,0.841463415,0
Troy Williams,HOU,22,30,19,11,18.6,6.2,2.4,5.6,43.7,0.6,2.1,29,0.7,1.1,65.6,0.5,1.8,2.3,0.8,1.1,0.9,0.3,2,12.8,0,0,-2.5,2016-2017,0.365853659,0
Andrew Harrison,MEM,22,72,38,34,20.5,5.9,1.6,5,32.5,0.6,2.2,27.6,2.1,2.7,76.3,0.3,1.6,1.9,2.8,1.2,0.7,0.3,2.7,14.2,0,0,-0.4,2016-2017,0.87804878,0
Wayne Selden,MEM,22,14,6,8,16.9,5.1,1.8,4.1,43.1,0.5,2,25,1,1.6,63.6,0.1,1.1,1.1,0.9,0.9,0.4,0.1,1.3,8.5,0,0,-3,2016-2017,0.170731707,0
Kay Felder,CLE,22,42,25,17,9.2,4,1.5,3.8,39.2,0.2,0.5,31.8,0.8,1.2,71.4,0.1,0.9,1,1.4,0.7,0.4,0.2,0.9,8.3,0,0,-1.3,2016-2017,0.512195122,0
DeAndre' Bembry,ATL,22,38,20,18,9.8,2.7,1.2,2.6,48,0,0.5,5.6,0.2,0.4,37.5,0.4,1.2,1.6,0.7,0.4,0.2,0.1,0.6,6.2,0,0,-1.2,2016-2017,0.463414634,0
Demetrius Jackson,BOS,22,5,1,4,3.4,2,0.6,0.8,75,0.2,0.2,100,0.6,1.2,50,0.4,0.4,0.8,0.6,0,0,0,0,3.9,0,0,0.2,2016-2017,0.06097561,0
Tim Quarterman,POR,22,16,6,10,5,1.9,0.8,1.8,44.8,0.3,0.8,38.5,0,0.2,0,0.3,0.6,0.9,0.7,0.7,0.1,0.2,0.4,4.3,0,0,0.1,2016-2017,0.195121951,0
Damian Jones,GSW,22,10,7,3,8.5,1.9,0.8,1.6,50,0,0,0,0.3,1,30,0.9,1.4,2.3,0,0.6,0.1,0.4,1.5,5.6,0,0,-2.8,2016-2017,0.12195122,0
Mike Tobey,CHA,22,2,0,2,12.6,1,0.5,2,25,0,0,0,0,0,0,1,0.5,1.5,0.5,0.5,0,0,1,3.1,0,0,-8.5,2016-2017,0.024390244,0
Isaiah Taylor,HOU,22,4,3,1,13,0.8,0.3,1.8,14.3,0,0.5,0,0.3,0.5,50,0.3,0.5,0.8,0.8,0,0.3,0.3,1.5,4.3,0,0,-4.8,2016-2017,0.048780488,0
Ben Bentil,DAL,22,3,2,1,3.3,0,0,1,0,0,0.3,0,0,0,0,0,0.7,0.7,0,0.3,0,0,0.3,0.5,0,0,-4,2016-2017,0.036585366,0
Kyle Kuzma,LAL,22,77,34,43,31.2,16.1,6.1,13.5,45,2.1,5.6,36.6,1.9,2.7,70.7,1.1,5.1,6.3,1.8,1.8,0.6,0.4,2.1,27.8,17,0,-1.6,2017-2018,0.93902439,0
Dillon Brooks,MEM,22,82,22,60,28.7,11,4.1,9.4,44,1.1,3.2,35.6,1.5,2,74.7,0.6,2.5,3.1,1.6,1.5,0.9,0.2,2.8,19,0,0,-3,2017-2018,1,0
Luke Kennard,DET,22,73,34,39,20,7.6,2.8,6.4,44.3,1.1,2.7,41.5,0.9,1,85.5,0.3,2.1,2.4,1.7,0.9,0.6,0.2,1.2,14.5,1,0,1.6,2017-2018,0.890243902,0
Tyler Dorsey,ATL,22,56,15,41,17.4,7.2,2.6,6.8,37.7,1.3,3.6,36.2,0.8,1.1,71.4,0.3,2,2.3,1.4,0.7,0.3,0.1,1.1,12.7,0,0,-2.7,2017-2018,0.682926829,0
Luke Kornet,NYK,22,20,6,14,16.3,6.7,2.5,6.3,39.2,1.4,4,35.4,0.4,0.6,72.7,0.6,2.7,3.2,1.3,0.6,0.3,0.8,1.4,15.2,1,0,-3.6,2017-2018,0.243902439,0
Jaylen Morris,ATL,22,6,2,4,16.4,4.7,2.2,5.3,40.6,0.3,1.7,20,0,0,0,0.3,2.3,2.7,1.2,1,0.3,0.2,0.3,10.1,0,0,-7,2017-2018,0.073170732,0
Dwayne Bacon,CHA,22,53,25,28,13.5,3.3,1.4,3.6,37.5,0.2,0.8,25.6,0.4,0.5,80,0.1,2.3,2.3,0.7,0.4,0.3,0,0.9,7.8,0,0,0.2,2017-2018,0.646341463,0
Guerschon Yabusele,BOS,22,33,24,9,7.1,2.4,0.8,1.8,42.6,0.4,1.1,32.4,0.5,0.7,68.2,0.5,1.1,1.6,0.5,0.4,0.1,0.2,0.7,5.5,0,0,-0.2,2017-2018,0.402439024,0
Daniel Hamilton,OKC,22,6,5,1,4.6,2,0.8,1.8,45.5,0.3,0.8,40,0,0,0,0,0.8,0.8,1.3,0.3,0.2,0,0.3,5.2,0,0,-2,2017-2018,0.073170732,0
Edmond Sumner,IND,22,1,0,1,2.2,2,1,1,100,0,0,0,0,0,0,0,1,1,0,0,0,0,1,3.2,0,0,-6,2017-2018,0.012195122,0
Dakari Johnson,OKC,22,31,21,10,5.2,1.8,0.7,1.3,56.4,0,0,0,0.4,0.6,55,0.5,0.6,1.1,0.3,0.1,0.2,0.3,0.9,4.7,0,0,1.1,2017-2018,0.37804878,0
Zhou Qi,HOU,22,18,14,4,6.9,1.2,0.3,1.8,18.8,0.1,1.1,10.5,0.4,0.7,66.7,0.3,0.9,1.2,0.1,0.6,0.1,0.8,0.8,5,0,0,-3.7,2017-2018,0.219512195,0
D.J. Wilson,MIL,22,22,12,10,3.2,1,0.4,0.7,56.3,0.1,0.2,40,0,0.1,50,0.1,0.4,0.5,0.1,0.2,0.1,0,0.3,2.1,0,0,-1.9,2017-2018,0.268292683,0
Tyler Lydon,DEN,22,1,1,0,2.2,0,0,0,0,0,0,0,0,0,0,0,0,0,0,0,0,0,0,0,0,0,-6,2017-2018,0.012195122,0
Jalen Brunson,DAL,22,73,27,46,21.8,9.3,3.6,7.7,46.7,0.9,2.5,34.8,1.2,1.6,72.5,0.3,2,2.3,3.2,1.2,0.5,0.1,1.7,17.3,3,0,-1.1,2018-2019,0.890243902,0
Landry Shamet,LAC,22,79,51,28,22.8,9.1,3,7.1,43.1,2.1,5,42.2,0.9,1.2,80.6,0.3,1.4,1.7,1.5,0.6,0.5,0.1,2,14.6,0,0,0.8,2018-2019,0.963414634,0
Mikal Bridges,PHX,22,82,19,63,29.5,8.3,3,6.9,43,1.3,3.8,33.5,1.2,1.4,80.5,0.7,2.5,3.2,2.1,0.9,1.6,0.5,2.5,20.6,0,0,-4.7,2018-2019,1,0
Aaron Holiday,IND,22,50,31,19,12.9,5.9,2.1,5.2,40.1,0.9,2.5,33.9,0.8,1,82,0.1,1.2,1.3,1.7,0.8,0.4,0.3,1.4,11.3,0,0,2,2018-2019,0.609756098,0
Brandon Sampson,CHI,22,14,3,11,15.3,5.1,2,4.3,46.7,0.8,2.1,37.9,0.3,0.4,66.7,0.2,0.9,1.1,0.7,0.9,0.6,0.2,1.4,9,0,0,-2,2018-2019,0.170731707,0
Donte DiVincenzo,MIL,22,27,20,7,15.2,4.9,1.9,4.6,40.3,0.8,3.1,26.5,0.3,0.4,75,0.6,1.8,2.4,1.1,0.7,0.5,0.2,1.4,10.9,0,0,4,2018-2019,0.329268293,0
Moritz Wagner,LAL,22,43,15,28,10.4,4.8,1.7,4,41.5,0.5,1.8,28.6,1,1.2,81.1,0.4,1.6,2,0.6,0.9,0.3,0.3,1.3,8.8,0,0,-2.3,2018-2019,0.524390244,0
Shake Milton,PHI,22,20,10,10,13.4,4.4,1.7,4.4,39.1,0.7,2.2,31.8,0.3,0.4,71.4,0.5,1.3,1.8,0.9,0.3,0.4,0.4,1.5,9.9,0,0,-0.1,2018-2019,0.243902439,0
Bruce Brown,DET,22,74,35,39,19.6,4.3,1.7,4.2,39.8,0.3,1.3,25.8,0.6,0.8,75,0.6,1.9,2.5,1.2,0.6,0.5,0.5,2.4,11.6,0,0,-0.1,2018-2019,0.902439024,0
Ray Spalding,PHX,22,14,3,11,10.5,3.9,1.8,3.4,53.2,0,0.2,0,0.3,0.9,33.3,1.1,2.4,3.4,0.4,0.6,0.6,0.6,1.6,11.5,1,0,-1.5,2018-2019,0.170731707,0
Jerome Robinson,LAC,22,33,18,15,9.7,3.4,1.3,3.3,40,0.5,1.7,31.6,0.2,0.3,66.7,0.1,1.2,1.2,0.6,0.4,0.3,0.1,1.4,6.6,0,0,-0.7,2018-2019,0.402439024,0
Emanuel Terry,MIA,22,3,0,3,7.6,3.3,1.3,2.3,57.1,0,0,0,0.7,1.3,50,1,1.3,2.3,0.7,0.7,1,0,1.3,9.5,0,0,1.3,2018-2019,0.036585366,0
Svi Mykhailiuk,DET,22,42,19,23,10.5,3.2,1.1,3.3,32.9,0.7,2.1,32.6,0.3,0.5,60,0.2,0.6,0.9,0.9,0.5,0.3,0,0.6,6.1,0,0,-0.2,2018-2019,0.512195122,0
Haywood Highsmith,PHI,22,5,2,3,8,1.8,0.8,2,40,0.2,1,20,0,0.4,0,0,1,1,0.4,0.2,0.2,0,0.2,4,0,0,-4.6,2018-2019,0.06097561,0
Drew Eubanks,SAS,22,23,13,10,4.9,1.8,0.7,1.1,57.7,0,0,0,0.5,0.6,84.6,0.3,1.2,1.5,0.3,0.3,0.1,0.2,0.5,4.6,0,0,-0.9,2018-2019,0.280487805,0
Chimezie Metu,SAS,22,29,14,15,5,1.8,0.7,2,32.8,0,0.1,0,0.4,0.6,76.5,0.3,0.9,1.2,0.4,0.5,0.2,0.1,0.5,4.2,0,0,0,2018-2019,0.353658537,0
Deng Adel,CLE,22,19,4,15,10.2,1.7,0.6,1.9,30.6,0.3,1.2,26.1,0.2,0.2,100,0.2,0.8,1,0.3,0.3,0.1,0.2,0.7,3.8,0,0,-1.6,2018-2019,0.231707317,0
Melvin Frazier Jr.,ORL,22,10,8,2,4.4,1.5,0.7,2.1,33.3,0,0.6,0,0.1,0.4,25,0.3,0.2,0.5,0.1,0.1,0.1,0,0.6,2.5,0,0,-0.9,2018-2019,0.12195122,0
Jacob Evans,GSW,22,30,21,9,6.8,1.3,0.6,1.8,34,0.1,0.5,26.7,0,0,0,0.2,0.6,0.8,0.8,0.4,0.2,0.1,0.9,3.9,0,0,-1.2,2018-2019,0.365853659,0
Yante Maten,MIA,22,2,1,1,6.5,1,0.5,2,25,0,0.5,0,0,0,0,0.5,1,1.5,0,0,0.5,0,0,4.3,0,0,2,2018-2019,0.024390244,0
Tyler Davis,OKC,22,1,1,0,0.9,0,0,1,0,0,0,0,0,0,0,1,0,1,0,0,0,0,0,1.2,0,0,0,2018-2019,0.012195122,0
Rui Hachimura,WAS,22,48,15,33,30.1,13.5,5.3,11.4,46.6,0.5,1.8,28.7,2.4,2.9,82.9,1.6,4.5,6.1,1.8,1.1,0.8,0.2,2.2,25.3,3,0,-5.3,2019-2020,0.585365854,0
De'Andre Hunter,ATL,22,63,19,44,32,12.3,4.4,10.8,41,1.7,4.8,35.5,1.7,2.3,76.4,0.7,3.8,4.5,1.8,1.6,0.7,0.3,2.9,21.8,3,0,-4.1,2019-2020,0.768292683,0
Michael Porter Jr.,DEN,22,55,36,19,16.4,9.3,3.5,7,50.9,1.1,2.7,42.2,1.1,1.3,83.3,1.2,3.5,4.7,0.8,0.9,0.5,0.5,1.8,18.2,9,0,0.4,2019-2020,0.670731707,0
Jalen McDaniels,CHA,22,16,7,9,18.3,5.6,2.1,4.4,47.1,0.6,1.5,37.5,0.9,1.1,82.4,0.9,3.1,4.1,0.8,0.7,0.5,0.2,2.3,13,0,0,-1.4,2019-2020,0.195121951,0
Chris Clemons,HOU,22,33,19,14,8.8,4.9,1.7,4.3,40.1,1.1,3.2,34.6,0.3,0.3,90.9,0.1,0.8,0.9,0.8,0.6,0.3,0.2,0.8,8,0,0,-1.9,2019-2020,0.402439024,0
Justin Wright-Foreman,UTA,22,4,1,3,11.3,4.8,1.8,5,35,0.5,2.5,20,0.8,1,75,0,1.3,1.3,1.8,0.8,0.5,0,1.3,9.6,0,0,-7.5,2019-2020,0.048780488,0
Donta Hall,BKN,22,9,4,5,14.8,4.3,1.7,2.4,68.2,0,0,0,1,2,50,1.6,2.7,4.2,0.4,0.6,0.3,0.7,2.6,12.5,0,0,-3.9,2019-2020,0.109756098,0
DaQuan Jeffries,SAC,22,13,4,9,10.9,3.8,1.5,3.1,50,0.4,1.4,27.8,0.4,0.5,83.3,0.2,1.2,1.4,0.5,0.2,0.3,0.1,1.5,7.3,0,0,0.2,2019-2020,0.158536585,0
Tremont Waters,BOS,22,11,8,3,10.8,3.6,1.3,4.5,28.6,0.4,2.2,16.7,0.7,0.7,100,0,1.1,1.1,1.5,1.4,0.9,0.2,1.2,9,0,0,1.8,2019-2020,0.134146341,0
Mfiondu Kabengele,LAC,22,12,9,3,5.4,3.5,1.2,2.7,43.8,0.8,1.7,45,0.4,0.4,100,0.1,0.8,0.9,0.2,0.2,0.2,0.2,0.8,5.7,0,0,-0.1,2019-2020,0.146341463,0
Miye Oni,UTA,22,10,5,5,10.9,3.5,1.2,3.2,37.5,0.7,1.9,36.8,0.4,0.5,80,0.5,1.2,1.7,0.4,0.4,0.4,0.2,0.9,7.5,0,0,-1.6,2019-2020,0.12195122,0
Ty Jerome,PHX,22,31,16,15,10.6,3.3,1.2,3.6,33.6,0.5,1.6,28,0.4,0.5,75,0.2,1.3,1.5,1.4,0.6,0.5,0.1,0.9,8.4,0,0,-3.3,2019-2020,0.37804878,0
Carsen Edwards,BOS,22,37,25,12,9.5,3.3,1.1,3.5,32.8,0.6,2.1,31.6,0.4,0.5,68.4,0.2,1.1,1.3,0.6,0.4,0.3,0.1,0.9,6.7,0,0,-1.3,2019-2020,0.451219512,0
Rayjon Tucker,UTA,22,20,12,8,8.1,3.1,1,2.2,46.5,0.2,0.9,17.6,1,1.2,82.6,0.2,0.9,1,0.3,0.4,0.1,0.1,0.5,4.6,0,0,-1.2,2019-2020,0.243902439,0
Shamorie Ponds,TOR,22,4,4,0,2.6,2.3,0.8,1.3,60,0.3,0.5,50,0.5,0.5,100,0,0.3,0.3,0.5,0,0,0.3,0.5,4.1,0,0,0,2019-2020,0.048780488,0
Zach Norvell Jr.,GSW,22,5,2,3,8.2,2,0.6,2.4,25,0.6,1.6,37.5,0.2,0.2,100,0,1.2,1.2,0.6,0.6,0.4,0,0.8,4.9,0,0,-5.4,2019-2020,0.06097561,0
Oshae Brissett,TOR,22,19,15,4,7.1,1.9,0.7,1.9,36.1,0.2,0.8,20,0.4,0.5,80,0.5,0.9,1.4,0.4,0.4,0.2,0.1,0.9,4.6,0,0,1.8,2019-2020,0.231707317,0
Tyler Cook,DEN,22,13,3,10,4.2,1.8,0.6,0.9,66.7,0,0,0,0.5,0.6,87.5,0.5,0.6,1.1,0.1,0.2,0.2,0,0.4,3.6,0,0,-1.3,2019-2020,0.158536585,0
Justin Robinson,WAS,22,9,2,7,5.4,1.4,0.6,1.3,41.7,0.3,0.6,60,0,0,0,0.1,0.4,0.6,0.8,0.3,0,0.1,0.2,3.3,0,0,3.4,2019-2020,0.109756098,0
Kyle Guy,SAC,22,3,2,1,3.2,1.3,0.7,1.7,40,0,1,0,0,0,0,0,0.3,0.3,0.3,0,0,0,0.3,2.2,0,0,-3.7,2019-2020,0.036585366,0
Jordan Bone,DET,22,10,3,7,5.3,1.2,0.5,2,25,0.2,1,20,0,0,0,0,0.4,0.4,0.8,0.2,0.1,0,0.6,3,0,0,0,2019-2020,0.12195122,0
Jared Harper,NYK,22,3,1,2,2.6,0.7,0.3,1.3,25,0,0.7,0,0,0,0,0,0,0,0,0,0,0,0,0.7,0,0,-3.7,2019-2020,0.036585366,0
Isaiah Roby,OKC,22,3,2,1,3.8,0,0,0.3,0,0,0,0,0,0,0,0,0.7,0.7,0,0.3,0,0,0.3,0.5,0,0,-1.3,2019-2020,0.036585366,0
Marques Bolden,CLE,22,1,0,1,2.8,0,0,0,0,0,0,0,0,0,0,0,2,2,0,0,1,0,1,5.4,0,0,4,2019-2020,0.012195122,0
Saddiq Bey,DET,22,70,19,51,27.3,12.2,4,9.9,40.4,2.5,6.6,38,1.8,2.1,84.4,0.6,3.9,4.5,1.4,0.9,0.7,0.2,1.6,21.7,3,0,-3,2020-2021,0.972222222,0
Immanuel Quickley,NYK,22,64,37,27,19.4,11.4,3.6,9.1,39.5,1.8,4.7,38.9,2.4,2.7,89.1,0.4,1.8,2.1,2,0.9,0.5,0.2,1.8,18,0,0,2.8,2020-2021,0.888888889,0
Chuma Okeke,ORL,22,45,15,30,25.2,7.8,3,7.2,41.7,1.1,3.1,34.8,0.7,0.9,75,0.9,3.1,4,2.2,0.8,1.1,0.5,1.1,19.8,0,0,-4,2020-2021,0.625,0
Jalen Harris,TOR,22,13,3,10,13.2,7.4,2.8,5.5,50,1.3,2.8,47.2,0.5,0.7,77.8,0.2,1.2,1.4,1.3,1.1,0.6,0,1.2,11.8,0,0,-0.1,2020-2021,0.180555556,0
Xavier Tillman,MEM,22,59,31,28,18.4,6.6,2.8,5.1,55.9,0.4,1.1,33.8,0.6,0.9,64.2,1.3,3.1,4.3,1.3,0.8,0.7,0.6,2,16.9,2,0,0.6,2020-2021,0.819444444,0
Jordan Nwora,MIL,22,30,19,11,9.1,5.7,2.1,4.5,45.9,0.9,2.1,45.2,0.6,0.8,76,0.3,1.7,2,0.2,0.8,0.6,0.3,0.7,10.2,2,0,-0.1,2020-2021,0.416666667,0
Saben Lee,DET,22,48,14,34,16.3,5.6,2.1,4.4,47.1,0.2,0.5,34.8,1.3,1.9,68.5,0.4,1.6,2,3.6,1.1,0.7,0.3,1.6,15.1,0,0,-1.9,2020-2021,0.666666667,0
Mason Jones,PHI,22,32,10,22,10.5,5.3,1.6,3.8,42.3,0.8,2.1,36.4,1.3,2,62.5,0.2,1.5,1.7,1.3,0.9,0.2,0,0.8,9.1,0,0,-2.8,2020-2021,0.444444444,0
Paul Reed,PHI,22,26,17,9,6.8,3.4,1.6,3,53.8,0,0.2,0,0.2,0.3,50,1.2,1.2,2.3,0.5,0.5,0.4,0.5,1.1,9.1,1,0,1.4,2020-2021,0.361111111,0
Markus Howard,DEN,22,37,24,13,5.5,2.8,1.1,2.9,37.7,0.5,1.8,27.7,0.2,0.2,77.8,0,0.5,0.6,0.5,0.5,0.1,0,0.6,4.2,0,0,-1.9,2020-2021,0.513888889,0
Nate Hinton,DAL,22,21,11,10,4.4,2,0.7,2,35.7,0.2,0.9,21.1,0.3,0.5,70,0,0.4,0.4,0.4,0.2,0.3,0.1,0.4,4.1,0,0,-2.6,2020-2021,0.291666667,0
Nate Darling,CHA,22,7,3,4,3.7,1.3,0.3,1,28.6,0.3,1,28.6,0.4,0.4,100,0.1,0,0.1,0.1,0.1,0,0.1,0.1,2,0,0,-4.3,2020-2021,0.097222222,0
Ty-Shon Alexander,PHX,22,15,11,4,3.2,0.6,0.2,0.8,25,0.1,0.6,22.2,0.1,0.1,50,0.1,0.5,0.7,0.4,0.2,0,0.1,0.1,2,0,0,-0.5,2020-2021,0.208333333,0
Brandon Williams,POR,22,24,2,22,26.7,12.9,4.4,11.8,37.2,1.3,4.4,29.2,2.8,4,70.1,0.8,2.3,3.1,3.9,2.4,1,0.4,2.2,24.3,2,0,-11.3,2021-2022,0.292682927,0
Duane Washington Jr.,IND,22,48,12,36,20.2,9.9,3.6,8.9,40.5,1.7,4.5,37.7,1,1.3,75.4,0.1,1.6,1.7,1.8,1.2,0.5,0.1,1.4,15.2,0,0,-2.6,2021-2022,0.585365854,0
Terry Taylor,IND,22,33,7,26,21.6,9.6,4.1,6.7,61.4,0.4,1.2,31.6,1.1,1.5,70.6,2.9,2.3,5.2,1.2,0.7,0.4,0.2,1.8,19.1,2,0,-3.5,2021-2022,0.402439024,0
Ayo Dosunmu,CHI,22,77,42,35,27.4,8.8,3.6,6.9,52,0.9,2.4,37.6,0.7,1,67.9,0.4,2.4,2.8,3.3,1.4,0.8,0.4,2.4,19.2,4,0,-2.6,2021-2022,0.93902439,0
Vít Krej?í,OKC,22,30,8,22,23,6.2,2.3,5.6,40.7,1.1,3.3,32.7,0.6,0.7,86.4,0.6,2.8,3.4,1.9,1,0.6,0.3,2.2,14.9,1,0,-6,2021-2022,0.365853659,0
Quentin Grimes,NYK,22,46,21,25,17.1,6,2.1,5.1,40.4,1.6,4.1,38.1,0.3,0.4,68.4,0.5,1.5,2,1,0.6,0.7,0.2,1.6,12,0,0,-1.2,2021-2022,0.56097561,0
Trey Murphy III,NOP,22,62,31,31,13.9,5.4,1.8,4.5,39.4,1.1,3,38.2,0.7,0.8,88.2,0.8,1.6,2.4,0.6,0.3,0.4,0.1,1,10.3,0,0,0,2021-2022,0.756097561,0
David Duke Jr.,BKN,22,22,10,12,15.5,4.7,1.8,4.9,36.1,0.4,1.7,24.3,0.8,1,81,1.4,1.7,3,0.8,0.4,0.6,0.3,1.6,12,2,0,-0.5,2021-2022,0.268292683,0
Dalano Banton,TOR,22,64,37,27,10.9,3.2,1.3,3.2,41.1,0.2,0.8,25.5,0.4,0.7,59.1,0.6,1.3,1.9,1.5,0.8,0.4,0.2,1.1,8.8,0,0,0.5,2021-2022,0.780487805,0
Neemias Queta,SAC,22,15,4,11,8,3,1.1,2.5,44.7,0,0,0,0.7,1.1,64.7,0.9,1.1,2.1,0.4,0.4,0.1,0.5,1.2,7.5,0,0,-0.5,2021-2022,0.182926829,0
Joe Wieskamp,SAS,22,29,11,18,7.1,2.1,0.7,1.9,35.7,0.5,1.5,32.6,0.2,0.4,53.8,0.1,0.3,0.5,0.3,0.1,0.1,0.1,0.5,3.8,0,0,0,2021-2022,0.353658537,0
Marko Simonovic,CHI,22,9,4,5,3.9,1.9,0.4,1.7,26.7,0.1,0.6,20,0.9,1.2,72.7,0.6,0.6,1.1,0,0.2,0.1,0.1,0.7,3.7,0,0,0.3,2021-2022,0.109756098,0
Scottie Lewis,CHA,22,2,1,1,3.3,0.5,0,0,0,0,0,0,0.5,1,50,0,0,0,0.5,0,0.5,0,0,2.8,0,0,-2,2021-2022,0.024390244,0
Aaron Henry,PHI,22,6,6,0,2.8,0.3,0.2,0.8,20,0,0.2,0,0,0,0,0,0.2,0.2,0,0.3,0,0.3,0.3,1.2,0,0,-3.3,2021-2022,0.073170732,0
Joel Ayayi,WAS,22,7,1,6,2.9,0.3,0.1,0.9,16.7,0,0.1,0,0,0,0,0.1,0.3,0.4,0.6,0,0,0,0,1.7,0,0,0.4,2021-2022,0.085365854,0
Feron Hunt,NYK,22,2,2,0,4.2,0,0,1,0,0,0,0,0,0,0,0.5,0,0.5,0.5,0.5,0.5,0,0.5,2.4,0,0,-0.5,2021-2022,0.024390244,0
Jalen Williams,OKC,22,75,36,39,30.3,14.1,5.5,10.6,52.1,1,2.7,35.6,2.1,2.5,81.2,1.1,3.4,4.5,3.3,1.6,1.4,0.5,2.5,28.3,3,0,-0.7,2022-2023,0.914634146,0
Keegan Murray,SAC,22,80,47,33,29.8,12.2,4.4,9.8,45.3,2.6,6.3,41.1,0.8,1,76.5,1.1,3.5,4.6,1.2,0.8,0.8,0.5,2,22.7,4,0,1.2,2022-2023,0.975609756,0
Julian Champagnie,SAS,22,17,7,10,18.8,9.7,3.5,7.6,45.4,1.9,4.8,40.2,0.8,1,82.4,0.6,2.9,3.5,0.6,0.6,0.4,0.3,1.5,16.1,1,0,-4.4,2022-2023,0.207317073,0
Tari Eason,HOU,22,82,22,60,21.6,9.3,3.6,8,44.8,0.7,2.1,34.3,1.3,1.8,75.2,2.4,3.7,6,1.1,1.2,1.2,0.6,2.3,22.1,7,0,-1.9,2022-2023,1,0
David Roddy,MEM,22,70,44,26,18,6.7,2.6,6,42.9,0.9,3,30.7,0.6,0.9,63.1,0.7,2,2.8,0.8,0.8,0.4,0.3,1.5,12.5,0,0,-0.9,2022-2023,0.853658537,0
MarJon Beauchamp,MIL,22,52,34,18,13.5,5.1,1.8,4.7,39.5,0.9,2.7,33.1,0.5,0.7,73,0.7,1.5,2.2,0.7,0.9,0.4,0.1,1.4,9.5,0,0,-1.9,2022-2023,0.634146341,0
Johnny Juzang,UTA,22,18,6,12,12.9,4.8,1.9,5.8,33.7,0.8,3.5,23.8,0.1,0.2,50,0.4,1.7,2.2,0.4,0.2,0.2,0.2,0.7,9.1,0,0,-4.8,2022-2023,0.219512195,0
Christian Braun,DEN,22,76,49,27,15.5,4.7,1.9,3.8,49.5,0.4,1.3,35.4,0.5,0.8,62.5,0.6,1.8,2.4,0.8,0.5,0.5,0.2,1.3,10.6,0,0,-1.5,2022-2023,0.926829268,0
Orlando Robinson,MIA,22,31,18,13,13.7,3.7,1.5,2.9,52.8,0,0.2,0,0.7,1,71,1.5,2.5,4.1,0.8,0.5,0.4,0.4,1.7,11.6,0,0,0.9,2022-2023,0.37804878,0
A.J. Lawson,DAL,22,15,5,10,7.2,3.7,1.5,2.9,50,0.7,1.7,40,0.1,0.5,25,0.4,1,1.4,0.1,0.2,0.1,0,0.7,5.8,0,0,-3.1,2022-2023,0.182926829,0
Lester Quinones,GSW,22,4,4,0,4.5,2.5,0.5,1.3,40,0.5,1,50,1,1.5,66.7,0.3,0.5,0.8,0.5,1.3,0.3,0,0,3.7,0,0,1.5,2022-2023,0.048780488,0
Scotty Pippen Jr.,LAL,22,6,1,5,5.3,2.3,0.7,2,33.3,0.2,0.5,33.3,0.8,1.5,55.6,0.3,0.3,0.7,0.3,0.3,0.3,0.2,0.5,4.8,0,0,-0.2,2022-2023,0.073170732,0
Vince Williams Jr.,MEM,22,15,7,8,7,2,0.8,2.7,30,0.3,1.9,14.3,0.1,0.1,100,0.3,0.7,1,0.3,0.3,0.4,0.1,0.8,4.9,0,0,-2.3,2022-2023,0.182926829,0
Chet Holmgren,OKC,22,82,57,25,29.4,16.5,6.2,11.6,53,1.6,4.3,37,2.7,3.4,79.3,1.6,6.3,7.9,2.4,1.6,0.6,2.3,2.4,37,23,0,5.2,2023-2024,1,0
Jordan Hawkins,NOP,22,67,38,29,17.3,7.8,2.6,6.8,38.2,1.6,4.4,36.6,1,1.2,83.8,0.4,1.8,2.2,1,0.6,0.3,0.1,1.1,12.6,0,0,0.2,2023-2024,0.817073171,0
Ricky Council IV,PHI,22,32,15,17,9,5.4,1.7,3.5,48.2,0.4,1,37.5,1.7,2.2,74.6,0.4,1,1.4,0.5,0.2,0.3,0,0.5,8.6,1,0,0.4,2023-2024,0.390243902,0
Julian Strawther,DEN,22,50,34,16,10.9,4.5,1.6,4.4,36.9,0.8,2.8,29.7,0.4,0.6,71,0.1,1.1,1.2,0.9,0.5,0.3,0.1,1.1,8.4,0,0,-2.1,2023-2024,0.609756098,0
Ben Sheppard,IND,22,57,32,25,14.3,4.4,1.6,4,39.3,0.9,2.7,31.4,0.4,0.5,88.5,0.3,1.3,1.6,0.9,0.3,0.6,0,1.5,9.3,0,0,1.2,2023-2024,0.695121951,0
Adama Sanogo,CHI,22,9,3,6,7.3,4,1.6,3,51.9,0,0,0,0.9,1.3,66.7,2.1,1.9,4,0,0.6,0.1,0,0.6,8.6,1,0,3.8,2023-2024,0.109756098,0
Gui Santos,GSW,22,23,17,6,8.4,3.6,1.2,2.4,50.9,0.4,1.2,37,0.7,0.7,94.1,0.7,1.4,2.1,0.6,0.3,0.2,0.1,1,7.5,0,0,0.7,2023-2024,0.280487805,0
Andre Jackson Jr.,MIL,22,57,33,24,10,2.2,0.9,1.8,50,0.3,0.8,37,0.1,0.2,72.7,0.8,1.2,2,0.9,0.5,0.3,0.1,1.6,6.6,1,0,-1.6,2023-2024,0.695121951,0
Colby Jones,SAC,22,30,15,15,6.4,2.1,0.9,2.4,39.4,0.1,0.7,9.1,0.2,0.4,54.5,0.6,0.8,1.3,0.7,0.3,0.2,0.2,1,5.6,0,0,0.3,2023-2024,0.365853659,0
Malcolm Cazalon,DET,22,1,0,1,2.6,0,0,0,0,0,0,0,0,0,0,0,0,0,0,0,0,0,0,0,0,0,5,2023-2024,0.012195122,0
KJ Simpson,CHA,22,36,3,33,23.4,7.8,2.9,8.4,34.6,0.9,3.6,25.4,1.1,1.4,82,1.1,1.9,3,3.1,1.6,0.9,0.2,1.6,17.9,0,0,-7.7,2024-2025,0.43902439,0
Jamal Shead,TOR,22,75,28,47,19.6,7.1,2.7,6.7,40.5,1,3,32.3,0.7,0.9,76.8,0.4,1.1,1.5,4.2,1.6,0.8,0.1,2.1,16.4,1,0,-3.1,2024-2025,0.914634146,0
Ryan Dunn,PHX,22,74,32,42,19.1,6.9,2.8,6.4,43,1.1,3.6,31.1,0.3,0.5,48.7,1.2,2.4,3.6,0.8,0.5,0.6,0.5,2.2,15.3,3,0,-2.3,2024-2025,0.902439024,0
Adem Bona,PHI,22,58,12,46,15.6,5.8,2.3,3.3,70.3,0,0,0,1.2,1.7,67,1.6,2.6,4.2,0.5,1.1,0.4,1.2,2.2,15.4,3,0,-1.9,2024-2025,0.707317073,0
Oso Ighodaro,PHX,22,61,25,36,17.1,4.2,1.9,3.1,60.4,0,0,0,0.5,0.8,58,1.1,2.6,3.6,1.2,0.6,0.5,0.5,1.7,12.5,0,0,-0.3,2024-2025,0.743902439,0
Jaylon Tyson,CLE,22,47,37,10,9.6,3.6,1.4,3.2,43,0.4,1.2,34.5,0.4,0.5,79.2,0.8,1.3,2,0.9,0.6,0.3,0.1,1.1,7.9,1,0,0,2024-2025,0.573170732,0
Bobi Klintman,DET,22,8,4,4,5.3,1.9,0.8,1.3,60,0.3,0.6,40,0.1,0.3,50,0.1,0.8,0.9,0.9,0.1,0.3,0.1,1,5.2,0,0,0,2024-2025,0.097560976,0
Armel Traore,LAL,22,9,5,4,7.4,1.6,0.7,2.1,31.6,0,0.8,0,0.2,0.8,28.6,0.2,1.4,1.7,0.1,0.3,0.4,0.2,0.7,5.4,0,0,-5.4,2024-2025,0.109756098,0
Jazian Gortman,DAL,22,16,8,8,3.5,1.5,0.6,1.4,39.1,0.3,0.7,36.4,0.1,0.3,50,0.1,0.3,0.3,0.4,0.3,0.1,0.1,0.6,2.7,0,0,0.7,2024-2025,0.195121951,0
Trey Alexander,DEN,22,24,14,10,4.9,1.3,0.5,1.7,31.7,0.1,0.7,17.6,0.1,0.2,75,0,0.5,0.5,0.5,0.2,0.1,0,0.4,2.8,0,0,-1,2024-2025,0.292682927,0
Harrison Ingram,SAS,22,5,0,5,7,0.8,0.4,0.8,50,0,0.2,0,0,0,0,0.4,1.4,1.8,0.6,0.2,0.6,0,0.4,5.5,0,0,6,2024-2025,0.06097561,0
Cui Cui,BKN,22,5,2,3,2.1,0.6,0.2,1.4,14.3,0,0.6,0,0.2,0.4,50,0,0.4,0.4,0,0,0,0,0,1.1,0,0,0.4,2024-2025,0.06097561,0
Reggie Williams,GSW,23,24,9,15,32.6,15.2,5.8,11.8,49.5,1.4,3.8,35.9,2.2,2.6,83.9,0.8,3.8,4.6,2.8,1.2,1,0.3,2,27.3,0,0,-2.2,2009-2010,0.292682927,0
Marcus Thornton,NOH,23,73,33,40,25.6,14.5,5.5,12.1,45.1,1.6,4.3,37.4,2,2.4,81.4,1,1.9,2.9,1.6,1,0.8,0.2,1.7,22.1,0,0,-1.1,2009-2010,0.890243902,0
Wesley Matthews,UTA,23,82,53,29,24.7,9.4,3.3,6.9,48.3,0.8,2,38.2,2,2.4,82.9,0.6,1.7,2.3,1.5,1.1,0.8,0.2,1.9,16.2,0,0,2.5,2009-2010,1,0
Jonas Jerebko,DET,23,80,26,54,27.9,9.3,3.6,7.5,48.1,0.5,1.4,31.3,1.6,2.2,71,2.4,3.6,6,0.7,1,1,0.4,2.9,20.5,7,0,-2,2009-2010,0.975609756,0
Terrence Williams,NJN,23,78,10,68,22.6,8.4,3.3,8.3,40.1,0.4,1.3,31,1.3,1.8,71.5,0.6,3.9,4.5,2.9,1.6,0.6,0.1,1.6,18.5,8,1,-3.4,2009-2010,0.951219512,0
Alonzo Gee,WAS,23,11,0,11,16.5,7.4,2.5,5.4,47.5,0.6,0.8,77.8,1.6,2.6,62.1,1.4,1.6,3,0.6,0.9,0.6,0.1,1.2,13.2,1,0,-0.5,2009-2010,0.134146341,0
AJ Price,IND,23,56,23,33,15.5,7.3,2.6,6.3,41,1.1,3.1,34.5,1.1,1.3,80,0.2,1.4,1.6,1.9,1.1,0.6,0.1,0.9,13,0,0,0.9,2009-2010,0.682926829,0
Eric Maynor,OKC,23,81,53,28,15.7,4.7,1.9,4.5,41.8,0.3,0.9,31,0.6,0.9,72.2,0.3,1.3,1.6,3.3,1,0.5,0.1,1.4,12.4,3,0,0.5,2009-2010,0.987804878,0
Jermaine Taylor,HOU,23,31,13,18,9.8,4.1,1.5,3.8,37.8,0.2,0.7,22.7,1.1,1.5,71.7,0.7,0.8,1.5,0.5,0.6,0.3,0.1,0.5,7.3,1,0,-3.8,2009-2010,0.37804878,0
James Johnson,CHI,23,65,30,35,11.6,3.9,1.5,3.2,45.2,0.2,0.7,32.6,0.8,1.1,72.9,0.5,1.4,2,0.7,1,0.3,0.7,1.9,9.4,0,0,-2.1,2009-2010,0.792682927,0
Dante Cunningham,POR,23,63,37,26,11.2,3.9,1.7,3.4,49.5,0,0,0,0.5,0.8,64.6,0.9,1.7,2.5,0.2,0.2,0.4,0.3,1.5,9.2,1,0,0.7,2009-2010,0.768292683,0
Hasheem Thabeet,MEM,23,68,32,36,13,3.1,1.1,1.9,58.8,0,0,0,0.8,1.4,58.1,1.3,2.3,3.6,0.2,0.6,0.2,1.3,2.4,11.5,0,0,-1.1,2009-2010,0.829268293,0
DeMarre Carroll,MEM,23,71,34,37,11.2,2.9,1.2,3.1,39.6,0,0.1,0,0.5,0.7,62.3,0.7,1.4,2.1,0.5,0.3,0.4,0.1,1.5,7.4,0,0,-0.7,2009-2010,0.865853659,0
Jon Brockman,SAC,23,52,15,37,12.6,2.8,1.1,2,53.4,0,0,0,0.7,1.2,59.7,2,2.1,4.1,0.4,0.4,0.3,0.1,2.2,9.1,1,0,-0.6,2009-2010,0.634146341,0
Jeff Ayres,POR,23,39,23,16,10.4,2.7,1.1,1.7,66.2,0,0,0,0.5,0.5,90,0.6,1.9,2.5,0,0.3,0.2,0.4,1.9,7.2,0,0,-1.5,2009-2010,0.475609756,0
Danny Green,CLE,23,20,14,6,5.7,2,0.8,2,38.5,0.3,1.1,27.3,0.2,0.3,66.7,0.4,0.5,0.9,0.3,0.3,0.3,0.2,0.5,4.5,0,0,-1.1,2009-2010,0.243902439,0
Landry Fields,NYK,23,82,42,40,31,9.7,3.6,7.3,49.7,1,2.7,39.3,1.4,1.8,76.9,1.3,5.1,6.4,1.9,1.3,1,0.2,1.4,22.4,11,0,0.8,2010-2011,1,0
Wesley Johnson,MIN,23,79,17,62,26.2,9,3.4,8.6,39.7,1.3,3.7,35.6,0.8,1.2,69.6,0.6,2.4,3,1.9,1.2,0.7,0.7,2.1,18.5,0,0,-2.8,2010-2011,0.963414634,0
Trevor Booker,WAS,23,65,15,50,16.4,5.3,2.1,3.9,54.9,0,0,0,1,1.6,67.3,1.5,2.4,3.9,0.5,0.6,0.4,0.6,1.8,13.5,5,0,-2.7,2010-2011,0.792682927,0
Damion James,NJN,23,25,7,18,16.1,4.4,1.8,4.1,44.7,0,0.1,0,0.7,1.1,64.3,0.7,2.7,3.4,0.8,1,0.6,0.5,1.4,12,0,0,-1.2,2010-2011,0.304878049,0
Luke Harangody,CLE,23,49,29,20,13.1,3.9,1.6,4.2,38.3,0.3,1.3,24.2,0.4,0.5,73.1,0.8,2.1,2.9,0.6,0.3,0.3,0.3,1.6,10,1,0,-1.5,2010-2011,0.597560976,0
Ben Uzoh,NJN,23,42,6,36,10.4,3.8,1.5,3.4,42.4,0.1,0.2,37.5,0.8,1.3,58.9,0.7,0.7,1.5,1.6,0.6,0.3,0.2,0.7,8.9,0,0,-1.9,2010-2011,0.512195122,0
Jeremy Evans,UTA,23,49,22,27,9.4,3.6,1.6,2.3,66.1,0,0,0,0.5,0.8,70.3,0.7,1.2,2,0.5,0.4,0.3,0.3,1,8.4,0,0,-0.3,2010-2011,0.597560976,0
Quincy Pondexter,NOH,23,66,35,31,11.1,2.8,1.1,2.7,40.6,0.3,0.8,36,0.4,0.5,70.6,0.3,1,1.3,0.4,0.2,0.3,0.2,1,6.1,0,0,-1.1,2010-2011,0.804878049,0
Craig Brackins,PHI,23,3,0,3,10.9,2.7,1.3,5.3,25,0,1.7,0,0,0,0,0.7,0.7,1.3,0.3,0,0.3,0,1,5.8,0,0,-3.7,2010-2011,0.036585366,0
Pape Sy,ATL,23,3,0,3,7,2.3,0.7,2,33.3,0,0.3,0,1,1,100,0.7,0.3,1,0.7,1,0.3,0,0.3,4.5,0,0,-2.3,2010-2011,0.036585366,0
Derrick Caracter,LAL,23,41,29,12,5.2,2,0.8,1.6,48.5,0,0,0,0.4,0.6,73.9,0.5,0.6,1,0.2,0.5,0.1,0.2,1.1,4.1,0,0,-1.4,2010-2011,0.5,0
Dexter Pittman,MIA,23,2,2,0,5.6,1,0.5,1.5,33.3,0,0,0,0,0,0,0.5,1,1.5,0,1,0,0,1,1.8,0,0,4,2010-2011,0.024390244,0
Solomon Alabi,TOR,23,12,1,11,4.9,0.5,0.3,1.3,20,0,0,0,0,0.2,0,0.6,0.6,1.2,0.2,0.3,0.2,0.2,0.4,2.9,0,0,-1.1,2010-2011,0.146341463,0
MarShon Brooks,NJN,23,56,18,38,29.4,12.6,4.9,11.4,42.8,0.8,2.7,31.3,2,2.6,76.4,1.3,2.3,3.6,2.3,2.1,0.9,0.3,2.1,21.9,1,0,-5.6,2011-2012,0.848484848,0
Isaiah Thomas,SAC,23,65,22,43,25.5,11.5,3.9,8.8,44.8,1.3,3.4,37.9,2.4,2.8,83.2,0.7,1.8,2.6,4.1,1.6,0.8,0.1,1.9,22,3,0,-1.1,2011-2012,0.984848485,0
Chandler Parsons,HOU,23,63,33,30,28.6,9.5,3.9,8.7,45.2,1,2.8,33.7,0.7,1.2,55.1,1.4,3.3,4.8,2.1,1.3,1.2,0.5,2.3,22,2,0,1,2011-2012,0.954545455,0
Jimmer Fredette,SAC,23,61,20,41,18.6,7.6,2.8,7.3,38.6,1.3,3.5,36.1,0.7,0.8,83.3,0.3,0.9,1.2,1.8,1.1,0.5,0,1.2,12.2,0,0,-3.4,2011-2012,0.924242424,0
Norris Cole,MIA,23,65,46,19,19.4,6.8,2.7,6.9,39.3,0.3,1.2,27.6,1,1.3,77.6,0.3,1.1,1.4,2,1.6,0.7,0,1.9,12,0,0,-0.8,2011-2012,0.984848485,0
Charles Jenkins,GSW,23,51,15,36,17.5,5.8,2.5,5.7,44.7,0.1,0.4,15,0.7,0.8,87.2,0.2,1.2,1.3,3.3,1.2,0.6,0.1,1.7,13.5,3,0,-4.4,2011-2012,0.772727273,0
Jon Leuer,MIL,23,46,22,24,12.1,4.7,2.1,4.2,50.8,0.1,0.2,33.3,0.5,0.6,75,1,1.6,2.6,0.5,0.4,0.3,0.4,1.5,10.3,0,0,0.4,2011-2012,0.696969697,0
Josh Harrellson,NYK,23,37,18,19,14.6,4.4,1.7,4,42.3,0.5,1.6,33.9,0.4,0.7,61.5,1.3,2.6,3.9,0.3,0.5,0.6,0.5,1.3,12.4,1,0,2.6,2011-2012,0.560606061,0
Andrew Goudelock,LAL,23,40,24,16,10.5,4.4,1.7,4.4,39.1,0.7,1.9,37.3,0.3,0.3,91.7,0.1,0.7,0.8,0.5,0.5,0.1,0,0.8,5.8,0,0,-0.7,2011-2012,0.606060606,0
Lavoy Allen,PHI,23,41,22,19,15.2,4.1,1.9,4.1,47.3,0,0,0,0.3,0.3,78.6,1.1,3,4.2,0.8,0.5,0.3,0.4,1.8,12.2,0,0,1.1,2011-2012,0.621212121,0
Cory Higgins,CHA,23,38,1,37,11.1,3.9,1.4,4.2,32.5,0.1,0.5,20,1.1,1.6,70,0.2,0.7,0.9,0.9,1,0.1,0.2,1.1,6.3,0,0,-3.1,2011-2012,0.575757576,0
Nolan Smith,POR,23,44,17,27,12.3,3.8,1.5,4.1,37.2,0.3,1,28.9,0.5,0.6,71.4,0.4,0.9,1.3,1.4,1,0.4,0.1,1.3,7.9,0,0,-3.3,2011-2012,0.666666667,0
Elliot Williams,POR,23,24,12,12,6.2,3.7,1.5,3.1,50,0.3,1.1,29.6,0.3,0.8,33.3,0.3,0.5,0.8,0.3,0.2,0.3,0.1,0.8,5.9,0,0,-0.9,2011-2012,0.363636364,0
JaJuan Johnson,BOS,23,36,21,15,8.3,3.2,1.5,3.4,44.6,0,0,0,0.2,0.3,66.7,0.6,1.1,1.6,0.2,0.4,0.1,0.4,0.7,6.5,0,0,-1,2011-2012,0.545454545,0
Chris Wright,GSW,23,24,8,16,7.7,2.9,1,1.9,51.1,0,0,0,1,1.3,77.4,0.8,1.1,1.9,0.2,0.3,0.3,0.5,0.9,7.6,0,0,-0.9,2011-2012,0.363636364,0
E'Twaun Moore,BOS,23,38,24,14,8.7,2.9,1.1,3,38.1,0.4,1.2,37.8,0.2,0.2,100,0.1,0.8,0.9,0.9,0.6,0.3,0.1,0.9,5.8,0,0,0.8,2011-2012,0.575757576,0
Julyan Stone,DEN,23,22,10,12,8.2,1.6,0.6,1.4,41.9,0.1,0.5,18.2,0.4,0.5,72.7,0.2,0.9,1.1,1.7,0.5,0.4,0.3,0.8,6.9,0,0,1.3,2011-2012,0.333333333,0
Malcolm Thomas,SAS,23,3,2,1,5,0.3,0,1,0,0,0,0,0.3,0.7,50,0.3,0.7,1,0.3,0,0.3,0.3,0,4,0,0,-1.3,2011-2012,0.045454545,0
Keith Benson,GSW,23,3,1,2,3,0,0,0.3,0,0,0,0,0,0,0,0.7,0.3,1,0,0,0,0,0,1.2,0,0,2.3,2011-2012,0.045454545,0
Tyler Zeller,CLE,23,77,24,53,26.4,7.9,3.2,7.3,43.8,0,0.1,0,1.6,2,76.4,2.1,3.6,5.7,1.2,1.2,0.5,0.9,3.3,19.5,7,0,-3.4,2012-2013,0.93902439,0
Andrew Nicholson,ORL,23,75,18,57,16.7,7.8,3.4,6.5,52.7,0,0,0,1,1.3,79.8,0.9,2.5,3.4,0.6,1.1,0.3,0.4,1.8,14,2,0,-2.1,2012-2013,0.914634146,0
Kyle O'Quinn,ORL,23,57,11,46,11.2,4.1,1.8,3.5,51.3,0,0,0,0.5,0.8,66.7,1.1,2.5,3.7,0.9,0.6,0.2,0.5,1.9,11.1,2,0,-1,2012-2013,0.695121951,0
DeQuan Jones,ORL,23,63,14,49,12.7,3.7,1.5,3.5,43.6,0.1,0.6,25.7,0.5,0.8,66.7,0.3,1.4,1.7,0.3,0.5,0.3,0.3,0.9,7.6,0,0,-2.8,2012-2013,0.768292683,0
Chris Johnson,MEM,23,8,4,4,12.8,3.6,1.4,3.1,44,0.8,2.3,33.3,0.1,0.3,50,0.6,0.8,1.4,0.3,0.4,0.5,0,0.6,6.8,0,0,4.5,2012-2013,0.097560976,0
Kevin Jones,CLE,23,32,5,27,10.4,3,1.3,3.3,40.2,0,0,0,0.3,0.5,60,1.2,1.3,2.4,0.3,0.3,0.3,0.2,0.8,7.4,1,0,1.7,2012-2013,0.390243902,0
Draymond Green,GSW,23,79,45,34,13.4,2.9,1.1,3.3,32.7,0.2,0.8,20.9,0.6,0.7,81.8,0.7,2.6,3.3,0.7,0.6,0.5,0.3,2,9.7,0,0,-1,2012-2013,0.963414634,0
Festus Ezeli,GSW,23,78,44,34,14.4,2.4,0.9,2.2,43.8,0,0,0,0.6,1,53.1,1.8,2.2,4,0.3,0.8,0.3,0.9,2,10.6,0,0,-0.7,2012-2013,0.951219512,0
Darius Miller,NOH,23,52,14,38,13.3,2.3,0.8,2.1,40.7,0.4,1.1,39.3,0.2,0.2,100,0.2,1.3,1.5,0.8,0.4,0.3,0.2,1.7,6.6,0,0,-1.1,2012-2013,0.634146341,0
Tyshawn Taylor,BKN,23,38,23,15,5.8,2.2,0.8,2.3,36.8,0.2,0.3,46.2,0.4,0.7,55.6,0.1,0.4,0.5,0.6,0.7,0.3,0,0.7,4,0,0,-1.7,2012-2013,0.463414634,0
Kent Bazemore,GSW,23,61,34,27,4.4,2,0.7,1.9,37.1,0.2,0.6,29.4,0.4,0.7,61.4,0.1,0.3,0.4,0.4,0.3,0.3,0.1,0.4,3.7,0,0,-0.6,2012-2013,0.743902439,0
Henry Sims,NOH,23,2,0,2,2.4,2,1,1.5,66.7,0,0,0,0,0,0,1,0,1,0,0.5,0,0,0.5,2.7,0,0,0.5,2012-2013,0.024390244,0
Scott Machado,GSW,23,6,4,2,3.5,1.3,0.5,1,50,0,0.2,0,0.3,0.3,100,0,0.2,0.2,1,1.3,0.3,0,0,2.7,0,0,-1.7,2012-2013,0.073170732,0
Fab Melo,BOS,23,6,3,3,6,1.2,0.5,1,50,0,0,0,0.2,0.7,25,0,0.5,0.5,0,0.2,0.3,0.3,1.2,3.6,0,0,-1.2,2012-2013,0.073170732,0
Kevin Murphy,UTA,23,17,11,6,3.1,0.9,0.4,1.6,25,0.1,0.3,20,0,0,0,0,0.2,0.2,0.1,0.2,0.1,0,0.2,1.3,0,0,-2.6,2012-2013,0.207317073,0
Chris Wright,DAL,23,3,2,1,1.5,0.7,0.3,0.7,50,0,0,0,0,0,0,0,0,0,0,0.3,0,0,0,0.3,0,0,-2.7,2012-2013,0.036585366,0
Darius Johnson-Odom,LAL,23,4,4,0,1.4,0,0,1,0,0,0.3,0,0,0,0,0.3,0.8,1,0.3,0,0,0,0,1.6,0,0,-2,2012-2013,0.048780488,0
Kelly Olynyk,BOS,23,70,18,52,20,8.7,3.3,7.2,46.6,0.6,1.6,35.1,1.4,1.7,81.1,2,3.2,5.2,1.6,1.5,0.5,0.4,3.2,18.4,3,0,-0.1,2013-2014,0.853658537,0
Ryan Kelly,LAL,23,59,15,44,22.2,8,2.7,6.3,42.3,0.8,2.4,33.8,1.9,2.3,81.5,0.7,3,3.7,1.6,0.8,0.5,0.8,2.5,18,2,0,-1.5,2013-2014,0.719512195,0
Nate Wolters,MIL,23,58,10,48,22.6,7.2,2.9,6.7,43.7,0.3,1.1,29,1,1.6,65.6,0.6,2,2.6,3.2,1,0.6,0.3,1.2,16.7,0,0,-0.4,2013-2014,0.707317073,0
Ray McCallum,SAC,23,45,16,29,19.9,6.2,2.5,6.7,37.7,0.5,1.3,37.3,0.7,1,74.4,0.4,1.4,1.8,2.7,0.9,0.5,0.2,1.5,13.5,1,0,-2.1,2013-2014,0.548780488,0
Hollis Thompson,PHI,23,77,18,59,22.6,6,2.2,4.8,46,0.9,2.2,40.1,0.7,0.9,71.2,0.9,2.3,3.2,0.9,0.8,0.7,0.2,1.9,13,0,0,-4.7,2013-2014,0.93902439,0
Matthew Dellavedova,CLE,23,72,29,43,17.7,4.7,1.7,4.1,41.2,0.8,2.2,36.8,0.5,0.7,79.2,0.4,1.3,1.7,2.6,0.8,0.5,0.1,1.7,11.4,3,0,1,2013-2014,0.87804878,0
Isaiah Canaan,HOU,23,22,14,8,11.5,4.6,1.4,4,35.6,0.8,2.5,32.7,1,1.3,72.4,0.3,0.8,1.1,1,1,0.4,0.2,1.1,8.1,0,0,-1.8,2013-2014,0.268292683,0
James Nunnally,PHI,23,13,3,10,12.7,3.4,1.2,3.5,32.6,0.6,1.9,32,0.5,0.7,66.7,0.1,1.4,1.5,0.6,0.5,0.5,0.2,0.8,7.4,0,0,-2.8,2013-2014,0.158536585,0
Ian Clark,UTA,23,23,3,20,7.5,3,1.1,2.9,38.8,0.5,1.3,35.5,0.2,0.3,71.4,0.1,0.7,0.8,0.7,0.6,0.3,0.1,1,5.6,0,0,0.7,2013-2014,0.280487805,0
Glen Rice,WAS,23,11,2,9,9.9,2.9,1,3.4,29.7,0.5,1.5,29.4,0.5,0.6,71.4,0.4,1.5,1.8,0.6,0.8,0.5,0.1,0.6,7.1,0,0,1.2,2013-2014,0.134146341,0
Phil Pressey,BOS,23,75,23,52,15.1,2.8,1,3.4,30.8,0.4,1.4,26.4,0.4,0.6,64.4,0.3,1.1,1.4,3.2,1.2,0.9,0.1,1.3,11.1,2,0,-0.4,2013-2014,0.914634146,0
Carrick Felix,CLE,23,7,2,5,5.4,2.7,1,2,50,0.3,0.7,40,0.4,0.6,75,0.1,0.7,0.9,0.6,0.6,0,0,0.6,4,0,0,0.6,2013-2014,0.085365854,0
Reggie Bullock Jr.,LAC,23,43,30,13,9.2,2.7,1,2.8,35.5,0.5,1.7,30.1,0.2,0.2,77.8,0.3,1,1.3,0.3,0.3,0.2,0,0.6,5,0,0,-0.4,2013-2014,0.524390244,0
Lorenzo Brown,PHI,23,26,2,24,8.6,2.5,1,3.3,30.2,0.1,1.2,10,0.3,0.5,69.2,0.3,0.8,1.1,1.6,0.6,0.5,0.1,0.7,7.4,0,0,0.1,2013-2014,0.317073171,0
DJ Stephens,MIL,23,3,0,3,4.9,2.3,1,2.3,42.9,0,0,0,0.3,0.3,100,0.3,1.3,1.7,0,0,0,0,0,4.3,0,0,0.3,2013-2014,0.036585366,0
Robert Covington,HOU,23,7,4,3,4.8,2.3,0.9,2,42.9,0.6,1.6,36.4,0,0,0,0.3,0.4,0.7,0,0.1,0.3,0,0.4,3.9,0,0,2.4,2013-2014,0.085365854,0
Peyton Siva,DET,23,24,9,15,9.3,2.3,0.8,2.4,31.6,0.3,1,28,0.5,0.6,73.3,0.1,0.5,0.6,1.4,0.8,0.4,0,1.1,5.6,0,0,-1.3,2013-2014,0.292682927,0
Solomon Hill,IND,23,28,17,11,8.1,1.7,0.6,1.4,42.5,0.3,0.8,30.4,0.2,0.3,85.7,0.3,1.1,1.5,0.4,0.5,0.2,0.1,0.7,4.4,0,0,0.4,2013-2014,0.341463415,0
Seth Curry,CLE,23,2,1,1,6.5,1.5,0.5,1.5,33.3,0.5,0.5,100,0,0,0,0,0.5,0.5,0,0,1,0,0,5.1,0,0,0.5,2013-2014,0.024390244,0
Nemanja Nedovic,GSW,23,24,17,7,5.9,1.1,0.3,1.6,20.5,0.1,0.8,16.7,0.3,0.3,87.5,0.1,0.5,0.6,0.5,0.5,0,0,0.5,2.2,0,0,-2.9,2013-2014,0.292682927,0
Erik Murphy,CHI,23,24,13,11,2.6,0.3,0.1,0.5,23.1,0,0.1,0,0,0,0,0.1,0.3,0.3,0.1,0.1,0,0.2,0.3,1.2,0,0,-2.1,2013-2014,0.292682927,0
Jordan Clarkson,LAL,23,59,11,48,25,11.9,4.5,10.1,44.8,0.6,2.1,31.4,2.2,2.7,82.9,0.9,2.3,3.2,3.5,1.6,0.9,0.2,1.8,22.6,2,0,-4.1,2014-2015,0.719512195,0
Langston Galloway,NYK,23,45,12,33,32.4,11.8,4.5,11.4,39.9,1.4,3.9,35.2,1.4,1.7,80.8,0.8,3.4,4.2,3.3,1.4,1.2,0.3,2.9,24.8,0,0,-6,2014-2015,0.548780488,0
Mitch McGary,OKC,23,32,20,12,15.2,6.3,2.8,5.2,53.3,0,0.1,0,0.8,1.3,62.5,1.7,3.5,5.2,0.4,1,0.5,0.5,2.3,15.2,3,0,1.5,2014-2015,0.390243902,0
Tarik Black,LAL,23,63,25,38,19,6,2.5,4.3,57.5,0,0,0,1,1.9,55.1,2.3,3.6,5.8,0.7,0.8,0.3,0.4,2.5,15.3,5,0,-1.3,2014-2015,0.768292683,0
Tyler Johnson,MIA,23,32,15,17,18.8,5.9,2.2,5.2,41.9,0.6,1.5,37.5,1,1.5,68.1,0.4,2.1,2.5,1.3,0.9,1,0.3,1.3,13.9,1,0,-2,2014-2015,0.390243902,0
Shabazz Napier,MIA,23,51,24,27,19.8,5.1,1.7,4.5,38.2,0.8,2.3,36.4,0.9,1.1,78.6,0.3,1.9,2.2,2.5,1.6,0.8,0.1,1.5,12.6,0,0,-0.6,2014-2015,0.62195122,0
Markel Brown,BKN,23,47,23,24,16.6,4.6,1.6,4.5,36.2,0.4,1.4,26.6,1,1.2,82.5,0.3,1.9,2.3,0.8,0.6,0.7,0.3,1.2,10.7,1,0,-0.5,2014-2015,0.573170732,0
Joffrey Lauvergne,DEN,23,24,9,15,11.2,3.9,1.5,3.7,40.4,0.1,0.7,18.8,0.8,1.2,64.3,1.1,2.1,3.2,0.5,0.9,0.3,0.4,1.8,9.9,0,0,-4.7,2014-2015,0.292682927,0
Dwight Powell,DAL,23,29,11,18,8.2,3.1,1.1,2.3,46.3,0.1,0.4,27.3,0.9,1.1,75.8,0.6,1.1,1.7,0.3,0.4,0.3,0.2,1.4,6.8,0,0,0,2014-2015,0.353658537,0
Doug McDermott,CHI,23,36,23,13,8.9,3,1.2,3,40.2,0.4,1.1,31.7,0.3,0.4,66.7,0.2,1,1.2,0.2,0.5,0.1,0,0.8,4.7,0,0,-2.3,2014-2015,0.43902439,0
Joe Harris,CLE,23,51,32,19,9.7,2.7,0.9,2.4,40,0.6,1.6,36.9,0.2,0.3,60,0.1,0.7,0.8,0.5,0.5,0.1,0,1.2,4.4,0,0,-2,2014-2015,0.62195122,0
Furkan Aldemir,PHI,23,41,9,32,13.2,2.3,1,1.9,51.3,0,0.1,0,0.3,0.7,48.1,1.9,2.4,4.3,0.7,0.4,0.4,0.4,2.3,10.4,1,0,-2.5,2014-2015,0.5,0
Alex Kirk,CLE,23,5,2,3,2.8,0.8,0.2,0.8,25,0,0,0,0.4,0.4,100,0.2,0,0.2,0.2,0,0,0,0.2,1.3,0,0,-2.8,2014-2015,0.06097561,0
Andre Dawkins,MIA,23,4,2,2,5.4,0.8,0.3,1.5,16.7,0.3,1.5,16.7,0,0,0,0,0.5,0.5,0.3,0.3,0,0,0.8,1.5,0,0,-1,2014-2015,0.048780488,0
Eric Moreland,SAC,23,3,0,3,0.7,0.7,0.3,0.3,100,0,0,0,0,0,0,0,0.3,0.3,0,0,0,0,0.3,1.1,0,0,0.3,2014-2015,0.036585366,0
Jerrelle Benimon,DEN,23,2,2,0,1.4,0,0,0,0,0,0,0,0,0,0,0.5,1,1.5,0,0.5,0,0,0,1.3,0,0,3,2014-2015,0.024390244,0
Frank Kaminsky,CHA,23,81,47,34,21.1,7.5,2.7,6.5,41,0.8,2.5,33.7,1.3,1.8,73,0.9,3.3,4.1,1.2,0.7,0.5,0.5,1.6,16.5,1,0,-0.2,2015-2016,0.987804878,0
Bryce Dejean-Jones,NOP,23,14,8,6,19.9,5.6,2,4.9,40.6,0.9,2.3,37.5,0.8,1.5,52.4,0.6,2.9,3.4,1.1,0.8,0.7,0.1,1.2,13.2,0,0,-2.8,2015-2016,0.170731707,0
Jerian Grant,NYK,23,76,29,47,16.6,5.6,2,5.1,39.4,0.3,1.3,22,1.3,1.6,78,0.3,1.6,1.9,2.3,1.1,0.7,0.1,1.3,12.6,0,0,-2.2,2015-2016,0.926829268,0
Norman Powell,TOR,23,49,32,17,14.8,5.6,2,4.7,42.4,0.7,1.8,40.4,0.9,1.1,81.1,0.3,1.9,2.3,1,0.7,0.6,0.2,1.2,11.5,0,0,1.3,2015-2016,0.597560976,0
Larry Nance Jr.,LAL,23,63,14,49,20.1,5.5,2.5,4.8,52.7,0,0.2,10,0.5,0.7,68.1,1.6,3.3,5,0.7,0.7,0.9,0.4,2,15.5,3,0,-1.5,2015-2016,0.768292683,0
Briante Weber,MIA,23,7,3,4,24.1,4.4,2,5.6,35.9,0,0.7,0,0.4,0.6,75,1.1,2.4,3.6,3,1.3,1.3,0.4,1.7,17.1,0,0,-9.6,2015-2016,0.085365854,0
Darrun Hilliard,DET,23,38,17,21,10.1,4,1.4,3.4,39.7,0.5,1.3,38,0.8,1.1,72.5,0.1,1.1,1.2,0.7,0.5,0.2,0,0.7,6.8,0,0,-0.1,2015-2016,0.463414634,0
Anthony Brown,LAL,23,29,4,25,20.6,4,1.3,4.3,31,0.7,2.4,28.6,0.6,0.7,85,0.3,2.1,2.4,0.7,0.5,0.5,0.2,1.2,9.3,0,0,-1.2,2015-2016,0.353658537,0
Axel Toupane,DEN,23,21,9,12,14.5,3.6,1.2,3.3,35.7,0.6,1.9,32.5,0.6,0.8,76.5,0.4,1.1,1.5,0.7,0.3,0.3,0.3,1.9,8,0,0,-0.8,2015-2016,0.256097561,0
Cristiano Felicio,CHI,23,31,14,17,10.3,3.4,1.3,2.3,55.6,0,0.1,0,0.8,1.1,71.4,1,2.3,3.3,0.8,0.4,0.2,0.4,1,10,0,0,1.7,2015-2016,0.37804878,0
Thanasis Antetokounmpo,NYK,23,2,1,1,3.1,3,1.5,2,75,0,0.5,0,0,0,0,0,0.5,0.5,0,0,0,0,1,3.6,0,0,-3,2015-2016,0.024390244,0
Alan Williams,PHX,23,10,3,7,6.8,2.9,1,2.4,41.7,0,0,0,0.9,1.4,64.3,1.4,2.4,3.8,0.5,0.6,0.4,0.5,1.5,10.3,1,0,0.1,2015-2016,0.12195122,0
Coty Clarke,BOS,23,3,0,3,1.9,2,0.7,1.3,50,0.7,0.7,100,0,0,0,0,0.3,0.3,0,0.3,0,0,0,2.1,0,0,1.3,2015-2016,0.036585366,0
Luis Montero,POR,23,12,6,6,3.5,1.2,0.4,1.6,26.3,0.1,0.8,11.1,0.3,0.3,75,0,0.3,0.3,0.1,0.3,0,0,0.1,1.4,0,0,-3.3,2015-2016,0.146341463,0
Pat Connaughton,POR,23,34,17,17,4.2,1.1,0.4,1.4,26.5,0.1,0.6,23.8,0.1,0.1,100,0.3,0.6,0.9,0.3,0.3,0.1,0,0.2,2.5,0,0,-0.4,2015-2016,0.414634146,0
Branden Dawson,LAC,23,6,5,1,4.8,0.8,0.3,0.8,40,0,0,0,0.2,0.2,100,0.3,0.3,0.7,0,0,0,0.2,0.3,2.1,0,0,-2.5,2015-2016,0.073170732,0
Joel Embiid,PHI,23,31,13,18,25.4,20.2,6.5,13.8,46.6,1.2,3.2,36.7,6.2,7.9,78.3,2,5.9,7.8,2.1,3.8,0.9,2.5,3.6,39,9,0,2.2,2016-2017,0.37804878,0
Dario Šari?,PHI,23,81,28,53,26.3,12.8,4.7,11.4,41.1,1.3,4.2,31.1,2.1,2.7,78.2,1.4,5,6.3,2.2,2.3,0.7,0.4,2,24.8,10,0,-3.8,2016-2017,0.987804878,0
Alex Poythress,PHI,23,6,0,6,26.1,10.7,4.2,9,46.3,1,3.2,31.6,1.3,1.7,80,1.8,3,4.8,0.8,0.5,0.5,0.3,2.3,19.7,0,0,-6,2016-2017,0.073170732,0
Willy Hernangomez,NYK,23,72,27,45,18.4,8.2,3.4,6.5,52.9,0.1,0.2,26.7,1.3,1.7,72.8,2.4,4.6,7,1.3,1.4,0.6,0.5,2.1,20.3,11,0,-0.8,2016-2017,0.87804878,0
Alex Abrines,OKC,23,68,37,31,15.5,6,2,5,39.3,1.4,3.6,38.1,0.6,0.7,89.8,0.3,1,1.3,0.6,0.5,0.5,0.1,1.7,9.9,0,0,0,2016-2017,0.829268293,0
Taurean Prince,ATL,23,59,28,31,16.6,5.7,1.9,4.8,40,0.6,1.7,32.4,1.3,1.6,78.7,0.4,2.2,2.7,0.9,1,0.7,0.5,1.6,12.8,0,0,-0.5,2016-2017,0.719512195,0
Paul Zipser,CHI,23,44,21,23,19.2,5.5,2,5,39.8,0.8,2.3,33.3,0.7,0.9,77.5,0.3,2.5,2.8,0.8,0.9,0.3,0.4,1.8,11.3,0,0,0.3,2016-2017,0.536585366,0
Denzel Valentine,CHI,23,57,28,29,17.1,5.1,1.8,5.1,35.4,1.3,3.6,35.1,0.2,0.3,77.8,0.2,2.5,2.6,1.1,0.9,0.5,0.1,1.5,11,1,0,-0.3,2016-2017,0.695121951,0
Pascal Siakam,TOR,23,55,35,20,15.6,4.2,1.9,3.7,50.2,0,0.1,14.3,0.4,0.6,68.8,1.2,2.2,3.4,0.3,0.6,0.5,0.8,2,11.9,0,0,-0.9,2016-2017,0.670731707,0
Kris Dunn,MIN,23,78,30,48,17.1,3.8,1.5,4,37.7,0.3,0.9,28.8,0.5,0.8,61,0.3,1.8,2.1,2.4,1.1,1,0.5,2.3,13.2,1,0,-1.7,2016-2017,0.951219512,0
Fred VanVleet,TOR,23,37,25,12,7.9,2.9,1.1,3,35.1,0.3,0.8,37.9,0.5,0.6,81.8,0.1,1,1.1,0.9,0.4,0.4,0.1,1,6.8,0,0,1.8,2016-2017,0.451219512,0
Marcus Georges-Hunt,ORL,23,5,2,3,9.5,2.8,0.4,1.4,28.6,0.2,0.4,50,1.8,2,90,0.2,1.6,1.8,0.6,0.4,0.2,0,1,6.1,0,0,-5,2016-2017,0.06097561,0
Bryn Forbes,SAS,23,36,24,12,7.9,2.6,1,2.8,36.4,0.5,1.5,32.1,0.1,0.2,83.3,0.1,0.6,0.6,0.6,0.3,0,0,0.6,4.1,0,0,-1.4,2016-2017,0.43902439,0
Jake Layman,POR,23,35,16,19,7.1,2.2,0.7,2.5,29.2,0.4,1.5,25.5,0.4,0.5,76.5,0.2,0.5,0.7,0.3,0.3,0.3,0.1,0.6,4.2,0,0,0,2016-2017,0.426829268,0
Treveon Graham,CHA,23,27,10,17,7,2.1,0.7,1.5,47.5,0.3,0.6,60,0.4,0.6,66.7,0.2,0.6,0.8,0.2,0.1,0.2,0,0.7,4.1,0,0,-1.4,2016-2017,0.329268293,0
Joel Bolomboy,UTA,23,12,8,4,4.4,1.8,0.8,1.3,56.3,0.1,0.3,25,0.3,0.5,50,0.3,1.1,1.4,0.2,0.2,0.1,0.2,0.1,4.4,0,0,1,2016-2017,0.146341463,0
Brice Johnson,LAC,23,3,1,2,3.1,1.3,0.7,2.3,28.6,0,0,0,0,0,0,0.3,0.7,1,0.3,0.3,0.7,0.3,0,5.7,0,0,2.3,2016-2017,0.036585366,0
Daniel Ochefu,WAS,23,19,12,7,3.9,1.3,0.6,1.4,44.4,0,0,0,0,0.1,0,0.3,0.9,1.2,0.2,0.2,0.1,0,0.9,3,0,0,-1.6,2016-2017,0.231707317,0
Johnathan Motley,DAL,23,11,1,10,16,8.7,3.6,6.8,53.3,0.1,0.5,16.7,1.4,2.5,53.6,1.3,3.2,4.5,0.6,0.8,0.3,0.2,1.6,15.6,1,0,-1.5,2017-2018,0.134146341,0
Josh Hart,LAL,23,63,27,36,23.2,7.9,2.8,6,46.9,1.2,3.1,39.6,1,1.5,70.2,0.7,3.5,4.2,1.3,0.7,0.7,0.3,1.7,17,8,0,-1.1,2017-2018,0.768292683,0
Justin Jackson,SAC,23,68,21,47,22.2,6.7,2.7,6.2,44.2,0.8,2.7,30.8,0.4,0.5,72.2,0.4,2.4,2.8,1.1,0.6,0.4,0.2,1.2,12.8,0,0,-3.5,2017-2018,0.829268293,0
Jordan Bell,GSW,23,57,43,14,14.2,4.6,2,3.2,62.7,0,0.1,0,0.5,0.8,68.2,1.1,2.6,3.6,1.8,0.9,0.6,1,1.6,15.5,1,0,2.8,2017-2018,0.695121951,0
Isaiah Hicks,NYK,23,18,4,14,13.3,4.4,1.8,4,45.8,0.1,0.5,22.2,0.7,1,66.7,0.6,1.7,2.3,0.9,0.9,0.1,0.2,2.5,8.6,0,0,-2.5,2017-2018,0.219512195,0
Alec Peters,PHX,23,20,2,18,11.2,4.1,1.4,3.7,37.8,0.9,2.9,31,0.4,0.5,80,0.4,1.5,1.9,0.6,0.2,0.1,0.1,0.7,7.6,0,0,1.8,2017-2018,0.243902439,0
Sterling Brown,MIL,23,54,26,28,14.4,4,1.5,3.8,40,0.6,1.7,35.2,0.4,0.4,87.5,0.5,2.1,2.6,0.5,0.5,0.6,0.2,1.5,9.9,0,0,-0.9,2017-2018,0.658536585,0
Cedi Osman,CLE,23,61,35,26,11,3.9,1.5,3,48.4,0.5,1.4,36.8,0.4,0.8,56.5,0.3,1.7,2,0.7,0.5,0.4,0,1.3,8,0,0,0.6,2017-2018,0.743902439,0
Sindarius Thornwell,LAC,23,73,36,37,15.8,3.9,1.4,3.2,42.9,0.3,0.8,37.7,0.8,1.2,67,0.5,1.5,1.9,0.9,0.7,0.7,0.3,1.7,9.8,0,0,-1.4,2017-2018,0.890243902,0
Wes Iwundu,ORL,23,62,18,44,16.5,3.7,1.5,3.5,42.7,0.1,0.7,19.6,0.5,0.8,72.3,0.6,1.6,2.2,0.9,0.5,0.5,0.2,1.3,9.4,0,0,-1.7,2017-2018,0.756097561,0
Monté Morris,DEN,23,3,2,1,8.4,3.3,1.3,2,66.7,0,0.3,0,0.7,0.7,100,0,0.7,0.7,2.3,0.3,1,0,0.3,10.3,0,0,-2.3,2017-2018,0.036585366,0
Derrick White,SAS,23,17,7,10,8.2,3.2,0.9,1.9,48.5,0.5,0.8,61.5,0.8,1.2,70,0.3,1.2,1.5,0.5,0.4,0.2,0.2,0.5,6.7,0,0,1.8,2017-2018,0.207317073,0
Davon Reed,PHX,23,21,2,19,11.5,3,1,3.6,28.9,0.5,1.8,28.9,0.4,0.6,66.7,0.1,1.8,1.9,0.6,0.5,0.5,0.1,0.8,7.4,0,0,-3.6,2017-2018,0.256097561,0
Jabari Bird,BOS,23,13,8,5,8.8,3,1.2,2,57.7,0.2,0.5,42.9,0.5,1,46.2,0.5,1,1.5,0.6,0.6,0.2,0.1,0.5,6,0,0,1.4,2017-2018,0.158536585,0
Nigel Hayes-Davis,SAC,23,9,6,3,13.6,3,1.2,3.7,33.3,0.4,1.8,25,0.1,0.3,33.3,0.4,2,2.4,0.7,0.2,0.2,0.3,0.9,8.4,0,0,1,2017-2018,0.109756098,0
Semi Ojeleye,BOS,23,73,50,23,15.8,2.7,0.9,2.6,34.6,0.5,1.7,32,0.3,0.6,61,0.5,1.7,2.2,0.3,0.3,0.3,0.1,1.2,6.4,0,0,-2.5,2017-2018,0.890243902,0
Devin Robinson,WAS,23,1,0,1,13.2,2,1,3,33.3,0,0,0,0,0,0,2,3,5,0,0,1,0,2,11,0,0,10,2017-2018,0.012195122,0
Derrick Walton Jr.,MIA,23,16,8,8,9.2,1.8,0.5,1.6,32,0.4,1.1,41.2,0.4,0.4,100,0.1,0.9,1,1,0.1,0.4,0.2,0.4,6.3,0,0,-1.9,2017-2018,0.195121951,0
Vincent Hunter,MEM,23,4,0,4,1.9,1.5,0.8,1.3,60,0,0,0,0,0,0,0.5,0.3,0.8,0,0.3,0,0.3,0,2.9,0,0,1.5,2017-2018,0.048780488,0
Jacob Wiley,BKN,23,5,1,4,6.7,0.8,0.2,0.8,25,0.2,0.4,50,0.2,0.4,50,0.4,1.8,2.2,0.4,0,0.2,0,0.8,4.6,0,0,2.6,2017-2018,0.06097561,0
London Perrantes,CLE,23,14,8,6,4.7,0.5,0.1,0.9,15.4,0,0.2,0,0.2,0.4,60,0.1,0.2,0.3,0.4,0.1,0.1,0.1,0.4,2,0,0,-1.4,2017-2018,0.170731707,0
Charles Cooke,NOP,23,13,8,5,2.9,0.5,0.2,1.1,14.3,0.1,0.6,12.5,0.1,0.2,50,0,0.2,0.2,0.1,0.1,0.1,0,0,0.9,0,0,-0.7,2017-2018,0.158536585,0
Ben Moore,IND,23,2,1,1,4.6,0,0,0,0,0,0,0,0,0,0,0,0.5,0.5,0.5,0,0,0,2,1.4,0,0,-7.5,2017-2018,0.024390244,0
Allonzo Trier,NYK,23,64,13,51,22.8,10.9,3.6,8.1,44.8,0.8,2.1,39.4,2.8,3.5,80.3,0.5,2.6,3.1,1.9,1.8,0.4,0.2,1.8,17.5,2,0,-3.2,2018-2019,0.780487805,0
Grayson Allen,UTA,23,38,22,16,11,5.6,1.8,4.7,37.6,0.8,2.6,32.3,1.2,1.6,75,0.1,0.5,0.6,0.7,0.9,0.2,0.2,1.2,7.3,0,0,-3.1,2018-2019,0.463414634,0
Chandler Hutchison,CHI,23,44,10,34,20.3,5.2,2.2,4.8,45.9,0.3,1.1,28,0.5,0.9,60.5,0.7,3.5,4.2,0.8,0.6,0.5,0.1,1.3,12.8,1,0,-2.6,2018-2019,0.536585366,0
Keita Bates-Diop,MIN,23,30,10,20,16.8,5,2,4.7,42.3,0.4,1.7,25,0.6,0.9,64.3,0.5,2.2,2.8,0.6,0.5,0.6,0.5,1,11.9,0,0,-1.8,2018-2019,0.365853659,0
Bonzie Colson,MIL,23,8,6,2,12.3,4.9,1.6,4.9,33.3,0.6,2.6,23.8,1,1.1,88.9,1,2.8,3.8,0.4,0.4,0.6,0.1,0.4,11.8,2,0,-2.8,2018-2019,0.097560976,0
Jonah Bolden,PHI,23,44,24,20,14.5,4.7,1.8,3.7,49.4,0.8,2.2,35.4,0.3,0.6,48.1,1.1,2.7,3.8,0.9,0.8,0.4,0.9,2.3,13.6,1,0,-0.7,2018-2019,0.536585366,0
Theo Pinson,BKN,23,18,7,11,11.7,4.5,1.4,4.1,34.2,0.7,2.6,26.1,1.1,1.2,86.4,0.2,1.8,2,1.2,1,0.3,0,0.8,8.7,0,0,-0.1,2018-2019,0.219512195,0
Jevon Carter,MEM,23,39,9,30,14.8,4.4,1.4,4.7,30.3,0.9,2.6,33.3,0.7,0.8,81.3,0.4,1.3,1.7,1.8,0.8,0.7,0.3,1.4,11.1,0,0,-2.3,2018-2019,0.475609756,0
Marcus Derrickson,GSW,23,11,9,2,6.1,4.2,1.5,3,48.5,0.9,1.8,50,0.4,0.5,80,0.7,0.5,1.2,0.1,0.3,0,0.1,0.8,5.7,0,0,-0.9,2018-2019,0.134146341,0
Daryl Macon,DAL,23,8,4,4,11.2,3.6,1.3,3.4,37,0.6,1.4,45.5,0.5,0.9,57.1,0.3,1.3,1.5,0.9,0.8,0.1,0,1,6.4,0,0,-0.8,2018-2019,0.097560976,0
Isaiah Briscoe,ORL,23,39,17,22,14.3,3.5,1.4,3.5,39.9,0.3,0.9,32.4,0.4,0.7,57.7,0.1,1.8,1.9,2.2,0.8,0.3,0.1,1.7,9.3,0,0,0.5,2018-2019,0.475609756,0
BJ Johnson,SAC,23,7,2,5,7.1,3.3,1.3,2.6,50,0.4,1,42.9,0.3,0.3,100,0.3,0.9,1.1,0,0.3,0.3,0,0.6,5.2,0,0,-2.3,2018-2019,0.085365854,0
Jaylen Adams,ATL,23,34,13,21,12.6,3.2,1.1,3.2,34.5,0.7,2.2,33.8,0.2,0.3,77.8,0.3,1.4,1.8,1.9,0.8,0.4,0.1,1.3,9,0,0,-1.7,2018-2019,0.414634146,0
Troy Caupain,ORL,23,4,3,1,3.9,2.5,1,2,50,0.5,0.8,66.7,0,0,0,0.3,0.5,0.8,1,0,0.3,0,0,5.7,0,0,2,2018-2019,0.048780488,0
Khyri Thomas,DET,23,26,13,13,7.5,2.3,0.8,2.7,31.9,0.4,1.3,28.6,0.3,0.4,63.6,0.2,0.6,0.8,0.3,0.2,0.3,0.2,0.8,5,0,0,-1.3,2018-2019,0.317073171,0
Joe Chealey,CHA,23,1,0,1,7.8,2,1,3,33.3,0,0,0,0,0,0,0,0,0,1,0,0,0,1,3.5,0,0,-3,2018-2019,0.012195122,0
Thomas Welsh,DEN,23,11,8,3,3.3,1.6,0.6,1.2,53.8,0.3,0.6,42.9,0.1,0.2,50,0,0.4,0.4,0.5,0.1,0,0,0.3,2.7,0,0,0.2,2018-2019,0.134146341,0
Vincent Edwards,HOU,23,2,1,1,7.9,1.5,0.5,2,25,0.5,2,25,0,0,0,0.5,0.5,1,0,0,0,0,0,2.7,0,0,-1,2018-2019,0.024390244,0
Brandon Goodwin,DEN,23,16,10,6,3.6,1.4,0.4,1.4,26.1,0.1,0.4,33.3,0.6,0.7,81.8,0.1,0.1,0.2,0.9,0.2,0,0,0.4,2.8,0,0,0.8,2018-2019,0.195121951,0
Alize Johnson,IND,23,14,9,5,4.6,0.9,0.3,1.1,25,0.1,0.1,50,0.3,0.6,50,0.3,1.1,1.4,0.1,0,0.1,0.2,0.5,3.5,0,0,0.1,2018-2019,0.170731707,0
Chris Chiozza,HOU,23,7,6,1,4.6,0.9,0.3,1.1,25,0.3,0.7,40,0,0,0,0.1,0.4,0.6,0.6,0.1,0.1,0.1,0.3,3.1,0,0,-1.7,2018-2019,0.085365854,0
Eric Paschall,GSW,23,60,14,46,27.6,14,5.3,10.7,49.7,0.6,2.2,28.7,2.7,3.5,77.4,1.4,3.2,4.6,2.1,1.6,0.5,0.2,2.1,23.3,4,0,-6.3,2019-2020,0.731707317,0
Brandon Clarke,MEM,23,58,29,29,22.4,12.1,5.1,8.3,61.8,0.4,1.1,35.9,1.5,1.9,75.9,1.6,4.4,5.9,1.4,0.9,0.6,0.8,1.7,24.5,3,0,-0.3,2019-2020,0.707317073,0
Terence Davis,TOR,23,72,53,19,16.8,7.5,2.8,6.1,45.6,1.3,3.4,38.8,0.7,0.8,86.4,0.7,2.6,3.3,1.6,1.1,0.5,0.2,1.7,15,1,0,2.8,2019-2020,0.87804878,0
Ky Bowman,GSW,23,45,9,36,22.6,7.4,3,7.1,41.7,0.7,2.4,30.8,0.8,0.9,82.9,0.5,2.2,2.7,2.9,1.6,1,0.2,2.3,17.1,0,0,-3.9,2019-2020,0.548780488,0
Devontae Cacok,LAL,23,1,0,1,8.9,6,3,6,50,0,0,0,0,0,0,2,3,5,1,0,0,0,0,13.5,0,0,5,2019-2020,0.012195122,0
Garrison Mathews,WAS,23,18,8,10,12.6,5.4,1.3,3.1,42.9,1.1,2.6,41.3,1.7,1.9,91.2,0.3,1,1.3,0.6,0.4,0.4,0.1,1.8,8.9,0,0,1.9,2019-2020,0.219512195,0
Matisse Thybulle,PHI,23,65,40,25,19.8,4.7,1.7,4.1,42.3,0.9,2.4,35.7,0.4,0.6,61,0.7,1,1.6,1.2,0.8,1.4,0.7,2.2,14.2,0,0,0.6,2019-2020,0.792682927,0
Amir Coffey,LAC,23,18,11,7,8.8,3.2,1.3,3,42.6,0.3,1.1,31.6,0.3,0.6,54.5,0.2,0.7,0.9,0.8,0.4,0.3,0.1,1.1,6.2,0,0,-0.3,2019-2020,0.219512195,0
Chris Silva,MIA,23,44,27,17,7.9,3,1.1,1.8,61.5,0,0.1,0,0.8,1.3,67.3,1.4,1.5,2.9,0.5,0.7,0.2,0.5,1.9,8.6,0,0,-1.2,2019-2020,0.536585366,0
Admiral Schofield,WAS,23,33,9,24,11.2,3,1.1,2.8,38,0.6,1.8,31.1,0.3,0.5,66.7,0.2,1.2,1.4,0.5,0.2,0.2,0.1,1.5,6.3,0,0,-1.7,2019-2020,0.402439024,0
Justin James,SAC,23,36,14,22,6.5,2.5,1,2.3,41.7,0.3,0.8,31,0.3,0.6,47.6,0.2,0.7,0.9,0.5,0.2,0.2,0.3,0.5,5.3,0,0,-0.7,2019-2020,0.43902439,0
Terance Mann,LAC,23,41,27,14,8.8,2.4,0.9,1.9,46.8,0.2,0.5,35,0.4,0.7,66.7,0.2,1.1,1.3,1.3,0.4,0.3,0.1,1.1,6.7,1,0,-0.1,2019-2020,0.5,0
Dewan Hernandez,TOR,23,6,6,0,4.7,2.3,0.8,2.3,35.7,0.2,0.3,50,0.5,0.8,60,0.8,1.5,2.3,0.5,0.5,0.2,0,1,5.9,0,0,1.8,2019-2020,0.073170732,0
Wenyen Gabriel,POR,23,30,10,20,7.8,2.1,0.7,1.6,43.8,0.2,0.7,30,0.5,0.7,68.2,0.7,1,1.7,0.3,0.5,0.4,0.2,1.3,5.8,0,0,-1.5,2019-2020,0.365853659,0
Charlie Brown Jr.,ATL,23,10,1,9,4,2,0.6,1.9,31.6,0.3,0.9,33.3,0.5,0.5,100,0.2,0.2,0.4,0.2,0.3,0.2,0.2,0.3,3.7,0,0,2.8,2019-2020,0.12195122,0
Josh Reaves,DAL,23,4,2,2,7.1,2,0.8,2.3,33.3,0,0.5,0,0.5,0.5,100,0.3,0.5,0.8,0.8,0,0,0,1.3,4,0,0,1.3,2019-2020,0.048780488,0
Malik Newman,CLE,23,1,0,1,3.7,2,0,2,0,0,1,0,2,2,100,0,0,0,0,1,0,0,0,1,0,0,-3,2019-2020,0.012195122,0
Juwan Morgan,UTA,23,21,12,9,6.4,1.7,0.7,1.2,57.7,0.1,0.4,37.5,0.1,0.2,75,0.5,0.9,1.4,0.3,0.3,0,0.1,0.9,3.9,0,0,1.4,2019-2020,0.256097561,0
Kevin Hervey,OKC,23,10,3,7,5.2,1.7,0.7,2.7,25.9,0.3,2,15,0,0,0,0.1,1.1,1.2,0.5,0,0.1,0.1,0.4,4.5,0,0,-3.4,2019-2020,0.12195122,0
Dean Wade,CLE,23,12,1,11,6,1.7,0.8,1.1,69.2,0.2,0.3,50,0,0.1,0,0.3,1.3,1.6,0.2,0.3,0.2,0.3,0.7,5.1,0,0,-0.8,2019-2020,0.146341463,0
Vlatko ?an?ar,DEN,23,14,7,7,3.2,1.2,0.4,1.1,40,0.1,0.4,16.7,0.3,0.3,100,0.4,0.4,0.7,0.2,0.2,0.1,0.1,0.5,2.6,0,0,-0.6,2019-2020,0.170731707,0
Quinndary Weatherspoon,SAS,23,11,5,6,7.1,1.1,0.5,1.5,29.4,0.1,0.5,20,0.1,0.2,50,0.1,0.5,0.6,1,0.5,0.3,0.1,0.7,4,0,0,-2.1,2019-2020,0.134146341,0
Kyle Alexander,MIA,23,2,0,2,6.7,1,0.5,1,50,0,0,0,0,0,0,1,0.5,1.5,0,0.5,0,0,0.5,2.3,0,0,-1.5,2019-2020,0.024390244,0
Armoni Brooks,HOU,23,20,3,17,26,11.2,3.9,9.6,40.6,3,7.9,38.2,0.4,0.6,58.3,0.5,2.9,3.4,1.5,1.1,0.6,0.3,1.7,18.9,0,0,-6.8,2020-2021,0.277777778,0
Desmond Bane,MEM,23,68,36,32,22.3,9.2,3.4,7.3,46.9,1.7,4,43.2,0.6,0.7,81.6,0.5,2.6,3.1,1.7,0.9,0.6,0.2,1.8,17.1,0,0,0.2,2020-2021,0.944444444,0
Payton Pritchard,BOS,23,66,33,33,19.2,7.7,2.8,6.3,44,1.5,3.8,41.1,0.6,0.7,88.9,0.5,1.9,2.4,1.8,0.8,0.6,0.1,1.6,14.6,0,0,0.6,2020-2021,0.916666667,0
Naji Marshall,NOP,23,32,14,18,21.9,7.7,2.6,6.5,39.2,0.9,2.6,34.9,1.7,2.3,70.7,0.5,4.2,4.6,2.8,1.2,0.8,0.3,1.8,19.6,3,0,-0.9,2020-2021,0.444444444,0
Malachi Flynn,TOR,23,47,21,26,19.7,7.5,2.7,7.2,37.4,1.1,3.6,32.1,1,1.2,80.4,0.2,2.3,2.5,2.9,0.9,0.8,0.1,1.4,16.8,1,0,-2.1,2020-2021,0.652777778,0
Anthony Lamb,HOU,23,24,3,21,17.3,5.5,1.9,4.9,39,1,3,32.4,0.8,0.9,85.7,1.1,1.8,2.9,1,0.8,0.3,0.2,1.4,11.1,0,0,-3.7,2020-2021,0.333333333,0
Lamar Stevens,CLE,23,40,13,27,12.5,4.1,1.6,3.4,45.6,0.1,0.6,16,0.9,1.3,72.5,0.6,1.8,2.4,0.6,0.6,0.4,0.3,1.3,9.6,1,0,-2.9,2020-2021,0.555555556,0
Obi Toppin,NYK,23,62,36,26,11,4.1,1.7,3.4,49.8,0.4,1.4,30.6,0.3,0.4,73.1,0.4,1.8,2.2,0.5,0.4,0.3,0.2,0.9,8.6,0,0,0.4,2020-2021,0.861111111,0
Nathan Knight,ATL,23,33,21,12,8.4,3.8,1.1,3,37,0.2,1,18.2,1.3,1.7,80,0.8,1.4,2.2,0.2,0.5,0.3,0.3,0.7,8,1,0,-0.5,2020-2021,0.458333333,0
Skylar Mays,ATL,23,33,19,14,8.2,3.8,1.3,3,44.9,0.4,1.2,35,0.7,0.8,88,0.3,0.8,1.1,0.9,0.3,0.4,0.1,0.5,7.6,0,0,0.4,2020-2021,0.458333333,0
Killian Tillie,MEM,23,18,11,7,10.1,3.2,1.1,3.2,33.3,0.6,1.8,30.3,0.5,0.6,81.8,0.3,1,1.3,0.4,0.1,0.3,0.4,1.1,7.5,0,0,2.2,2020-2021,0.25,0
Trent Forrest,UTA,23,30,22,8,10.1,2.9,1.1,2.4,45.1,0.2,0.9,19.2,0.6,0.6,100,0.4,1.1,1.5,1.5,0.7,0.3,0.1,0.7,7.5,0,0,-1.6,2020-2021,0.416666667,0
Cassius Winston,WAS,23,22,10,12,4.5,1.9,0.6,1.5,42.4,0.4,0.8,47.1,0.2,0.3,83.3,0,0.4,0.4,0.5,0.2,0.1,0,0.4,3.4,0,0,-2.2,2020-2021,0.305555556,0
Elijah Hughes,UTA,23,18,14,4,3.5,1.7,0.6,1.7,33.3,0.4,1.3,34.8,0.2,0.2,75,0.1,0.4,0.5,0.3,0.3,0.1,0.1,0.1,2.8,0,0,-2.1,2020-2021,0.25,0
Malik Fitts,LAC,23,3,3,0,3.6,1,0.3,1,33.3,0.3,0.7,50,0,0,0,0,1,1,0,0,0,0,1,2.2,0,0,-2,2020-2021,0.041666667,0
Tyler Bey,DAL,23,18,11,7,3.9,1,0.4,1.2,31.8,0.1,0.2,25,0.2,0.3,60,0.4,0.6,1.1,0.2,0.2,0,0.1,0.3,2.5,0,0,-2.1,2020-2021,0.25,0
Nick Richards,CHA,23,18,9,9,3.5,0.8,0.2,0.5,44.4,0,0.1,0,0.4,0.6,63.6,0.2,0.4,0.6,0.1,0.2,0,0,0.4,1.6,0,0,-0.7,2020-2021,0.25,0
Will Magnay,NOP,23,1,1,0,3.3,0,0,1,0,0,1,0,0,0,0,0,0,0,0,1,0,0,1,-1,0,0,-10,2020-2021,0.013888889,0
Davion Mitchell,SAC,23,75,28,47,27.7,11.5,4.7,11.2,41.8,1.3,4.3,31.6,0.7,1.1,65.9,0.4,1.8,2.2,4.2,1.5,0.7,0.3,1.9,22,3,0,-3.7,2021-2022,0.914634146,0
Herbert Jones,NOP,23,78,36,42,29.9,9.5,3.5,7.4,47.6,0.7,2.2,33.7,1.8,2.1,84,1.3,2.5,3.8,2.1,1.3,1.7,0.8,3.1,23.3,1,0,0.9,2021-2022,0.951219512,0
Aaron Wiggins,OKC,23,50,13,37,24.2,8.3,3.1,6.7,46.3,0.8,2.8,30.4,1.2,1.7,72.9,1,2.5,3.6,1.4,1.1,0.6,0.2,1.9,16,0,0,-4.7,2021-2022,0.609756098,0
Corey Kispert,WAS,23,77,31,46,23.4,8.2,3,6.7,45.5,1.5,4.2,35,0.7,0.8,87.1,0.7,2,2.7,1.1,0.6,0.5,0.3,1.2,14.7,0,0,0.5,2021-2022,0.93902439,0
Olivier Sarr,OKC,23,22,6,16,19.1,7,2.6,4.6,57.4,0.6,1.3,44.8,1.1,1.3,82.8,1.5,2.7,4.2,0.9,1,0.3,0.7,2.4,15.2,1,0,-1.3,2021-2022,0.268292683,0
Georgios Kalaitzakis,OKC,23,13,8,5,16.4,6.6,2.4,5.2,46.3,0.8,2,38.5,1.1,2.3,46.7,0.5,1.2,1.6,0.9,1.5,0.8,0.2,1.5,11.4,0,0,-10.3,2021-2022,0.158536585,0
Isaiah Livers,DET,23,19,8,11,20.2,6.4,2.2,4.7,45.6,1.4,3.4,42.2,0.6,0.7,85.7,0.8,2.2,3,1.1,0.8,0.7,0.4,1.9,14,1,0,-0.5,2021-2022,0.231707317,0
Chaundee Brown Jr.,ATL,23,5,1,4,20.7,6.2,2,6.4,31.3,1.2,3.6,33.3,1,1.2,83.3,0.2,3,3.2,0.8,0.2,0.4,0,1.4,12.2,0,0,-4,2021-2022,0.06097561,0
Luka Garza,DET,23,32,3,29,12.2,5.8,2.1,4.6,44.9,0.5,1.5,32.7,1.2,1.9,62.3,1.8,1.3,3.1,0.6,0.6,0.3,0.2,1.7,11.3,2,0,-2,2021-2022,0.390243902,0
Mac McClung,LAL,23,2,2,0,12.2,4,1.5,3,50,0.5,1.5,33.3,0.5,0.5,100,0,1.5,1.5,0.5,1.5,0.5,0.5,2.5,8.1,0,0,3.5,2021-2022,0.024390244,0
Sandro Mamukelashvili,MIL,23,41,22,19,9.9,3.8,1.4,2.8,49.6,0.5,1.3,42.3,0.4,0.5,81.8,0.9,1.1,2,0.5,0.4,0.2,0.2,0.7,7.9,1,0,-3.5,2021-2022,0.5,0
Javonte Smart,MIA,23,17,11,6,11.8,3,1.1,3.5,31.7,0.5,1.6,29.6,0.3,0.4,83.3,0.3,1.1,1.4,0.9,0.6,0.4,0.2,0.7,7,0,0,-2.5,2021-2022,0.207317073,0
Jericho Sims,NYK,23,41,19,22,13.5,2.2,1,1.3,72.2,0,0,0,0.3,0.7,41.4,1.5,2.6,4.1,0.5,0.5,0.3,0.5,1.6,9.8,1,0,1.9,2021-2022,0.5,0
Moses Wright,DAL,23,4,4,0,3.7,1.3,0.3,1,25,0,0.3,0,0.8,0.8,100,0.3,0.5,0.8,0.5,0,0,0.3,0,3.7,0,0,-1.8,2021-2022,0.048780488,0
Marcus Garrett,MIA,23,12,11,1,10.7,1.1,0.4,1.8,23.8,0.1,0.3,25,0.2,0.4,40,0.8,1.2,1.9,0.6,0.2,0.4,0.3,1.3,6.1,0,0,1.4,2021-2022,0.146341463,0
Yves Pons,MEM,23,12,9,3,5.9,1.1,0.4,1.3,31.3,0.3,0.8,33.3,0,0.2,0,0.4,0.6,1,0.1,0.1,0.1,0.3,0.5,3.6,0,0,-2.5,2021-2022,0.146341463,0
Ruben Nembhard Jr.,CLE,23,14,6,8,4.5,1.1,0.4,1.3,33.3,0,0.1,0,0.2,0.3,75,0.2,0.3,0.5,0.9,0.2,0.1,0,0.1,3,0,0,-0.5,2021-2022,0.170731707,0
McKinley Wright IV,MIN,23,5,3,2,3.8,1,0.4,0.6,66.7,0.2,0.4,50,0,0,0,0,0,0,0.6,0.2,0,0,0.2,1.7,0,0,-1.4,2021-2022,0.06097561,0
Jordan Goodwin,WAS,23,2,1,1,3,0,0,1.5,0,0,0.5,0,0,0,0,0,0.5,0.5,0,0,0,0,0.5,0.6,0,0,-4,2021-2022,0.024390244,0
RaiQuan Gray,BKN,23,1,0,1,35.1,16,6,12,50,2,5,40,2,2,100,3,6,9,7,4,0,1,5,36.3,0,0,-14,2022-2023,0.012195122,0
Andrew Nembhard,IND,23,75,32,43,27.6,9.5,3.8,8.6,44.1,1.2,3.5,35,0.7,0.8,79,0.5,2.2,2.7,4.5,1.7,0.9,0.2,2.4,21.1,5,0,-3.5,2022-2023,0.914634146,0
Ochai Agbaji,UTA,23,59,29,30,20.5,7.9,2.8,6.5,42.7,1.4,3.9,35.5,0.9,1.2,81.2,0.7,1.3,2.1,1.1,0.7,0.3,0.3,1.7,13,0,0,-0.3,2022-2023,0.719512195,0
AJ Green,MIL,23,35,27,8,9.9,4.4,1.5,3.6,42.4,1.3,3,41.9,0.1,0.1,100,0.2,1.1,1.3,0.6,0.3,0.2,0,0.9,7.1,0,0,-0.7,2022-2023,0.426829268,0
Darius Days,HOU,23,4,0,4,6.2,3.8,1.3,3,41.7,0.8,2.5,30,0.5,0.5,100,0.3,1.3,1.5,0.3,0,0,0.3,0.5,6.7,0,0,0.3,2022-2023,0.048780488,0
Jared Rhoden,DET,23,14,2,12,14.1,3.2,1.2,3.1,38.6,0.4,1.4,25,0.4,0.4,100,0.8,1.9,2.6,0.3,0.2,0.3,0.1,1.6,7.7,0,0,1.5,2022-2023,0.170731707,0
Christian Koloko,TOR,23,58,29,29,13.8,3.1,1.2,2.6,48,0,0.2,8.3,0.6,1,62.7,1.4,1.5,2.9,0.5,0.3,0.4,1,2.2,11.2,0,0,2.7,2022-2023,0.707317073,0
Jason Preston,LAC,23,14,4,10,8.8,2.9,1.3,2.9,43.9,0.4,1.3,27.8,0,0.1,0,0.1,1.4,1.6,1.9,0.7,0.1,0,0.5,7.4,0,0,-0.8,2022-2023,0.170731707,0
Isaiah Mobley,CLE,23,12,8,4,7,2.6,1,2.3,42.9,0.3,0.7,37.5,0.3,0.3,100,0.3,1.3,1.7,0.3,0.1,0.3,0.3,0.7,6.6,0,0,2.6,2022-2023,0.146341463,0
Ron Harper Jr.,TOR,23,9,6,3,5.3,2.2,0.9,1.8,50,0.3,1,33.3,0.1,0.1,100,0.3,0.4,0.8,0.4,0,0,0.1,0.3,4.2,0,0,2.1,2022-2023,0.109756098,0
Buddy Boeheim,DET,23,10,2,8,9,1.6,0.5,2.7,18.5,0.4,2.5,16,0.2,0.2,100,0.2,0.4,0.6,0.4,0,0.2,0,0.6,3.5,0,0,0.3,2022-2023,0.12195122,0
Keon Ellis,SAC,23,16,7,9,4.4,1.5,0.4,1,43.8,0.4,0.8,50,0.3,0.4,57.1,0.3,0.3,0.5,0.4,0.1,0.3,0.1,0.6,3.7,0,0,-1.3,2022-2023,0.195121951,0
Dereon Seabron,NOP,23,5,2,3,2.3,0.8,0.4,1,40,0,0,0,0,0,0,0.2,0,0.2,0,0,0,0,0.2,1,0,0,2,2022-2023,0.06097561,0
Jaime Jaquez Jr.,MIA,23,75,44,31,28.2,11.9,4.5,9.3,48.9,0.9,2.7,32.2,1.9,2.3,81.1,1.1,2.7,3.8,2.6,1.5,1,0.3,2.2,22.7,1,0,1.4,2023-2024,0.914634146,0
Marcus Sasser,DET,23,71,11,60,19,8.3,3.1,7.2,42.8,1.3,3.4,37.5,0.8,0.9,87.9,0.2,1.6,1.8,3.3,1.3,0.6,0.2,1.5,16.5,1,0,-3.5,2023-2024,0.865853659,0
Maozinha Pereira,MEM,23,7,2,5,17.4,6.9,2.6,5,51.4,0.7,1.9,38.5,1,1.4,70,1.6,3.7,5.3,0.3,0.7,0.9,0.6,1.4,17.2,1,0,1.3,2023-2024,0.085365854,0
Kris Murray,POR,23,62,12,50,21.7,6.1,2.3,5.9,39.6,0.8,3,26.8,0.6,0.9,66.1,1.4,2.2,3.6,1.3,0.9,0.9,0.3,1.5,15,1,0,-2.6,2023-2024,0.756097561,0
Tosan Evbuomwan,DET,23,17,1,16,21.6,5.9,2.1,4.2,50.7,0.7,1.9,37.5,1,1.5,68,1.1,2.5,3.5,0.9,0.5,0.4,0.3,1.4,13,0,0,-7.5,2023-2024,0.207317073,0
Jalen Wilson,BKN,23,43,14,29,15.5,5,1.8,4.2,42.5,0.6,1.7,32.4,0.9,1.1,82.6,1.1,2,3,1,0.4,0.3,0.1,1.1,10.8,1,0,-0.1,2023-2024,0.524390244,0
D.J. Carton,TOR,23,4,2,2,8.9,2.8,0.8,2,37.5,0.3,1,25,1,1.3,80,0.5,0.5,1,0.8,0.3,0.3,0,0.8,5.6,0,0,-7.8,2023-2024,0.048780488,0
Isaiah Wong,IND,23,1,1,0,4.3,2,1,3,33.3,0,1,0,0,0,0,0,0,0,0,0,0,0,0,2,0,0,-5,2023-2024,0.012195122,0
E.J. Liddell,NOP,23,8,3,5,2.9,0.5,0.1,0.8,16.7,0,0.6,0,0.3,0.3,100,0,0.6,0.6,0.1,0.3,0.3,0.3,0.3,2.7,0,0,-0.5,2023-2024,0.097560976,0
Zach Edey,MEM,23,66,35,31,21.5,9.2,3.8,6.6,58,0.3,0.8,34.6,1.4,1.9,70.9,3.5,4.8,8.3,1,1.3,0.5,1.3,2.8,24.9,12,0,2.5,2024-2025,0.804878049,0
Marcus Bagley,PHI,23,10,1,9,25.3,6.7,2.7,6.9,39.1,0.5,3.2,15.6,0.8,1,80,2.3,4.7,7,1,0.7,0.9,1.2,1.6,22.2,2,0,-8.4,2024-2025,0.12195122,0
Ajay Mitchell,OKC,23,36,31,5,16.6,6.5,2.5,5.1,49.5,0.6,1.7,38.3,0.8,1,82.9,0.5,1.4,1.9,1.8,0.8,0.7,0.1,1.9,13,1,0,3.5,2024-2025,0.43902439,0
Jonathan Mogbo,TOR,23,63,18,45,20.4,6.2,2.5,5.7,43.8,0.3,1.1,24.3,1,1.3,73.2,1.7,3.2,4.9,2.3,1.1,0.9,0.5,2.2,18.7,3,1,-3.8,2024-2025,0.768292683,0
N'Faly Dante,HOU,23,4,0,4,12.7,6,2.5,3.3,76.9,0,0,0,1,1.3,80,1.5,3.8,5.3,0.5,0.5,0.3,1.3,2.3,17.1,0,0,-2.8,2024-2025,0.048780488,0
Jaylen Clark,MIN,23,40,28,12,13,4.1,1.4,3,46.7,0.6,1.3,43.1,0.7,0.9,78.4,0.7,0.7,1.3,0.7,0.2,0.9,0.1,1.5,9.3,0,0,1.1,2024-2025,0.487804878,0
Devin Carter,SAC,23,36,18,18,11,3.8,1.3,3.5,37,0.5,1.7,29.5,0.7,1.2,59.1,0.5,1.6,2.1,1.1,0.5,0.6,0.1,1.1,9.7,0,0,1.2,2024-2025,0.43902439,0
Reece Beekman,BKN,23,36,13,23,13,2.6,1,3,32.7,0.2,1.1,17.5,0.4,0.6,76.2,0.4,0.7,1.1,1.8,0.6,0.9,0.1,1,8.8,0,0,-3.3,2024-2025,0.43902439,0
Dillon Jones,OKC,23,54,45,9,10.2,2.5,0.9,2.5,38.3,0.3,1.2,25.4,0.3,0.5,60.7,0.6,1.7,2.2,1.1,0.5,0.3,0.1,1,7.4,1,0,1.4,2024-2025,0.658536585,0
Ariel Hukporti,NYK,23,25,17,8,8.7,1.9,0.8,1.2,67.7,0,0,0,0.2,0.5,46.2,0.6,1.5,2,0.4,0.8,0,0.6,1.3,6.1,0,0,-2.5,2024-2025,0.304878049,0
PJ Hall,DEN,23,19,12,7,3.5,1.7,0.7,1.3,58.3,0.1,0.4,25,0.2,0.2,75,0.3,0.8,1.2,0.2,0.1,0,0.2,0.6,4,0,0,-0.1,2024-2025,0.231707317,0
Phillip Wheeler,PHI,23,5,0,5,8.9,1.6,0.6,4.2,14.3,0,2,0,0.4,0.4,100,0.4,1.2,1.6,0.4,0.2,0.2,0.4,0.2,5.7,0,0,2.6,2024-2025,0.06097561,0
Daniss Jenkins,DET,23,7,3,4,3.2,1,0.4,1.4,30,0.1,1,14.3,0,0.3,0,0,0.3,0.3,0.4,0.1,0,0,0.3,1.8,0,0,-1.3,2024-2025,0.085365854,0
Luke Travers,CLE,23,12,10,2,7.3,1,0.4,1.7,25,0,0.8,0,0.2,0.2,100,0.7,1,1.7,0.7,0.7,0.1,0.1,0.5,3.8,0,0,-0.1,2024-2025,0.146341463,0
Isaiah Crawford,SAC,23,15,7,8,3,0.9,0.3,0.7,45.5,0.1,0.3,20,0.1,0.3,50,0.1,0.5,0.5,0.1,0.1,0.1,0.1,0.1,2.1,0,0,1.5,2024-2025,0.182926829,0
Toney Douglas,NYK,24,56,22,34,19.4,8.6,3.2,7,45.8,1.2,3.1,38.9,1,1.2,80.9,0.7,1.2,1.9,2,1,0.8,0.1,2.1,15.3,0,0,-1.9,2009-2010,0.682926829,0
Tyler Hansbrough,IND,24,29,11,18,17.6,8.5,2.8,7.8,36,0,0.1,0,2.9,3.9,74.3,2.1,2.7,4.8,1,0.7,0.6,0.3,2.4,17.5,3,0,-1.9,2009-2010,0.353658537,0
Garrett Temple,SAS,24,27,12,15,12.4,5,1.6,3.7,43.6,0.5,1.4,35.1,1.3,1.9,70,0.2,0.9,1.1,0.8,1,0.5,0.2,1.6,8.7,0,0,-0.1,2009-2010,0.329268293,0
Sundiata Gaines,UTA,24,32,21,11,6.8,3.3,1.2,2.6,46.3,0.2,0.8,26.9,0.7,1.4,50,0.2,0.7,0.9,1.2,0.4,0.4,0,0.5,6.9,0,0,0.4,2009-2010,0.390243902,0
Othyus Jeffers,UTA,24,14,10,4,5.2,2.6,0.9,2.1,41.4,0,0,0,0.9,1.4,68.4,0.6,0.8,1.4,0.1,0.4,0.3,0,0.7,4.8,0,0,0.3,2009-2010,0.170731707,0
Marcus Landry,BOS,24,18,7,11,6.1,2.4,0.9,2.4,37.2,0.5,1.6,32.1,0.2,0.3,60,0.3,0.8,1.1,0,0.3,0.1,0.1,0.8,3.9,0,0,0.2,2009-2010,0.219512195,0
Cedric Jackson,WAS,24,12,11,1,6.2,1.7,0.5,1.7,30,0.1,0.5,16.7,0.6,1,58.3,0.2,0.5,0.7,1.2,0.9,0.3,0.2,0.6,4.6,0,0,-0.8,2009-2010,0.146341463,0
Taylor Griffin,PHX,24,8,6,2,4.1,1.3,0.5,1.3,40,0,0.3,0,0.3,0.5,50,0,0.3,0.3,0.1,0.1,0,0.3,0.5,2.4,0,0,-0.4,2009-2010,0.097560976,0
JamesOn Curry,LAC,24,1,0,1,0.1,0,0,0,0,0,0,0,0,0,0,0,0,0,0,0,0,0,0,0,0,0,0,2009-2010,0.012195122,0
Ekpe Udoh,GSW,24,58,28,30,17.8,4.1,1.7,3.8,43.7,0,0,0,0.7,1.1,65.6,1.4,1.7,3.1,0.7,0.8,0.4,1.5,2.5,13.6,0,0,1.8,2010-2011,0.707317073,0
Semih Erden,CLE,24,41,31,10,14.5,4,1.5,2.7,55.9,0,0,0,1,1.5,65,0.9,2,2.9,0.5,0.8,0.4,0.6,2.5,10.2,0,0,-0.8,2010-2011,0.5,0
Lazar Hayward,MIN,24,42,10,32,10,3.8,1.3,3.7,35.7,0.4,1.4,28.3,0.8,1,78.6,0.5,1.1,1.7,0.7,0.5,0.3,0.2,1,7.7,0,0,-2.8,2010-2011,0.512195122,0
Timofey Mozgov,DEN,24,45,27,18,11.6,3.6,1.4,3,47.4,0,0,0,0.8,1.2,71.2,1,1.7,2.7,0.3,0.8,0.3,0.6,1.9,9.2,1,0,-0.9,2010-2011,0.548780488,0
Greivis Vasquez,MEM,24,70,41,29,12.3,3.6,1.4,3.3,40.8,0.4,1.2,29.1,0.5,0.6,77.3,0.2,0.9,1,2.2,1,0.3,0.1,1.2,8.2,0,0,-0.9,2010-2011,0.853658537,0
Omer Asik,CHI,24,82,62,20,12.1,2.8,1,1.7,55.3,0,0,0,0.9,1.8,50.3,1.4,2.4,3.7,0.4,0.8,0.2,0.7,1.9,9.9,1,0,2.9,2010-2011,1,0
Garret Siler,PHX,24,21,10,11,4.8,2.1,0.8,1.5,54.8,0,0,0,0.5,1,50,0.8,0.6,1.3,0.1,0.5,0,0.2,1,4.2,0,0,-0.8,2010-2011,0.256097561,0
Andy Rautins,NYK,24,5,2,3,4.8,1.6,0.6,1.4,42.9,0.2,0.8,25,0.2,0.4,50,0,0.2,0.2,0.6,1.4,0.2,0,0,1.9,0,0,-2.2,2010-2011,0.06097561,0
Marcus Cousin,UTA,24,4,2,2,4.6,1,0.5,0.8,66.7,0,0,0,0,0,0,0,0.8,0.8,0,0.3,0,0.3,0.3,2.4,0,0,-4.3,2010-2011,0.048780488,0
Hamady Ndiaye,WAS,24,16,3,13,5,0.9,0.3,0.3,80,0,0,0,0.4,0.8,50,0.1,0.3,0.4,0,0.2,0.1,0.3,1.1,2.5,0,0,-2.1,2010-2011,0.195121951,0
Sherron Collins,CHA,24,20,8,12,3.3,0.9,0.4,1.3,28,0.1,0.5,20,0.1,0.1,100,0,0.3,0.3,0.4,0.2,0.1,0,0.1,1.9,0,0,-0.8,2010-2011,0.243902439,0
Donald Sloan,CLE,24,33,10,23,20.3,5.5,2.4,6,39.9,0.1,0.8,8,0.7,0.9,76.7,0.5,1.5,2,3.2,1.5,0.4,0.1,1.1,12.7,0,0,-7.2,2011-2012,0.5,0
Xavier Silas,PHI,24,2,1,1,19.4,5.5,2,7.5,26.7,0.5,3,16.7,1,1.5,66.7,1,1,2,1.5,1.5,0,0,2.5,8.7,0,0,-7,2011-2012,0.03030303,0
Lance Thomas,NOH,24,42,16,26,15,4,1.4,3,45.2,0,0,0,1.2,1.5,83.9,1.2,1.8,3,0.3,0.6,0.2,0.2,1.9,8.6,0,0,-2.1,2011-2012,0.636363636,0
Terrel Harris,MIA,24,22,15,7,14.5,3.6,1.3,3.8,34.9,0.4,1.8,20.5,0.6,1,66.7,0.8,1.5,2.3,1.2,1.1,0.4,0.1,1.5,8.6,0,0,-2.6,2011-2012,0.333333333,0
Mychel Thompson,CLE,24,5,2,3,18.9,3.6,1.4,4.8,29.2,0.8,2.2,36.4,0,0,0,0,1,1,1.4,1,0.4,0.2,1.6,7.7,0,0,-0.6,2011-2012,0.075757576,0
Courtney Fortson,HOU,24,10,5,5,9.5,3.5,1.1,3.2,34.4,0.3,1.3,23.1,1,1.5,66.7,0.6,0.9,1.5,1,1,0.3,0,0.5,6.7,0,0,-3.6,2011-2012,0.151515152,0
DeAndre Liggins,ORL,24,17,9,8,6.8,1.9,0.7,1.5,48,0,0.2,0,0.5,1.1,47.4,0.4,0.5,0.9,0.3,0.6,0.4,0,0.4,3.9,0,0,-3.9,2011-2012,0.257575758,0
Jerry Smith,NJN,24,5,1,4,9.2,1.4,0.6,2.8,21.4,0.2,1.2,16.7,0,0,0,0.4,1,1.4,0.8,0,1,0,1,7.3,0,0,-2.4,2011-2012,0.075757576,0
Jeff Foote,NOH,24,4,1,3,9.8,1,0.5,1.5,33.3,0,0,0,0,0,0,0.3,1.3,1.5,0,0.5,0,0.3,1.3,3.1,0,0,0,2011-2012,0.060606061,0
Darington Hobson,MIL,24,5,1,4,7.8,0.8,0.4,2.6,15.4,0,1.2,0,0,0,0,0,0.6,0.6,1.2,0.4,0,0,0.2,2.9,0,0,1,2011-2012,0.075757576,0
Dennis Horner,NJN,24,8,3,5,2.8,0.6,0.1,0.5,25,0,0.1,0,0.4,0.5,75,0.3,0.4,0.6,0,0.1,0,0,0.1,1.3,0,0,-2,2011-2012,0.121212121,0
Alexey Shved,MIN,24,77,30,47,23.9,8.6,3.1,8.2,37.2,1.1,3.7,29.5,1.4,1.9,72,0.5,1.7,2.3,3.7,1.9,0.7,0.4,1.5,18.2,2,0,-1,2012-2013,0.93902439,0
Jeffery Taylor,CHA,24,77,18,59,19.6,6.1,2.2,5.2,43.1,0.7,2,34.4,1,1.3,72.8,0.7,1.3,1.9,0.8,0.6,0.6,0.2,1.8,11.5,0,0,-3.5,2012-2013,0.93902439,0
Patrick Beverley,HOU,24,41,23,18,17.4,5.6,1.9,4.6,41.8,0.9,2.3,37.5,0.8,1,82.9,1.1,1.6,2.7,2.9,1.1,0.9,0.5,2,16.2,0,0,2.9,2012-2013,0.5,0
Justin Holiday,PHI,24,9,4,5,15.8,4.7,1.8,5.3,33.3,0.4,1.8,25,0.7,0.9,75,0,1.6,1.6,1.7,1,0.3,0.7,0.8,11,0,0,1.3,2012-2013,0.109756098,0
Mike Scott,ATL,24,40,19,21,9.4,4.6,1.8,3.7,47.6,0,0,0,1.1,1.4,76.8,1,1.8,2.8,0.3,0.5,0.1,0.1,0.8,8.3,2,0,-1.1,2012-2013,0.487804878,0
Orlando Johnson,IND,24,51,31,20,12.1,4,1.4,3.5,40,0.7,1.8,38.3,0.5,0.6,71.9,0.4,1.8,2.2,0.9,0.6,0.2,0.2,1,8.6,0,0,-0.1,2012-2013,0.62195122,0
Victor Claver,POR,24,49,19,30,16.6,3.8,1.5,3.9,39.2,0.5,1.8,28.7,0.3,0.6,46.7,0.6,1.8,2.4,0.9,0.9,0.5,0.2,1.5,9.5,0,0,-2.2,2012-2013,0.597560976,0
Kim English,DET,24,41,13,28,9.9,2.9,1,2.7,37.5,0.3,1.2,28,0.5,0.7,72.4,0.2,0.7,0.9,0.6,0.5,0.4,0.1,1.1,5.9,0,0,-1.4,2012-2013,0.5,0
Diante Garrett,PHX,24,19,3,16,7.9,2.1,0.8,2.6,32.7,0.2,0.8,20,0.3,0.5,50,0.3,0.5,0.8,1.6,0.8,0.5,0,0.3,6.2,0,0,-2.5,2012-2013,0.231707317,0
Robert Sacre,LAL,24,32,19,13,6.4,1.3,0.6,1.5,37.5,0,0,0,0.2,0.3,63.6,0.3,0.8,1.1,0.2,0.3,0,0.3,1.2,3.5,0,0,-1.6,2012-2013,0.390243902,0
Tim Ohlbrecht,HOU,24,3,3,0,3.9,1,0.3,1,33.3,0,0,0,0.3,0.3,100,0,0.3,0.3,0.3,1.3,0.3,0,0.3,1.6,0,0,-2.3,2012-2013,0.036585366,0
Miles Plumlee,IND,24,14,9,5,3.9,0.9,0.4,1.5,23.8,0,0,0,0.2,0.3,75,0.9,0.7,1.6,0.1,0.2,0,0.2,0.4,3.5,0,0,-0.9,2012-2013,0.170731707,0
Kris Joseph,BKN,24,10,7,3,5.4,0.9,0.2,1.4,14.3,0,0.3,0,0.5,0.8,62.5,0.1,0.6,0.7,0.1,0.2,0.3,0,0.3,2.6,0,0,-0.6,2012-2013,0.12195122,0
Mason Plumlee,BKN,24,70,37,33,18.2,7.4,2.8,4.3,65.9,0,0,0,1.7,2.8,62.6,1.4,3,4.4,0.9,1.1,0.7,0.8,2.4,17.4,4,0,-1.3,2013-2014,0.853658537,0
Gorgui Dieng,MIN,24,60,32,28,13.6,4.8,1.9,3.8,49.8,0,0,100,1,1.6,63.4,1.7,3.3,5,0.7,0.9,0.5,0.8,1.8,14.8,9,0,-0.7,2013-2014,0.731707317,0
James Southerland,NOP,24,4,2,2,7.5,3.5,1.3,3.8,33.3,0.8,1.5,50,0.3,0.5,50,0,2,2,0,0.3,0.3,0.5,0.8,7.9,0,0,1.8,2013-2014,0.048780488,0
Jeff Withey,NOP,24,58,21,37,11.8,3.3,1.2,2.2,53.5,0,0,0,0.9,1.3,71.2,0.8,1.7,2.6,0.4,0.3,0.3,0.9,1.3,10.1,0,0,0.5,2013-2014,0.707317073,0
Justin Hamilton,MIA,24,8,4,4,9,3.3,1.1,2.5,45,0.4,1.1,33.3,0.6,0.6,100,0.5,0.4,0.9,0,0.5,0.6,0,1,5.7,0,0,-2.9,2013-2014,0.097560976,0
Dewayne Dedmon,ORL,24,31,7,24,12.6,3.1,1.2,2.7,45.8,0,0,0,0.7,1,65.6,1.2,2.9,4.1,0.2,0.6,0.2,0.7,2.1,10.5,0,0,-1.9,2013-2014,0.37804878,0
Toure' Murry,NYK,24,51,26,25,7.3,2.7,1.1,2.5,43.4,0.1,0.2,41.7,0.5,0.8,59,0.3,0.6,0.9,1,0.7,0.4,0,0.9,5.7,0,0,-0.6,2013-2014,0.62195122,0
Tony Mitchell,MIL,24,3,0,3,3.3,2,1,1.7,60,0,0.3,0,0,0,0,0.3,0,0.3,0.3,0,0.3,0,0,3.9,0,0,0.7,2013-2014,0.036585366,0
Chris Babb,BOS,24,14,3,11,9.5,1.6,0.6,2.1,26.7,0.4,1.9,22.2,0,0,0,0.3,0.9,1.2,0.2,0.2,0.4,0,0.9,4.4,0,0,-1.2,2013-2014,0.170731707,0
Ognjen Kuzmic,GSW,24,21,16,5,4.4,0.7,0.2,0.6,38.5,0,0,0,0.2,0.5,45.5,0.5,0.5,1,0.1,0.5,0.1,0.2,0.8,2.6,0,0,-2.9,2013-2014,0.256097561,0
Scotty Hopson,CLE,24,2,2,0,3.4,0.5,0,2,0,0,1,0,0.5,1,50,0,0,0,0.5,0,0.5,0,0,2.8,0,0,-3,2013-2014,0.024390244,0
Elias Harris,LAL,24,2,1,1,5.7,0,0,0.5,0,0,0,0,0,0,0,0.5,0,0.5,0.5,0,0.5,0,0,2.9,0,0,-3,2013-2014,0.024390244,0
Nikola Mirotic,CHI,24,82,50,32,20.2,10.2,3.1,7.6,40.5,1.2,3.8,31.6,2.8,3.5,80.3,0.8,4.2,4.9,1.2,1.1,0.7,0.7,2.1,20.7,8,0,2.1,2014-2015,1,0
Adreian Payne,MIN,24,32,7,25,23.1,6.7,2.8,6.9,41.4,0,0.3,11.1,0.9,1.4,65.2,1.5,3.6,5.1,0.9,1.4,0.6,0.3,2.8,15.4,3,0,-7.6,2014-2015,0.390243902,0
Cleanthony Early,NYK,24,39,6,33,16.6,5.4,1.9,5.5,35.5,0.6,2.2,26.2,0.9,1.2,75,0.6,1.9,2.5,0.9,1,0.6,0.3,1.5,11.5,0,0,-4.2,2014-2015,0.475609756,0
Tim Frazier,POR,24,11,3,8,21.8,5.2,1.9,5.5,34.4,0.5,1.5,29.4,0.9,1.9,47.6,0.5,2,2.5,5.5,2.3,0.7,0,2.4,16.3,1,0,-0.5,2014-2015,0.134146341,0
James Ennis III,MIA,24,62,27,35,17,5,1.6,4,40.9,0.5,1.5,32.6,1.3,1.5,84,0.8,2,2.8,0.8,0.6,0.4,0.3,1.4,11,1,0,-0.1,2014-2015,0.756097561,0
Kostas Papanikolaou,HOU,24,43,29,14,18.5,4.2,1.6,4.6,35,0.7,2.5,29.2,0.3,0.4,72.2,0.9,1.8,2.7,2,1.3,0.7,0.3,1.7,12.1,0,0,-0.9,2014-2015,0.524390244,0
Travis Wear,NYK,24,51,7,44,13.2,3.9,1.6,4.1,40.2,0.2,0.6,36.7,0.4,0.5,76.9,0.6,1.5,2.1,0.8,0.7,0.3,0.2,1.1,8.4,0,0,-1.6,2014-2015,0.62195122,0
Cory Jefferson,BKN,24,50,18,32,10.6,3.7,1.5,3.3,44.9,0,0.3,13.3,0.6,1.1,57.4,0.9,2,2.9,0.3,0.4,0.2,0.4,1.2,9.1,1,0,1.5,2014-2015,0.609756098,0
Erick Green,DEN,24,43,15,28,9.5,3.4,1.4,3.8,37.7,0.3,1.1,29.8,0.2,0.3,83.3,0.2,0.6,0.7,0.9,0.3,0.3,0,0.6,6.1,0,0,-1.9,2014-2015,0.524390244,0
Shayne Whittington,IND,24,20,9,11,5.4,2.9,1,2.1,45.2,0.1,0.3,16.7,0.9,1.2,78.3,0.5,1,1.5,0.3,0.3,0.3,0.1,0.9,5.8,0,0,0.8,2014-2015,0.243902439,0
David Stockton,SAC,24,3,1,2,11,2.7,0.7,2,33.3,0.3,0.7,50,1,2,50,0,0.7,0.7,3,1.3,0.7,0,0.3,8.6,0,0,7.7,2014-2015,0.036585366,0
Russ Smith,MEM,24,12,7,5,5.4,2.5,0.7,2.1,32,0.2,0.9,18.2,1,1.1,92.3,0.1,0.4,0.5,0.7,1,0.3,0,1.1,3.9,0,0,1.8,2014-2015,0.146341463,0
C.J. Wilcox,LAC,24,21,15,6,4.8,2,0.8,1.8,42.1,0.3,0.9,36.8,0.1,0.1,100,0,0.3,0.3,0.4,0.5,0.1,0,0.3,3,0,0,-0.9,2014-2015,0.256097561,0
Drew Gordon,PHI,24,9,0,9,7.9,1.9,0.9,2.1,42.1,0,0.3,0,0.1,0.2,50,0.8,1.2,2,0.2,0.9,0.1,0,0.8,4.1,0,0,-3.8,2014-2015,0.109756098,0
Will Cherry,TOR,24,8,6,2,8.7,1.9,0.6,2.4,26.3,0.3,1.1,22.2,0.4,0.8,50,0.1,0.5,0.6,1,0.5,0.8,0.1,1.3,6.3,0,0,-0.9,2014-2015,0.097560976,0
Jack Cooley,UTA,24,16,10,6,5.4,1.7,0.6,1.4,40.9,0,0,0,0.6,1.3,42.9,0.6,0.9,1.6,0.1,0.2,0.4,0.2,1.4,5.2,0,0,-0.3,2014-2015,0.195121951,0
Cameron Bairstow,CHI,24,18,12,6,3.5,0.6,0.2,0.8,21.4,0,0,0,0.2,0.3,80,0.3,0.1,0.4,0.1,0.2,0.1,0.1,0.4,1.5,0,0,-1.1,2014-2015,0.219512195,0
David Wear,SAC,24,2,0,2,3.5,0,0,1,0,0,0.5,0,0,0,0,1,0,1,0.5,0,0,0,0.5,2,0,0,-4.5,2014-2015,0.024390244,0
T.J. McConnell,PHI,24,81,10,71,19.8,6.1,2.7,5.7,47,0.4,1.1,34.8,0.3,0.5,63.4,0.5,2.6,3.1,4.5,1.7,1.2,0.1,1.4,18.7,0,0,-3.4,2015-2016,0.987804878,0
Duje Dukan,SAC,24,1,0,1,24.2,6,2,10,20,2,5,40,0,0,0,2,2,4,1,0,1,0,2,15.3,0,0,-8,2015-2016,0.012195122,0
Raul Neto,UTA,24,81,40,41,18.5,5.9,2.2,5.2,43.1,0.8,2,39.5,0.6,0.9,74.3,0.2,1.3,1.5,2.1,1.3,0.8,0,1.5,11.9,0,0,0.9,2015-2016,0.987804878,0
Xavier Munford,MEM,24,14,3,11,17.4,5.7,2.3,5.5,41.6,0.6,1.6,39.1,0.5,1,50,0.2,2,2.2,1.6,1.1,0.9,0.2,1.8,13.1,0,0,-1.8,2015-2016,0.170731707,0
Rakeem Christmas,IND,24,1,1,0,6.1,4,2,2,100,0,0,0,0,0,0,1,0,1,0,0,0,0,1,5.2,0,0,-10,2015-2016,0.012195122,0
Delon Wright,TOR,24,27,19,8,8.5,3.8,1.3,3,45,0.2,0.5,38.5,1,1.3,74.3,0.3,1.1,1.4,1.1,0.6,0.3,0.1,0.3,7.8,0,0,0.5,2015-2016,0.329268293,0
Joe Young,IND,24,41,19,22,9.4,3.8,1.5,4.1,36.7,0.2,1.1,21.7,0.5,0.6,80,0.1,1.1,1.2,1.6,0.8,0.4,0,0.7,7.9,0,0,-0.8,2015-2016,0.5,0
Josh Huestis,OKC,24,5,2,3,11,2.8,1,2.4,41.7,0.8,1.2,66.7,0,0.8,0,0.4,1.6,2,0,0.6,0.2,0.4,0.6,6.4,0,0,0.4,2015-2016,0.06097561,0
Jarell Eddie,WAS,24,26,13,13,5.6,2.4,0.8,2.5,30.8,0.6,1.8,31.9,0.3,0.3,100,0.1,0.8,0.9,0.2,0,0.2,0,0.2,4.4,0,0,-1.3,2015-2016,0.317073171,0
Lamar Patterson,ATL,24,35,23,12,11.3,2.4,0.8,2.3,35,0.3,1.4,24.5,0.5,0.6,72.7,0.1,1.3,1.4,1.1,0.7,0.3,0.1,1.3,6.1,0,0,0.9,2015-2016,0.426829268,0
Edy Tavares,ATL,24,11,7,4,6.6,2.3,1,1.7,57.9,0,0,0,0.3,0.7,37.5,0.6,1.3,1.9,0.3,0.5,0.1,0.5,0.7,6.4,0,0,-0.9,2015-2016,0.134146341,0
Keith Appling,ORL,24,5,0,5,5.4,1.2,0.4,1.6,25,0,0.6,0,0.4,0.4,100,0,0.2,0.2,0.2,0.6,0.2,0,1,1.7,0,0,2.8,2015-2016,0.06097561,0
JJ O'Brien,UTA,24,2,2,0,3.1,0,0,0.5,0,0,0,0,0,0,0,0,0.5,0.5,0,0,0.5,0,0.5,2.1,0,0,-4,2015-2016,0.024390244,0
Buddy Hield,SAC,24,82,31,51,23,10.6,4,9.4,42.6,1.8,4.6,39.1,0.8,0.9,84.2,0.4,2.9,3.3,1.5,1.2,0.5,0.1,1.4,17.2,0,0,-2.6,2016-2017,1,0
Malcolm Brogdon,MIL,24,75,38,37,26.4,10.2,3.9,8.5,45.7,1,2.6,40.4,1.5,1.7,86.5,0.6,2.2,2.8,4.2,1.5,1.1,0.2,1.9,22.3,2,1,1.2,2016-2017,0.914634146,1
Yogi Ferrell,DAL,24,46,18,28,26,10,3.5,8.6,40.6,1.5,3.8,38.6,1.6,1.9,83.1,0.4,2,2.4,3.7,1.5,0.9,0.2,2,20.4,0,0,-2.5,2016-2017,0.56097561,0
Shawn Long,PHI,24,18,5,13,13,8.2,3.4,6.1,56,0.4,1.1,36.8,1.1,1.9,54.3,2.3,2.4,4.7,0.7,0.7,0.5,0.5,2.7,17.3,1,0,1.1,2016-2017,0.219512195,0
David Nwaba,LAL,24,20,5,15,19.9,6,2.4,4.1,58,0.1,0.3,20,1.3,2,64.1,0.9,2.3,3.2,0.7,0.6,0.7,0.4,1.8,13.3,0,0,0.5,2016-2017,0.243902439,0
Quinn Cook,NOP,24,14,9,5,13.4,5.6,2.4,4.7,50,0.8,1.9,42.3,0.1,0.4,40,0.1,0.4,0.5,1.9,0.9,0.3,0,0.9,9,0,0,-2.9,2016-2017,0.170731707,0
Chasson Randle,NYK,24,26,8,18,11.5,5.3,1.5,3.8,40.8,0.6,1.8,34,1.6,1.7,95.3,0.2,1,1.2,1.3,0.7,0.3,0.1,1.5,9.2,0,0,-0.4,2016-2017,0.317073171,0
Davis Bertans,SAS,24,67,51,16,12.1,4.5,1.5,3.5,44,1,2.6,39.9,0.4,0.5,82.4,0.3,1.1,1.5,0.7,0.5,0.3,0.4,1.1,9,0,0,1.7,2016-2017,0.817073171,0
Jarrod Uthoff,DAL,24,9,2,7,12.7,4.4,1.8,4.2,42.1,0.3,1,33.3,0.6,0.8,71.4,0.9,1.6,2.4,1,0.3,0.2,0.4,0.9,10.5,0,0,-6.9,2016-2017,0.109756098,0
Dorian Finney-Smith,DAL,24,81,33,48,20.3,4.3,1.5,4.1,37.2,0.7,2.4,29.3,0.6,0.8,75.4,0.7,2.1,2.7,0.8,0.6,0.6,0.3,1.5,11.1,0,0,-1.5,2016-2017,0.987804878,0
Ron Baker,NYK,24,52,14,38,16.5,4.1,1.6,4.2,37.8,0.4,1.7,26.7,0.5,0.8,65.1,0.2,1.7,1.9,2.1,1.1,0.7,0.2,1.4,10.8,0,0,-1.1,2016-2017,0.634146341,0
Gary Payton II,MIL,24,6,2,4,16.5,3.3,1.3,3.7,36.4,0.2,1.5,11.1,0.5,0.8,60,0,2,2,2.2,1.7,0.5,0.7,1.5,10.8,0,0,-9.7,2016-2017,0.073170732,0
Sheldon Mac,WAS,24,30,17,13,9.6,3,1,2.5,40,0.2,1,23.3,0.8,0.9,85.2,0.1,1,1.1,0.5,0.2,0.3,0.1,0.6,5.9,0,0,-1.8,2016-2017,0.365853659,0
Semaj Christon,OKC,24,64,36,28,15.2,2.9,1.2,3.5,34.5,0.2,1,19,0.3,0.5,54.8,0.3,1.1,1.4,2,0.7,0.4,0.1,1.2,8.5,0,0,-2.2,2016-2017,0.780487805,0
Okaro White,MIA,24,35,26,9,13.5,2.8,0.9,2.5,37.9,0.3,1,35.3,0.6,0.6,90.9,0.7,1.6,2.3,0.6,0.5,0.3,0.3,1.5,7.7,0,0,1.9,2016-2017,0.426829268,0
Nicolas Brussino,DAL,24,54,18,36,9.7,2.8,1,2.6,36.9,0.5,1.8,30.5,0.3,0.4,77.3,0.5,1.3,1.8,0.9,0.5,0.3,0.1,0.8,7.1,0,0,-2,2016-2017,0.658536585,0
AJ Hammons,DAL,24,22,4,18,7.4,2.2,0.8,1.9,40.5,0.2,0.5,50,0.4,0.9,45,0.4,1.3,1.6,0.2,0.5,0,0.6,1,5.9,0,0,-0.2,2016-2017,0.268292683,0
Marshall Plumlee,NYK,24,21,6,15,8.1,1.9,0.8,1.4,53.3,0,0,0,0.4,0.9,42.1,1.1,1.3,2.4,0.5,0.6,0.2,0.2,1.1,6.1,1,0,-0.1,2016-2017,0.256097561,0
Kyle Wiltjer,HOU,24,14,12,2,3.1,0.9,0.3,1,28.6,0.3,0.9,30.8,0.1,0.1,50,0.3,0.4,0.7,0.1,0.4,0.2,0.1,0.3,2.5,0,0,-2.7,2016-2017,0.170731707,0
Georges Niang,IND,24,23,11,12,4,0.9,0.4,1.6,25,0,0.5,8.3,0.1,0.1,100,0.1,0.7,0.7,0.2,0.2,0.1,0,0.3,2.3,0,0,0.1,2016-2017,0.280487805,0
Danuel House Jr.,WAS,24,1,0,1,0.8,0,0,0,0,0,0,0,0,0,0,0,1,1,0,0,0,0,0,1.2,0,0,0,2016-2017,0.012195122,0
Patricio Garino,ORL,24,5,2,3,8.6,0,0,1.4,0,0,1,0,0,0,0,0.2,1.2,1.4,0,0.6,0,0,0.8,1.1,0,0,-2.8,2016-2017,0.06097561,0
Tyrone Wallace,LAC,24,30,17,13,28.4,9.7,3.7,8.2,44.5,0.3,1.3,25,2,2.6,78.2,0.7,2.8,3.5,2.4,1.5,0.9,0.4,2.8,19.9,0,0,-0.8,2017-2018,0.365853659,0
Frank Mason III,SAC,24,52,17,35,18.9,7.9,2.8,7.3,37.9,0.6,1.7,36,1.8,2.2,81.7,0.6,1.9,2.5,2.8,1.3,0.7,0.2,1.4,16.5,0,0,-0.7,2017-2018,0.634146341,0
Shaquille Harrison,PHX,24,23,3,20,16.7,6.6,2.6,5.4,47.6,0.3,1.1,23.1,1.2,1.7,73.7,0.4,2.3,2.7,2.4,1,1.1,0.3,1.8,16.7,1,0,2,2017-2018,0.280487805,0
Josh Gray,PHX,24,5,0,5,17.3,6.4,2.2,8.2,26.8,0.6,2.6,23.1,1.4,2.2,63.6,0.4,1.6,2,2.4,1.4,1.6,0.4,1.6,17,0,0,-13.8,2017-2018,0.06097561,0
Rodney Purvis,ORL,24,16,5,11,18.1,6,2.2,6.7,32.7,0.8,3.3,25,0.8,0.9,86.7,0.1,1.6,1.7,1.1,0.6,0.2,0.2,1.6,10.1,0,0,-3.6,2017-2018,0.195121951,0
Xavier Rathan-Mayes,MEM,24,5,0,5,23.6,5.8,2.4,8.4,28.6,0.2,2.8,7.1,0.8,1.8,44.4,0,1,1,3.6,2.2,1.2,0.6,3.6,15.6,0,0,-11.8,2017-2018,0.06097561,0
Jameel Warney,DAL,24,3,1,2,9,5.7,2.3,4,58.3,0,0,0,1,1.7,60,1.3,1.7,3,0,0.3,0,0,0.7,8.9,0,0,-1.7,2017-2018,0.036585366,0
Tyler Cavanaugh,ATL,24,39,11,28,13.3,4.7,1.7,3.9,44.1,0.8,2.3,36,0.4,0.5,81,1.2,2.1,3.3,0.7,0.3,0.2,0.1,1.6,10.3,0,0,-0.6,2017-2018,0.475609756,0
Damyean Dotson,NYK,24,44,11,33,10.8,4.1,1.6,3.7,44.7,0.5,1.5,32.4,0.4,0.5,69.6,0.2,1.7,1.9,0.7,0.4,0.3,0,0.8,8.1,2,0,-0.9,2017-2018,0.536585366,0
Alex Caruso,LAL,24,37,16,21,15.2,3.6,1.4,3.1,43.1,0.4,1.2,30.2,0.6,0.8,70,0.4,1.4,1.8,2,1.1,0.6,0.3,1.4,10.3,0,0,-0.1,2017-2018,0.451219512,0
Milton Doyle,BKN,24,10,2,8,12.5,3.4,1.3,4.7,27.7,0.4,2.3,17.4,0.4,0.8,50,0.3,1.5,1.8,1,0.2,0.6,0.2,1.3,9.3,0,0,-1.2,2017-2018,0.12195122,0
Abdel Nader,BOS,24,48,33,15,10.9,3,1,3.1,33.6,0.5,1.4,35.4,0.5,0.8,59,0.3,1.2,1.5,0.5,0.7,0.3,0.2,0.9,6.5,0,0,-2.3,2017-2018,0.585365854,0
Naz Mitrou-Long,UTA,24,1,0,1,0.5,3,1,1,100,1,1,100,0,0,0,0,0,0,0,0,0,0,0,3,0,0,5,2017-2018,0.012195122,0
Gian Clavell,DAL,24,7,0,7,9.1,2.9,0.9,2.6,33.3,0.9,2.1,40,0.3,0.3,100,0.1,0.9,1,0.4,0.3,0.3,0,1.1,5.3,0,0,2.7,2017-2018,0.085365854,0
Marcus Paige,CHA,24,5,4,1,5.6,2.4,0.8,2.8,28.6,0.4,1.6,25,0.4,0.4,100,0,0.8,0.8,0.6,0,0,0,0,4.3,0,0,1.6,2017-2018,0.06097561,0
Ryan Arcidiacono,CHI,24,24,6,18,12.7,2,0.7,1.7,41.5,0.4,1.3,29,0.2,0.3,83.3,0,1,1,1.5,0.5,0.5,0,0.8,6.5,0,0,-1,2017-2018,0.292682927,0
Matt Williams Jr.,MIA,24,3,1,2,3.8,1.7,0.7,2,33.3,0.3,1.7,20,0,0,0,0,0.3,0.3,0,0.3,0,0,0.3,1.7,0,0,5.3,2017-2018,0.036585366,0
James Webb III,BKN,24,10,1,9,12,1.6,0.6,2.4,25,0.4,1.9,21.1,0,0,0,0.8,1.6,2.4,0.4,0.4,0.1,0,1,5,0,0,-2.6,2017-2018,0.12195122,0
Antonius Cleveland,ATL,24,17,7,10,7.2,1.4,0.5,1.2,38.1,0.2,0.2,75,0.2,0.4,66.7,0.2,0.6,0.8,0.1,0.4,0.4,0.3,1.4,4.2,0,0,-2.6,2017-2018,0.207317073,0
Matt Costello,SAS,24,4,2,2,8.1,1,0.5,1,50,0,0,0,0,0,0,0.3,2,2.3,0.5,0.3,0.5,0.5,1.8,7.2,0,0,3.8,2017-2018,0.048780488,0
Erik McCree,UTA,24,4,4,0,1.9,0,0,0.5,0,0,0.3,0,0,0,0,0,0.3,0.3,0,0.3,0.3,0,0,0.8,0,0,-2.3,2017-2018,0.048780488,0
Johnathan Williams,LAL,24,24,10,14,15.5,6.5,2.7,4.6,59.1,0,0.1,0,1.1,2,56.3,2,2.1,4.1,0.5,0.7,0.3,0.3,2.6,13.5,3,0,2.3,2018-2019,0.292682927,0
Billy Garrett,NYK,24,4,1,3,15.9,6.5,2.8,6.8,40.7,0,2,0,1,1,100,0,0.8,0.8,1.8,0.5,0.3,0.3,0.8,11,0,0,-4,2018-2019,0.048780488,0
Kenrich Williams,NOP,24,46,17,29,23.5,6.1,2.3,6.1,38.4,1.1,3.4,33.3,0.3,0.4,68.4,1.2,3.6,4.8,1.8,0.8,1,0.4,2.1,17.9,1,0,-1.9,2018-2019,0.56097561,0
Cam Reynolds,MIN,24,19,6,13,13.7,5,1.7,4.1,42.3,1.1,2.7,41.2,0.4,0.5,88.9,0.2,1.4,1.6,0.7,0.3,0.3,0.1,1.4,9,0,0,-1.4,2018-2019,0.231707317,0
Devonte' Graham,CHA,24,46,18,28,14.7,4.7,1.6,4.7,34.3,0.7,2.6,28.1,0.8,1,76.1,0.2,1.2,1.4,2.6,0.7,0.5,0,1,11.3,0,0,-2.2,2018-2019,0.56097561,0
Jemerrio Jones,LAL,24,6,3,3,23.9,4.5,2,5.5,36.4,0.3,1.7,20,0.2,0.3,50,2.7,5.5,8.2,2.2,0.8,1.2,0.8,1.7,22.7,1,0,4.7,2018-2019,0.073170732,0
Tahjere McCall,BKN,24,1,0,1,8,4,2,3,66.7,0,1,0,0,1,0,0,1,1,0,0,0,0,2,5.2,0,0,15,2018-2019,0.012195122,0
J.P. Macura,CHA,24,2,1,1,8.4,3,1.5,4.5,33.3,0,2,0,0,0,0,0,1.5,1.5,1,0,0,0,0,6.3,0,0,0.5,2018-2019,0.024390244,0
Gary Clark,HOU,24,51,33,18,12.6,2.9,1,3,33.1,0.8,2.7,29.7,0.1,0.1,100,0.5,1.8,2.3,0.4,0.1,0.4,0.5,0.9,8.7,0,0,0.5,2018-2019,0.62195122,0
Yuta Watanabe,MEM,24,15,5,10,11.6,2.6,1,3.4,29.4,0.1,1.1,12.5,0.5,0.7,70,0.3,1.8,2.1,0.5,0.4,0.3,0.1,0.7,6.5,0,0,1.3,2018-2019,0.182926829,0
Jared Terrell,MIN,24,14,4,10,7.9,2.2,0.9,2.8,30.8,0.3,1.2,23.5,0.2,0.4,50,0.1,0.4,0.4,0.9,0.7,0.2,0.1,1.1,4.4,0,0,-1.9,2018-2019,0.170731707,0
Angel Delgado,LAC,24,2,0,2,7.4,1.5,0.5,2.5,20,0,0,0,0.5,1,50,1,1,2,0,0,0.5,0,1,5.4,0,0,1.5,2018-2019,0.024390244,0
Donte Grantham,OKC,24,3,2,1,0.8,0,0,0.7,0,0,0.7,0,0,0,0,0,0,0,0,0,0,0,0,0,0,0,-0.7,2018-2019,0.036585366,0
Kendrick Nunn,MIA,24,67,42,25,29.3,15.3,6,13.6,43.9,2,5.8,35,1.3,1.5,85,0.3,2.4,2.7,3.3,1.7,0.8,0.2,2.3,24.9,0,0,0.9,2019-2020,0.817073171,0
Cameron Johnson,PHX,24,57,28,29,22,8.8,3.1,7.1,43.5,1.9,4.8,39,0.8,1,80.7,0.9,2.4,3.3,1.2,0.6,0.6,0.4,1.5,17,2,0,0.2,2019-2020,0.695121951,0
Jordan McLaughlin,MIN,24,30,7,23,19.7,7.6,2.9,5.9,48.9,1,2.5,38.2,0.9,1.3,66.7,0.2,1.4,1.6,4.2,1,1.1,0.1,1,18.6,2,0,-2.3,2019-2020,0.365853659,0
Jeremiah Martin,BKN,24,9,6,3,11,7.1,2.7,5.9,45.3,0.6,2,27.8,1.2,1.6,78.6,0.1,1,1.1,2,0.4,0.8,0.2,0.8,14,0,0,-1.9,2019-2020,0.109756098,0
Kelan Martin,MIN,24,31,12,19,16,6.4,2.3,5.8,39.2,0.8,3.1,26,1,1,96.8,0.4,2.7,3.1,0.7,0.6,0.2,0.3,1.6,12.1,0,0,-0.7,2019-2020,0.37804878,0
Caleb Martin,CHA,24,18,6,12,17.6,6.2,2.1,4.7,44,1.1,2.1,54.1,0.9,1.2,81,0.6,1.6,2.1,1.3,0.8,0.7,0.4,1.8,13,0,0,0.3,2019-2020,0.219512195,0
Anžejs Pase??iks,WAS,24,27,9,18,16.2,5.8,2.3,4.3,52.6,0,0.1,0,1.3,2.1,58.6,1.6,2.4,4,0.7,0.9,0.3,0.4,2.8,13,0,0,-0.1,2019-2020,0.329268293,0
Cody Martin,CHA,24,48,16,32,18.8,5,1.9,4.3,43,0.4,1.6,23.4,0.9,1.4,64.6,0.8,2.5,3.3,2,0.9,0.8,0.2,1.6,14,0,0,-1.4,2019-2020,0.585365854,0
Tacko Fall,BOS,24,7,5,2,4.6,3.3,1.6,2,78.6,0,0,0,0.1,0.4,33.3,0.1,2,2.1,0.1,0.4,0.1,0.6,1,7.8,0,0,1,2019-2020,0.085365854,0
Zylan Cheatham,NOP,24,4,2,2,12.8,3,1.5,2.3,66.7,0,0.3,0,0,0,0,0.8,1.5,2.3,0.8,1,0.3,0.3,2.5,7.3,0,0,-7,2019-2020,0.048780488,0
John Konchar,MEM,24,19,9,10,9.5,2.8,1.3,1.9,64.9,0.3,0.5,50,0.1,0.1,50,0.9,1.5,2.5,1.2,0.4,0.4,0.2,0.4,8.8,0,0,1.9,2019-2020,0.231707317,0
Marial Shayok,PHI,24,4,2,2,7,2.8,0.8,3,25,0.5,1.5,33.3,0.8,1,75,0.3,1.5,1.8,0.3,0.8,0,0.3,1,5.2,0,0,-3.3,2019-2020,0.048780488,0
Jarrell Brantley,UTA,24,9,3,6,10.7,2.7,1.1,3.1,35.7,0.3,1.4,23.1,0.1,0.2,50,0.2,2,2.2,1.2,0.8,0.3,0.6,0.8,9.1,0,0,-4.1,2019-2020,0.109756098,0
Max Strus,CHI,24,2,0,2,3.1,2.5,1,1.5,66.7,0,0.5,0,0.5,0.5,100,0.5,0,0.5,0,0,0,0,0.5,3.1,0,0,7.5,2019-2020,0.024390244,0
Gabe Vincent,MIA,24,9,5,4,9.2,2.4,0.9,4.1,21.6,0.7,3,22.2,0,0,0,0,0.6,0.6,0.7,0.1,0.6,0,0.7,5.7,0,0,-3.4,2019-2020,0.109756098,0
Vic Law,ORL,24,8,2,6,7.7,1.9,0.8,2.3,33.3,0.1,0.9,14.3,0.3,0.8,33.3,0.3,1.1,1.4,0.4,0.3,0.3,0,0.8,4.6,0,0,-0.9,2019-2020,0.097560976,0
Devon Hall,OKC,24,11,6,5,7.3,1.8,0.5,2.7,20,0.4,1.5,23.5,0.4,0.7,50,0.2,0.5,0.6,1.2,0.5,0.4,0.1,0.5,5.3,0,0,0.8,2019-2020,0.134146341,0
Cameron Oliver,HOU,24,4,1,3,21.8,10.8,4.8,8.3,57.6,1,3.3,30.8,0.3,1,25,1.3,4,5.3,1.3,0.8,0.5,1,2.8,22.7,1,0,-2.8,2020-2021,0.055555556,0
Robert Franks,ORL,24,7,0,7,14.4,6.1,1.9,4,46.4,0.7,2.1,33.3,1.7,1.9,92.3,0.9,1.1,2,0.7,0.3,0.4,0.4,1.1,11.9,0,0,-3.6,2020-2021,0.097222222,0
Freddie Gillespie,TOR,24,20,7,13,19.6,5.6,2.2,4.2,52.4,0,0,0,1.2,1.7,69.7,2.1,2.8,4.9,0.5,0.6,0.7,1,2.2,16.4,0,0,-3.9,2020-2021,0.277777778,0
Dylan Windler,CLE,24,31,11,20,16.5,5.2,1.8,4.2,43.8,0.8,2.5,33.8,0.7,0.9,77.8,0.6,2.8,3.5,1.1,1,0.6,0.4,1.2,12.9,1,0,-2,2020-2021,0.430555556,0
Brodric Thomas,CLE,24,32,6,26,12.5,3.9,1.2,3.4,36.1,0.5,1.8,27.1,1,1.4,67.4,0.3,1.4,1.7,0.9,0.7,0.5,0.3,1.3,9,0,0,-1.5,2020-2021,0.444444444,0
Mamadi Diakite,MIL,24,14,7,7,10.1,3.1,1.1,2.9,40,0.1,0.6,12.5,0.8,1,78.6,0.6,1.9,2.4,0.6,0.2,0.4,0.4,1.1,9.1,0,0,0.6,2020-2021,0.194444444,0
Grant Riller,CHA,24,7,2,5,3.9,2.6,1.1,1.7,66.7,0.3,0.6,50,0,0,0,0,0.1,0.1,0.4,0.1,0.1,0,0,3.7,0,0,-0.6,2020-2021,0.097222222,0
Sean McDermott,MEM,24,18,10,8,8.8,2.2,0.7,1.8,39.4,0.3,1.2,22.7,0.4,0.4,100,0.3,0.7,1.1,0.2,0.2,0.1,0.2,0.4,4.4,0,0,-3.2,2020-2021,0.25,0
Lindy Waters III,OKC,24,25,6,19,18.6,8,2.8,7,40.6,2.1,5.8,36.3,0.2,0.2,80,0.2,2.7,2.9,1,0.4,0.8,0.3,1.2,15.7,0,0,-1.6,2021-2022,0.304878049,0
Austin Reaves,LAL,24,61,28,33,23.2,7.3,2.4,5.2,45.9,0.9,2.7,31.7,1.6,1.9,83.9,0.7,2.4,3.2,1.8,0.7,0.5,0.3,1.4,15.5,1,1,0.9,2021-2022,0.743902439,0
Jose Alvarado,NOP,24,54,25,29,15.4,6.1,2.4,5.4,44.6,0.6,2,29.1,0.7,1,67.9,0.5,1.4,1.9,2.8,0.7,1.3,0.1,1.4,16.1,1,0,2.6,2021-2022,0.658536585,0
Omer Yurtseven,MIA,24,56,39,17,12.6,5.3,2.3,4.4,52.6,0,0.2,9.1,0.7,1.1,62.3,1.5,3.7,5.3,0.9,0.7,0.3,0.4,1.5,14.2,8,0,1.1,2021-2022,0.682926829,0
Cameron McGriff,POR,24,3,0,3,15.3,4.7,1.7,4.7,35.7,0.7,2,33.3,0.7,0.7,100,2,3,5,1,0,0,0.3,2.3,13.2,0,0,2.7,2021-2022,0.036585366,0
Lindell Wigginton,MIL,24,19,11,8,10.5,4.2,1.4,3.2,42.6,0.5,1.4,34.6,1,1.8,54.3,0.2,1.2,1.3,1.2,0.6,0.3,0.1,0.9,7.9,0,0,-2.5,2021-2022,0.231707317,0
Micah Potter,DET,24,3,2,1,10.3,4,1.7,3.7,45.5,0,0.7,0,0.7,0.7,100,1.3,1.7,3,0,0.3,0.3,0.3,1.3,9.3,0,0,-13.3,2021-2022,0.036585366,0
Jamorko Pickett,DET,24,13,4,9,13.6,3.8,1.4,3.8,36,1,3,33.3,0.1,0.2,50,0.5,2,2.5,0.5,0.4,0,0.5,0.9,8.8,0,0,0,2021-2022,0.158536585,0
Aleem Ford,ORL,24,5,2,3,14.7,2.8,1.2,4,30,0.4,3,13.3,0,0,0,0.4,2.6,3,0.4,0.8,0.2,0,1.4,6.8,0,0,-7,2021-2022,0.06097561,0
Sam Hauser,BOS,24,26,20,6,6.1,2.5,0.9,1.9,46,0.7,1.7,43.2,0,0,0,0.2,0.9,1.1,0.4,0.1,0,0.1,0.3,4.7,0,0,0,2021-2022,0.317073171,0
Jordan Schakel,WAS,24,4,1,3,7.6,1.3,0.3,2.8,9.1,0.3,1.5,16.7,0.5,0.5,100,0.5,1.5,2,0,0.3,0.3,0,0,4.2,0,0,0.5,2021-2022,0.048780488,0
Myles Powell,PHI,24,11,8,3,4.7,1.2,0.5,1.5,29.4,0.1,0.5,16.7,0.2,0.2,100,0.1,0.5,0.5,0.3,0.3,0.1,0,0.7,2.2,0,0,-1.6,2021-2022,0.134146341,0
Carlik Jones,DEN,24,5,3,2,4.7,0.8,0.2,1.8,11.1,0,0.2,0,0.4,0.4,100,0.2,0.4,0.6,1,0.6,0.2,0,0,3,0,0,-4,2021-2022,0.06097561,0
Jarron Cumberland,POR,24,3,0,3,4.1,0.7,0.3,0.7,50,0,0.3,0,0,0,0,0.3,0.7,1,0.3,0,0,0,0.7,2.4,0,0,3,2021-2022,0.036585366,0
Xavier Sneed,UTA,24,9,7,2,4.3,0.6,0.2,1.1,20,0.1,0.9,12.5,0,0,0,0.2,0.4,0.7,0.1,0,0,0,0.2,1.5,0,0,-0.7,2021-2022,0.109756098,0
Ade Murkey,SAC,24,1,0,1,1.5,0,0,0,0,0,0,0,0,0,0,0,0,0,0,0,0,0,0,0,0,0,-1,2021-2022,0.012195122,0
Arnoldas Kulboka,CHA,24,2,2,0,2.7,0,0,0.5,0,0,0.5,0,0,0,0,0,0,0,0,0,0,0,0.5,0,0,0,-6,2021-2022,0.024390244,0
DeJon Jarreau,IND,24,1,0,1,0.9,0,0,0,0,0,0,0,0,0,0,0,0,0,0,0,0,0,0,0,0,0,2,2021-2022,0.012195122,0
JaQuori McLaughlin,DAL,24,4,2,2,2.7,0,0,0.5,0,0,0.3,0,0,0,0,0,0,0,0.5,0,0,0,0.3,0.8,0,0,-2.3,2021-2022,0.048780488,0
Javin DeLaurier,MIL,24,1,1,0,2.8,0,0,0,0,0,0,0,0,0,0,0,1,1,0,0,1,0,1,4.2,0,0,4,2021-2022,0.012195122,0
Jay Huff,LAL,24,4,0,4,5.1,0,0,0.8,0,0,0.5,0,0,0,0,0.3,0.8,1,0.3,0.3,0.3,0.3,0.3,2.8,0,0,3.8,2021-2022,0.048780488,0
MJ Walker,PHX,24,2,1,1,4.2,0,0,2,0,0,1,0,0,0,0,0,0.5,0.5,0.5,0,1,0,0.5,4.4,0,0,-1.5,2021-2022,0.024390244,0
Nate Williams,POR,24,5,1,4,25.3,10.6,4.8,7.8,61.5,0.6,1.6,37.5,0.4,0.6,66.7,2,1,3,2,0.8,0.6,0.4,2.6,19.4,0,0,-7.6,2022-2023,0.06097561,0
Quenton Jackson,WAS,24,9,3,6,15,6.2,2.1,4.7,45.2,0.1,1.3,8.3,1.9,2.4,77.3,0.2,0.7,0.9,1.7,0.4,0.4,0.1,1.1,11,0,0,-1.9,2022-2023,0.109756098,0
Jamal Cain,MIA,24,18,10,8,13.3,5.4,2.1,3.7,56.1,0.4,1.1,35,0.9,1.2,77.3,0.8,2.1,2.9,0.7,0.3,0.6,0.1,1.2,11.6,0,0,1.2,2022-2023,0.219512195,0
Justin Minaya,POR,24,4,0,4,22.2,4.3,1.8,5.8,30.4,0.8,3,25,0,0.3,0,0.8,3,3.8,1,1,0.5,1.3,2.3,14.5,0,0,-5,2022-2023,0.048780488,0
Jacob Gilyard,MEM,24,1,0,1,40.8,3,1,3,33.3,1,3,33.3,0,0,0,0,4,4,7,2,3,0,3,25.3,0,0,-13,2022-2023,0.012195122,0
Jamaree Bouyea,MIA,24,5,2,3,14.1,3,1.2,2.8,42.9,0.4,1.2,33.3,0.2,0.4,50,0.2,1,1.2,0.8,0.8,0.8,0.4,1.2,8.4,0,0,-3.4,2022-2023,0.06097561,0
Stanley Umude,DET,24,1,0,1,2.1,2,0,1,0,0,1,0,2,2,100,0,0,0,0,0,1,1,0,8,0,0,3,2022-2023,0.012195122,0
Trevor Hudgins,HOU,24,5,0,5,5.7,1.8,0.4,1.8,22.2,0.4,1.6,25,0.6,0.6,100,0,0,0,0.6,0.2,0,0,0.2,2.5,0,0,0.6,2022-2023,0.06097561,0
Tyrese Martin,ATL,24,16,10,6,4.1,1.3,0.6,1.4,39.1,0.1,0.4,14.3,0.1,0.1,100,0.3,0.4,0.8,0.1,0.1,0.1,0,0.1,2.5,0,0,0.1,2022-2023,0.195121951,0
Cole Swider,LAL,24,7,2,5,5.9,1.3,0.4,1.3,33.3,0.4,1.1,37.5,0,0,0,0.1,0.9,1,0.6,0,0,0,0.4,3.3,0,0,0.4,2022-2023,0.085365854,0
Alondes Williams,BKN,24,1,1,0,5.3,0,0,0,0,0,0,0,0,0,0,0,1,1,0,2,0,0,1,-0.8,0,0,-5,2022-2023,0.012195122,0
Trayce Jackson-Davis,GSW,24,68,39,29,16.6,7.9,3.4,4.9,70.2,0,0,0,1.1,1.9,56.1,2,3,5,1.2,0.7,0.4,1.1,1.6,19.7,6,0,0.5,2023-2024,0.829268293,0
Toumani Camara,POR,24,70,19,51,24.8,7.5,2.8,6.3,45,0.8,2.5,33.7,1.1,1.4,75.8,2,2.9,4.9,1.2,1.2,0.9,0.5,2.5,18.3,2,0,-2.7,2023-2024,0.853658537,0
Javon Freeman-Liberty,TOR,24,22,3,19,18.3,7,2.5,5.6,44.4,0.5,1.9,23.8,1.5,1.6,91.7,0.7,2.5,3.2,1.8,1.1,0.5,0.2,1.3,14.3,0,0,-7.2,2023-2024,0.268292683,0
Trey Jemison III,MEM,24,25,5,20,23,6.8,3,5.4,55.1,0,0,0,0.8,1,84,2.6,2.8,5.4,1.1,1.4,0.5,1.1,2.8,18.3,1,0,-4.4,2023-2024,0.304878049,0
Craig Porter Jr.,CLE,24,51,30,21,12.7,5.6,2.3,4.5,50.9,0.2,0.7,35.3,0.8,1.1,73.2,0.4,1.7,2.1,2.3,0.9,0.4,0.3,0.8,12.9,0,0,-0.5,2023-2024,0.62195122,0
Izaiah Brockington,NOP,24,1,1,0,3.4,4,2,5,40,0,1,0,0,0,0,1,1,2,0,0,0,0,0,6.4,0,0,3,2023-2024,0.012195122,0
Matt Hurt,MEM,24,8,2,6,14.2,4,1.5,4.3,35.3,0.6,2.5,25,0.4,0.4,100,1.1,0.9,2,0.5,0.3,0.4,0.4,1,9.2,0,0,-1.5,2023-2024,0.097560976,0
Jules Bernard,WAS,24,19,2,17,7.9,3.9,1.5,3.4,45.3,0.6,1.5,37.9,0.3,0.5,55.6,0.5,0.8,1.4,0.8,0.4,0.2,0.1,0.7,7,0,0,1.4,2023-2024,0.231707317,0
Drew Peterson,BOS,24,3,3,0,7.6,3.7,1.3,2,66.7,1,1.7,60,0,0,0,0,0.3,0.3,0.3,0.3,0.7,0,0.3,6.2,0,0,2.7,2023-2024,0.036585366,0
Oscar Tshiebwe,IND,24,8,2,6,5.2,3.3,1.3,2.5,50,0,0,0,0.8,1,75,1,1,2,0.3,0,0.3,0.1,0.4,7.2,0,0,1.8,2023-2024,0.097560976,0
Henri Drell,CHI,24,4,2,2,7.5,2.8,1,2.5,40,0.5,1.5,33.3,0.3,0.5,50,0.3,0.8,1,1,0.5,0.5,0.3,1.5,7.2,0,0,1.5,2023-2024,0.048780488,0
Timmy Allen,MEM,24,5,0,5,25.1,2.6,1.2,4.6,26.1,0,1.4,0,0.2,0.4,50,0.8,2.6,3.4,1,0.4,0.8,0,3.6,10.2,0,0,-13,2023-2024,0.06097561,0
Kobe Brown,LAC,24,44,27,17,9,2,0.8,2,41.1,0.3,1.1,29.2,0,0,50,0.5,1,1.4,0.6,0.2,0.3,0.1,1.1,5.6,0,0,-2.1,2023-2024,0.536585366,0
Markquis Nowell,TOR,24,1,0,1,3.5,2,0,1,0,0,0,0,2,2,100,2,0,2,2,0,1,0,0,10.4,0,0,4,2023-2024,0.012195122,0
Jordan Miller,LAC,24,8,5,3,3.5,1.6,0.6,1.1,55.6,0.1,0.3,50,0.3,0.3,100,0.4,0.3,0.6,0,0.1,0,0,0.3,2.3,0,0,-1.6,2023-2024,0.097560976,0
Jalen Pickett,DEN,24,27,20,7,4.5,1.6,0.6,1.3,42.9,0.3,0.9,36,0.1,0.1,75,0,0.5,0.5,0.8,0.3,0.1,0,0.5,3.5,0,0,0,2023-2024,0.329268293,0
Seth Lundy,ATL,24,9,2,7,5.8,1.6,0.4,1.9,23.5,0.3,1.4,23.1,0.3,0.4,75,0.1,0.7,0.8,0,0.1,0,0,0.7,2.4,0,0,-1.4,2023-2024,0.109756098,0
Adam Flagler,OKC,24,2,2,0,7,1.5,0.5,3.5,14.3,0.5,3,16.7,0,0,0,0,0,0,2,0,0,0,0,4.5,0,0,0,2023-2024,0.024390244,0
Colin Castleton,LAL,24,16,9,7,3.7,1.5,0.6,1,56.3,0,0,0,0.4,0.4,100,0.4,0.4,0.8,0.2,0.2,0.1,0,0.7,2.9,0,0,-2.8,2023-2024,0.195121951,0
Jacob Toppin,NYK,24,9,2,7,4.2,1.4,0.6,1,55.6,0.1,0.4,25,0.2,0.2,100,0.3,0.4,0.8,0.3,0.1,0,0.1,0.3,3.1,0,0,-1.8,2023-2024,0.109756098,0
Keyontae Johnson,OKC,24,9,7,2,7.4,1.2,0.6,1.8,31.3,0.1,0.3,33.3,0,0,0,0.4,0.7,1.1,0.4,0.4,0.1,0,0.6,3.1,0,0,-0.8,2023-2024,0.109756098,0
Hunter Tyson,DEN,24,18,14,4,2.7,1.1,0.4,1.1,40,0.2,0.8,28.6,0,0,0,0.1,0.4,0.5,0.1,0.1,0.1,0,0.6,1.9,0,0,0.4,2023-2024,0.219512195,0
Filip Petrusev,SAC,24,3,2,1,3.1,1,0.3,0.7,50,0,0,0,0.3,0.7,50,0,0.3,0.3,0,0,0,0,0.3,1.4,0,0,2,2023-2024,0.036585366,0
Jalen Slawson,SAC,24,12,8,4,3.1,0.7,0.3,0.5,66.7,0,0.2,0,0,0,0,0.1,0.5,0.6,0.2,0.2,0.1,0.1,0.7,2,0,0,-0.5,2023-2024,0.146341463,0
Pete Nance,CLE,24,8,3,5,3.4,0.4,0.1,0.8,16.7,0.1,0.1,100,0,0.3,0,0,0.4,0.4,0,0.1,0.1,0,0.3,1.1,0,0,-2.9,2023-2024,0.097560976,0
Andrew Funk,CHI,24,5,3,2,2.7,0,0,0.8,0,0,0.6,0,0,0,0,0,0,0,0,0,0.2,0.2,0,1.2,0,0,0.8,2023-2024,0.06097561,0
Jalen Crutcher,NOP,24,1,1,0,2.7,0,0,1,0,0,0,0,0,0,0,0,0,0,0,0,0,0,0,0,0,0,1,2023-2024,0.012195122,0
Tolu Smith,DET,24,1,0,1,22.4,14,6,9,66.7,0,0,0,2,3,66.7,4,4,8,0,2,0,0,3,21.6,0,0,7,2024-2025,0.012195122,0
Drew Timme,BKN,24,9,3,6,28.2,12.1,5,11.3,44.1,1,3.9,25.7,1.1,1.8,62.5,1.9,5.3,7.2,2.2,1.7,0.4,0.1,2.3,24.1,3,0,-7.3,2024-2025,0.109756098,0
Keion Brooks Jr.,NOP,24,14,2,12,23.7,10.1,3.8,7.8,48.6,1,3.1,32.6,1.6,2.1,73.3,0.9,3.3,4.1,0.9,0.9,0.7,0.7,2.1,19.9,1,0,-10.4,2024-2025,0.170731707,0
Dalton Knecht,LAL,24,78,47,31,19.2,9.1,3.3,7.1,46.1,1.6,4.4,37.6,0.8,1.1,76.2,0.5,2.3,2.8,0.8,0.5,0.3,0.1,1.2,14.4,0,0,-0.9,2024-2025,0.951219512,0
Karlo Matkovi?,NOP,24,42,12,30,18.8,7.7,3.2,5.6,57.4,0.5,1.6,31.8,0.8,1,77.3,1.5,3.5,5,1.1,1,0.5,1,2.5,18.8,4,0,-2.1,2024-2025,0.512195122,0
Damion Baugh,CHA,24,15,1,14,24.7,7.3,2.8,8.7,32.3,0.8,3.7,21.4,0.9,1,86.7,0.9,2.4,3.3,3.7,2.1,1,0.1,1.5,18.2,0,0,-11.3,2024-2025,0.182926829,0
Tristan da Silva,ORL,24,74,35,39,22,7.2,2.7,6.5,41.2,1.1,3.2,33.5,0.7,0.9,87.3,1,2.3,3.3,1.5,0.8,0.4,0.2,1.3,14.8,1,0,-1.7,2024-2025,0.902439024,0
Nae'Qwan Tomlin,CLE,24,5,4,1,12.7,7.2,2.6,6.4,40.6,0.4,2,20,1.6,2.2,72.7,1.8,2.4,4.2,0.4,0.4,0,0.2,1.8,13,1,0,1.4,2024-2025,0.06097561,0
Jamison Battle,TOR,24,59,21,38,17.7,7.1,2.5,5.9,42.9,1.8,4.4,40.5,0.3,0.3,88.9,0.6,2.1,2.7,0.9,0.5,0.3,0.2,1.6,12.6,0,0,-3.1,2024-2025,0.719512195,0
Antonio Reeves,NOP,24,44,6,38,15,6.9,2.6,5.6,45.6,1.2,2.9,39.5,0.6,0.8,80,0.4,1,1.4,0.9,0.7,0.5,0.1,0.9,11,0,0,-3.4,2024-2025,0.536585366,0
Pelle Larsson,MIA,24,55,24,31,14.2,4.6,1.6,3.7,43.8,0.6,1.7,33.7,0.7,1.1,67.2,0.5,1.2,1.7,1.2,0.4,0.6,0.1,1.7,10,0,0,0.2,2024-2025,0.670731707,0
Terrence Shannon Jr.,MIN,24,32,21,11,10.6,4.3,1.7,3.6,48.2,0.3,1,35.5,0.5,0.7,81,0.3,1.2,1.5,1,0.5,0.2,0.2,0.8,8.2,1,0,0.3,2024-2025,0.390243902,0
Baylor Scheierman,BOS,24,31,27,4,12.4,3.6,1.3,3.5,35.5,0.8,2.6,31.7,0.3,0.4,75,0.6,1.5,2.1,1.1,0.4,0.5,0.1,0.7,9.2,0,0,0.9,2024-2025,0.37804878,0
Isaac Jones,SAC,24,40,19,21,7.6,3.4,1.4,2.1,65.1,0.1,0.2,37.5,0.6,0.9,63.9,0.6,0.9,1.4,0.3,0.4,0.1,0.3,0.8,6.2,0,0,-1.6,2024-2025,0.487804878,0
RayJ Dennis,IND,24,11,7,4,6.4,2.7,1,3,33.3,0.5,1.9,28.6,0.2,0.2,100,0.2,0.9,1.1,1.3,0.5,0.6,0.2,0.6,7.9,0,0,4,2024-2025,0.134146341,0
Keshad Johnson,MIA,24,16,10,6,6.1,2.7,1.1,1.6,69.2,0.2,0.4,42.9,0.3,0.6,44.4,0.4,1.4,1.8,0.3,0.3,0.3,0.3,0.7,6.6,0,0,0.3,2024-2025,0.195121951,0
Enrique Freeman,IND,24,22,7,15,8.2,2.1,0.7,1.7,43.2,0,0.5,10,0.6,0.9,68.4,0.5,0.9,1.4,0.4,0.3,0.1,0.1,1,4.9,0,0,-0.9,2024-2025,0.268292683,0
Tyler Kolek,NYK,24,41,27,14,7.2,2,0.7,2,32.9,0.3,1.1,29.8,0.3,0.4,76.5,0.2,0.5,0.7,1.7,0.4,0.3,0.1,0.6,6.1,0,0,0,2024-2025,0.5,0
Jahmir Young,CHI,24,6,4,2,4.9,1.8,0.7,0.8,80,0.2,0.3,50,0.3,0.3,100,0.2,0.3,0.5,1,0.2,0,0,0.3,3.8,0,0,-1.2,2024-2025,0.073170732,0
Alex Ducas,OKC,24,21,20,1,6,1.7,0.6,1.4,40,0.5,1,47.6,0.1,0.1,100,0.4,0.8,1.2,0.2,0.2,0.2,0,0.6,4.1,0,0,-1,2024-2025,0.256097561,0
Yuki Kawamura,MEM,24,22,17,5,4.2,1.6,0.5,1.4,36.7,0.3,1,30.4,0.3,0.4,77.8,0,0.5,0.5,0.9,0.2,0.1,0,0.4,3.6,0,0,1.2,2024-2025,0.268292683,0
Kevin McCullar Jr.,NYK,24,4,4,0,7.3,1.5,0.5,1.8,28.6,0,0.3,0,0.5,0.5,100,0,2,2,0.5,0,0.3,0.3,1.5,6.2,0,0,-0.5,2024-2025,0.048780488,0
Quincy Olivari,LAL,24,2,1,1,5.2,1.5,0.5,2.5,20,0.5,2.5,20,0,0,0,0,0,0,0.5,0.5,0,0,0,1.8,0,0,-9,2024-2025,0.024390244,0
Spencer Jones,DEN,24,20,13,7,6.2,1.3,0.6,1.7,32.4,0.1,0.9,5.9,0.2,0.2,100,0.4,0.5,0.9,0.3,0.3,0.3,0.3,0.9,3.9,0,0,-2.3,2024-2025,0.243902439,0
Jalen Bridges,PHX,24,8,1,7,3.8,1.1,0.3,0.9,28.6,0.3,0.9,28.6,0.4,0.5,75,0,0.5,0.5,0,0.5,0,0,0,1.2,0,0,0.9,2024-2025,0.097560976,0
Yuri Collins,GSW,24,2,2,0,8.2,1,0.5,1.5,33.3,0,0,0,0,0,0,1,0.5,1.5,2,0,1,0,2.5,8.8,0,0,-2.5,2024-2025,0.024390244,0
Anton Watson,NYK,24,9,5,4,2.5,0.9,0.4,1,44.4,0,0.1,0,0,0,0,0.1,0.2,0.3,0.2,0.2,0.1,0,0.3,1.7,0,0,-1,2024-2025,0.109756098,0
Tristen Newton,MIN,24,8,2,6,2,0.4,0.1,1,12.5,0,0.4,0,0.1,0.1,100,0.3,0.3,0.5,0.3,0.3,0.1,0,0.5,1.5,0,0,-0.6,2024-2025,0.097560976,0
Isaiah Stevens,MIA,24,3,3,0,1.8,0,0,0.7,0,0,0.3,0,0,0,0,0,0.7,0.7,0,0,0.3,0,0,1.8,0,0,1.3,2024-2025,0.036585366,0
Riley Minix,SAS,24,1,0,1,6.8,0,0,1,0,0,1,0,0,0,0,0,2,2,0,0,0,0,0,2.4,0,0,0,2024-2025,0.012195122,0
Zyon Pullin,MEM,24,3,1,2,0.9,0,0,0.3,0,0,0,0,0,0,0,0,0,0,0,0,0,0,0,0,0,0,0.3,2024-2025,0.036585366,0
Taj Gibson,CHI,25,82,41,41,26.9,9,3.8,7.7,49.4,0,0,0,1.4,2.1,64.6,2.8,4.7,7.5,0.9,1.4,0.6,1.3,3.4,23.4,18,0,-0.8,2009-2010,1,0
Sam Young,MEM,25,80,39,41,16.5,7.4,2.8,6.2,45.1,0.1,0.7,19.6,1.7,2.2,77.7,1,1.6,2.5,0.7,1.2,0.4,0.3,1.3,12.3,0,0,-2.9,2009-2010,0.975609756,0
Chris Hunter,GSW,25,60,19,41,13,4.5,1.8,3.6,50.2,0,0.1,0,0.9,1.2,75.4,0.9,1.9,2.8,0.6,0.5,0.2,0.6,2.2,10.7,1,0,0,2009-2010,0.731707317,0
Lester Hudson,MEM,25,25,18,7,5.3,2.3,0.8,2.1,39.6,0.2,0.6,31.3,0.4,0.5,84.6,0.3,0.4,0.7,0.5,0.6,0.3,0.1,0.5,4.7,0,0,0.6,2009-2010,0.304878049,0
Antonio Anderson,OKC,25,1,0,1,14.6,2,1,3,33.3,0,0,0,0,0,0,1,0,1,0,1,0,0,1,2.2,0,0,-2,2009-2010,0.012195122,0
Trey Gilder,MEM,25,2,0,2,2.6,1,0.5,0.5,100,0,0,0,0,0,0,0,0.5,0.5,0,0,0.5,0,0,3.1,0,0,1.5,2009-2010,0.024390244,0
Nikola Pekovic,MIN,25,65,15,50,13.7,5.5,2.1,4,51.7,0,0,0,1.3,1.8,76.3,1.4,1.6,3,0.4,1.4,0.3,0.5,2.8,10.8,1,0,-3.3,2010-2011,0.792682927,0
Jeff Adrien,GSW,25,23,7,16,8.5,2.5,1,2.3,42.6,0,0,0,0.5,0.8,57.9,1,1.5,2.5,0.4,0.4,0.2,0.2,1.2,6.9,0,0,0.1,2010-2011,0.280487805,0
Chris Johnson,POR,25,14,10,4,9.9,2.4,0.6,1.5,42.9,0,0,0,1.1,1.4,75,0.9,1.4,2.3,0.2,0.7,0.2,0.6,1.5,7.3,0,0,-4,2010-2011,0.170731707,0
Jerome Dyson,NOH,25,9,6,3,20,7.4,2.1,5.3,39.6,0.1,0.9,12.5,3.1,4,77.8,0.2,1.9,2.1,2,2.2,1.2,0.2,2.1,15.1,0,0,0.1,2011-2012,0.136363636,0
Edwin Ubiles,WAS,25,4,1,3,13,3.5,1.3,4.5,27.8,0.3,1.3,20,0.8,0.8,100,0.5,2,2.5,0.3,0.3,0.3,0.3,0.3,8.1,0,0,-4.5,2011-2012,0.060606061,0
Mickell Gladness,GSW,25,26,11,15,9.7,2.2,1,2.3,42.4,0,0,0,0.2,0.5,50,0.5,1.7,2.2,0.2,0.3,0.2,0.8,1.2,7.6,0,0,-2.9,2011-2012,0.393939394,0
Jerome Jordan,NYK,25,21,15,6,5.1,2,0.8,1.6,51.5,0,0,0,0.4,0.5,80,0.7,0.6,1.3,0.2,0.1,0,0.3,0.7,4.7,0,0,1.2,2011-2012,0.318181818,0
Vernon Macklin,DET,25,23,5,18,5.9,2,0.8,1.5,54.3,0,0,0,0.3,0.6,57.1,0.6,0.9,1.5,0.2,0.1,0.2,0.2,0.4,5,0,0,0.1,2011-2012,0.348484848,0
Ryan Reid,OKC,25,5,5,0,3.3,1.6,0.8,1,80,0,0,0,0,0,0,0.2,0.2,0.4,0,0.2,0,0,0.2,1.9,0,0,0.6,2011-2012,0.075757576,0
Kyle Singler,DET,25,82,29,53,28,8.8,3.4,7.8,42.8,0.9,2.4,35,1.2,1.5,80.6,1.3,2.7,4,0.9,1.2,0.7,0.5,2.6,17.3,1,0,-2,2012-2013,1,0
Viacheslav Kravtsov,DET,25,25,8,17,8.9,3.1,1.3,1.8,71.7,0,0,0,0.4,1.5,29.7,1,0.8,1.8,0.4,0.6,0.2,0.4,1.3,6.9,1,0,-0.9,2012-2013,0.304878049,0
Ben Hansbrough,IND,25,28,20,8,7.2,2,0.5,1.6,33.3,0.2,0.8,26.1,0.8,1,77.8,0.1,0.6,0.6,0.8,0.6,0.3,0.1,0.8,4.3,0,0,-1.1,2012-2013,0.341463415,0
Jarvis Varnado,MIA,25,13,10,3,4.5,0.6,0.2,0.5,42.9,0,0,0,0.2,0.3,50,0.2,0.5,0.7,0.2,0.5,0.1,0.2,0.8,2,0,0,-1.8,2012-2013,0.158536585,0
Nick Calathes,MEM,25,71,42,29,16.5,4.9,2,4.4,45.7,0.3,0.9,31.1,0.6,1,61.1,0.3,1.6,1.9,2.9,1.4,0.9,0.1,1.6,13.3,0,0,0.3,2013-2014,0.865853659,0
Jorge Gutierrez,BKN,25,15,8,7,16.3,4.1,1.7,3.6,46.3,0.2,0.8,25,0.6,0.8,75,0.2,1.3,1.5,2,0.9,0.7,0.1,2.5,10.2,0,0,-2.5,2013-2014,0.182926829,0
Robbie Hummel,MIN,25,53,26,27,12.4,3.4,1.3,3.3,37.9,0.6,1.7,36,0.3,0.3,93.8,0.7,1.8,2.5,0.4,0.2,0.3,0,1.1,7.9,0,0,0.7,2013-2014,0.646341463,0
Dwight Buycks,TOR,25,14,5,9,10.4,3.1,1.1,3.4,31.3,0.4,1.2,29.4,0.6,0.6,88.9,0.3,1.4,1.6,0.7,0.7,0.6,0,0.8,7.1,0,0,0,2013-2014,0.170731707,0
Sean Kilpatrick,MIN,25,4,2,2,17.9,5.5,1.8,5,35,1,3.3,30.8,1,1,100,0.3,1.3,1.5,1,0.5,0.8,0,0.8,10.6,0,0,4.3,2014-2015,0.048780488,0
Larry Drew II,PHI,25,12,4,8,18.3,3.8,1.7,4.8,34.5,0.3,2.2,15.4,0.2,0.3,66.7,0.1,1.2,1.3,3.8,2.1,0.5,0,1.1,10.4,0,0,-6.1,2014-2015,0.146341463,0
JaMychal Green,MEM,25,24,10,14,6.8,2.6,1.1,2,57.4,0,0.3,0,0.3,0.4,80,0.8,1.1,1.9,0.2,0.6,0.2,0.2,1,5.8,0,0,-1,2014-2015,0.292682927,0
Jordan McRae,CLE,25,22,10,12,8.9,4.5,1.5,3.5,43.6,0.5,1,45.5,1,1.3,75,0.2,0.7,0.9,1.1,0.7,0.1,0,0.8,7.2,0,0,2,2015-2016,0.268292683,0
Rodney McGruder,MIA,25,78,40,38,25.2,6.4,2.4,5.9,41.3,0.9,2.8,33.2,0.6,0.9,62,1.2,2.1,3.3,1.6,0.7,0.6,0.2,1.8,14.4,0,0,0.1,2016-2017,0.951219512,0
Pierre Jackson,DAL,25,9,4,5,9.4,3.9,1.4,4.3,33.3,0.3,1.2,27.3,0.7,0.8,85.7,0.1,0.9,1,2.1,0.3,0.2,0,0.6,8.6,0,0,6.1,2016-2017,0.109756098,0
Maurice Ndour,NYK,25,32,10,22,10.4,3.1,1.2,2.7,45.3,0,0.2,14.3,0.6,0.8,73.1,0.7,1.3,2,0.3,0.4,0.5,0.3,0.9,7.6,1,0,-0.1,2016-2017,0.390243902,0
Tomas Satoransky,WAS,25,57,33,24,12.6,2.7,1.1,2.6,41.5,0.2,0.6,24.3,0.4,0.6,69.7,0.4,1,1.5,1.6,0.7,0.5,0.1,1.1,7.9,1,0,0.2,2016-2017,0.695121951,0
Michael Gbinije,DET,25,9,7,2,3.5,0.4,0.1,1.1,10,0,0.4,0,0.2,0.2,100,0.2,0.1,0.3,0.2,0,0,0,0.2,1.2,0,0,-0.3,2016-2017,0.109756098,0
Bogdan Bogdanovi?,SAC,25,78,26,52,27.9,11.8,4.4,9.9,44.6,1.7,4.2,39.2,1.3,1.5,84,0.4,2.5,2.9,3.3,1.6,0.9,0.2,2.2,21.9,0,0,-4.6,2017-2018,0.951219512,0
Damion Lee,ATL,25,15,4,11,27,10.7,4.1,10.1,40.8,1,4,25,1.5,1.9,75.9,0.7,4,4.7,1.9,0.9,1.3,0.1,1.7,22.4,0,0,-1.6,2017-2018,0.182926829,0
Myke Henry,MEM,25,20,3,17,18.9,5.4,2.1,5.5,37.6,1,2.9,32.8,0.3,0.5,60,0.5,1.4,1.9,1.1,1,1.6,0.3,1.4,13.9,0,0,-1.5,2017-2018,0.243902439,0
Jamel Artis,ORL,25,15,4,11,18.6,5.1,2.1,5.3,39.2,0.5,1.9,27.6,0.5,0.8,58.3,0.3,2.3,2.5,1.2,0.5,0.1,0.2,0.7,10.4,0,0,-0.4,2017-2018,0.182926829,0
Royce O'Neale,UTA,25,69,43,26,16.7,5,1.7,4.1,42.3,0.6,1.7,35.6,0.9,1.1,80.3,0.4,3.1,3.4,1.4,0.8,0.5,0.2,1.5,12.6,1,0,2.8,2017-2018,0.841463415,0
Jalen Jones,DAL,25,16,3,13,11.3,4.6,1.6,4.3,38.2,0.6,1.6,38.5,0.8,1.2,63.2,0.8,1.6,2.4,0.3,0.4,0.3,0.1,1.4,8.5,0,0,-2,2017-2018,0.195121951,0
Andrew White III,ATL,25,15,1,14,13.9,4.6,1.7,4.9,34.2,1.2,3.3,36.7,0.1,0.3,25,0.3,2,2.3,0.4,0.5,0.2,0.1,0.8,8.2,0,0,-5.1,2017-2018,0.182926829,0
Khem Birch,ORL,25,42,14,28,13.8,4.2,1.6,3,54,0,0,0,1,1.5,68.9,1.7,2.6,4.3,0.8,0.5,0.4,0.5,1.3,12.7,3,0,0.3,2017-2018,0.512195122,0
Malcolm Miller,TOR,25,15,15,0,8.4,2.5,0.9,1.9,46.4,0.5,1.4,38.1,0.3,0.3,100,0.3,0.7,1,0.2,0.3,0.1,0.1,0.7,4.3,0,0,0.5,2017-2018,0.182926829,0
Mangok Mathiang,CHA,25,4,3,1,5,2,1,1.8,57.1,0,0,0,0,0.3,0,0.8,1.8,2.5,0,0,0.3,0,1.3,5.8,0,0,0.3,2017-2018,0.048780488,0
Alfonzo McKinnie,TOR,25,14,13,1,3.8,1.5,0.6,1.1,53.3,0.2,0.6,33.3,0.1,0.2,66.7,0.1,0.4,0.5,0.1,0.2,0.1,0.1,0.6,2.4,0,0,-1,2017-2018,0.170731707,0
Kadeem Allen,BOS,25,18,9,9,6,1.1,0.3,1.2,27.3,0,0.6,0,0.4,0.5,77.8,0.2,0.4,0.6,0.7,0.5,0.2,0.1,0.8,3.1,0,0,-1.1,2017-2018,0.219512195,0
Jaron Blossomgame,CLE,25,27,4,23,16.3,4.2,1.7,3.9,44.3,0.4,1.4,25.6,0.4,0.5,76.9,1,2.7,3.6,0.5,0.4,0.3,0.3,0.7,10.6,1,0,-1.6,2018-2019,0.329268293,0
Dusty Hannahs,MEM,25,2,0,2,13,4,1.5,6,25,0,2.5,0,1,1,100,0,0.5,0.5,2.5,0.5,0.5,0,0.5,9.4,0,0,-5,2018-2019,0.024390244,0
Duncan Robinson,MIA,25,15,7,8,10.7,3.3,1.2,3.1,39.1,0.7,2.3,28.6,0.3,0.4,66.7,0.1,1.1,1.3,0.3,0.3,0.3,0,0.7,6.1,0,0,-2.2,2018-2019,0.182926829,0
Deonte Burton,OKC,25,32,21,11,7.5,2.6,1,2.6,40.2,0.3,0.8,29.6,0.3,0.4,66.7,0.1,0.8,0.9,0.3,0.3,0.2,0.3,1,5.1,0,0,0.8,2018-2019,0.390243902,0
Jordan Loyd,TOR,25,12,11,1,4.6,2.4,0.7,1.5,44.4,0.3,0.7,50,0.8,0.9,81.8,0.1,0.7,0.8,0.5,0.2,0,0,0.4,3.9,0,0,-1.7,2018-2019,0.146341463,0
George King,PHX,25,1,0,1,5.9,0,0,0,0,0,0,0,0,0,0,0,1,1,0,0,0,0,0,1.2,0,0,-9,2018-2019,0.012195122,0
Eric Mika,SAC,25,1,0,1,19,6,2,3,66.7,0,0,0,2,2,100,2,5,7,0,0,0,0,5,14.4,0,0,8,2019-2020,0.012195122,0
Matt Thomas,TOR,25,41,31,10,10.7,4.9,1.8,3.7,48.7,1.1,2.4,47.5,0.2,0.3,75,0.2,1.3,1.5,0.5,0.4,0.2,0,0.9,7.9,0,0,1.6,2019-2020,0.5,0
Marko Guduric,MEM,25,44,19,25,11,3.9,1.4,3.6,39.5,0.6,1.9,30.1,0.5,0.6,92.3,0.3,1.3,1.7,1,0.8,0.3,0.2,0.8,8,0,0,-0.6,2019-2020,0.536585366,0
Paul Watson,TOR,25,10,7,3,8.7,3.1,1,2.6,38.5,0.4,1.2,33.3,0.7,0.9,77.8,0.2,1.5,1.7,0.8,0.3,0.4,0.1,0.5,7.5,0,0,3.3,2019-2020,0.12195122,0
Nigel Williams-Goss,UTA,25,10,6,4,5,1.4,0.5,1.6,31.3,0.2,0.7,28.6,0.2,0.2,100,0.2,0.4,0.6,0.6,0.3,0.3,0.1,0.6,3.9,0,0,0.3,2019-2020,0.12195122,0
Tariq Owens,PHX,25,3,0,3,5.1,1.3,0.3,1.7,20,0,0.7,0,0.7,0.7,100,0.7,0.3,1,0,0,0.3,0,0.3,3.5,0,0,-5.3,2019-2020,0.036585366,0
Matt Mooney,CLE,25,4,0,4,4.7,0.5,0.3,1,25,0,0.5,0,0,0,0,0,0.8,0.8,0.3,0,0.5,0.3,0.3,4,0,0,1.8,2019-2020,0.048780488,0
Jae'Sean Tate,HOU,25,70,17,53,29.2,11.3,4.5,8.9,50.6,0.9,2.8,30.8,1.5,2.1,69.4,1.9,3.5,5.3,2.5,1.4,1.2,0.5,3.2,25.4,3,0,-2.7,2020-2021,0.972222222,0
Dakota Mathias,PHI,25,8,4,4,15.4,6,2.4,6,39.6,1,3.3,30.8,0.3,0.8,33.3,0.1,0.8,0.9,1.6,0.1,0.1,0.4,0.9,10.9,0,0,-3.9,2020-2021,0.111111111,0
Devin Cannady,ORL,25,8,0,8,9.3,4.3,1.4,3.5,39.3,0.8,2,37.5,0.8,0.9,85.7,0,0.6,0.6,0.1,0.3,0.6,0.1,1.1,7.2,0,0,-2.9,2020-2021,0.111111111,0
Sam Merrill,MIL,25,30,18,12,7.8,3,1.1,2.4,44.4,0.7,1.6,44.7,0.1,0.1,100,0.2,0.8,1,0.7,0.3,0.3,0,0.6,5.8,0,0,-1.3,2020-2021,0.416666667,0
Keljin Blevins,POR,25,17,11,6,4.4,0.7,0.3,1.2,25,0.1,0.5,25,0,0,0,0.2,0.4,0.6,0.2,0.3,0.1,0,0.5,1.8,0,0,-2.2,2020-2021,0.236111111,0
Chris Duarte,IND,25,55,21,34,28,13.1,4.9,11.3,43.2,1.7,4.6,36.9,1.6,2,80.4,0.7,3.4,4.1,2.1,1.6,1,0.2,1.7,23.1,0,0,-1,2021-2022,0.670731707,0
Zavier Simpson,OKC,25,4,1,3,43.5,11,4.8,13,36.5,0.3,2,12.5,1.3,1.3,100,0.5,4.8,5.3,7.5,2.5,1.3,1,3.8,32.8,0,0,-23.8,2021-2022,0.048780488,0
Braxton Key,DET,25,11,5,6,17.9,7.2,3,6.5,45.8,0.5,1.9,28.6,0.6,1.2,53.8,1.2,3.4,4.5,1,1,0.9,1,2.4,18.9,0,0,2.5,2021-2022,0.134146341,0
Hassani Gravett,ORL,25,8,2,6,21.4,6.3,2.3,4.8,47.4,1.4,3.3,42.3,0.4,0.5,75,0.1,2.5,2.6,2.5,1.1,0.6,0.1,1.6,14.3,0,0,-0.3,2021-2022,0.097560976,0
Trevelin Queen,HOU,25,10,1,9,7.4,4.3,1.5,3.3,45.5,0.9,2.4,37.5,0.4,0.4,100,0.7,0.9,1.6,0.4,0.7,0.5,0.1,0.6,7.9,0,0,0.8,2021-2022,0.12195122,0
Matt Ryan,BOS,25,1,1,0,5.3,3,1,5,20,1,5,20,0,0,0,0,0,0,0,0,1,0,0,6,0,0,3,2021-2022,0.012195122,0
Trevon Scott,CLE,25,2,1,1,5.7,3,1.5,3,50,0,0.5,0,0,0,0,0.5,0.5,1,0,0,0.5,0.5,1,7.2,0,0,2,2021-2022,0.024390244,0
Jeff Dowtin Jr.,ORL,25,9,4,5,12,2.1,0.9,2.9,30.8,0.1,1,11.1,0.2,0.2,100,0.9,1.1,2,1.1,0.6,0.6,0.1,0.6,7.6,0,0,-2.9,2021-2022,0.109756098,0
Ahmad Caver,IND,25,1,0,1,0.8,2,1,1,100,0,0,0,0,0,0,0,0,0,0,0,0,0,0,2,0,0,2,2021-2022,0.012195122,0
Eugene Omoruyi,DAL,25,4,1,3,4.5,1.8,0.5,1.3,40,0.3,0.5,50,0.5,1,50,0.5,1.3,1.8,0.5,0,0,0,0.5,4.6,0,0,0.8,2021-2022,0.048780488,0
Rob Edwards,OKC,25,2,0,2,5.4,1.5,0.5,2,25,0.5,2,25,0,0,0,0,1.5,1.5,0,0.5,0,0,0,2.8,0,0,-7,2021-2022,0.024390244,0
Shaq Buchanan,MEM,25,2,2,0,4.9,1,0.5,2,25,0,1,0,0,0,0,0.5,0.5,1,1,1,0.5,0,0.5,4.2,0,0,-1,2021-2022,0.024390244,0
Jaime Echenique,WAS,25,1,1,0,3.1,0,0,0,0,0,0,0,0,0,0,0,0,0,0,0,0,0,0,0,0,0,-1,2021-2022,0.012195122,0
Jon Teske,MEM,25,3,3,0,2.6,0,0,0.3,0,0,0,0,0,0.7,0,0,0.7,0.7,0.3,0,0.3,0,0.3,2.3,0,0,-1,2021-2022,0.036585366,0
Tyler Hall,NYK,25,1,1,0,1.9,0,0,0,0,0,0,0,0,0,0,0,0,0,0,0,0,0,0,0,0,0,-5,2021-2022,0.012195122,0
Dru Smith,BKN,25,15,7,8,10.6,2.9,1.2,3,40,0.3,1.3,26.3,0.2,0.2,100,0.1,1.5,1.6,1.5,0.2,0.7,0.3,1.5,9.7,0,0,-1.9,2022-2023,0.182926829,0
Jack White,DEN,25,17,13,4,3.9,1.2,0.5,1.1,42.1,0.2,0.5,33.3,0.1,0.2,66.7,0.4,0.6,1,0.2,0.1,0.2,0.1,0.5,3.6,0,0,-1,2022-2023,0.207317073,0
Dexter Dennis,DAL,25,4,1,3,7.5,5.5,2.5,4.8,52.6,0.3,2,12.5,0.3,0.8,33.3,0.3,2,2.3,1,0.8,0,0.3,0.3,9.7,0,0,-2.3,2023-2024,0.048780488,0
Collin Gillespie,DEN,25,24,15,9,9.4,3.6,1.3,2.9,46.4,0.6,1.6,39.5,0.3,0.5,66.7,0,0.8,0.9,1.1,0.6,0.5,0,1,7.4,0,0,0.6,2023-2024,0.292682927,0
Onuralp Bitim,CHI,25,23,11,12,11.7,3.5,1.4,3.7,38.1,0.5,1.9,27.3,0.2,0.2,80,0.3,1.1,1.4,0.6,0.4,0.1,0.1,1,6.2,0,0,-2,2023-2024,0.280487805,0
Malik Williams,TOR,25,7,2,5,15.2,2.7,1.3,4.9,26.5,0.1,0.7,20,0,0.3,0,2.1,3.3,5.4,0.3,0.4,0.4,0.6,2.1,12.2,0,0,-8,2023-2024,0.085365854,0
Leaky Black,CHA,25,26,2,24,10.9,2.7,1,2,48.1,0.3,0.8,45,0.4,0.6,66.7,0.3,1.5,1.8,0.9,0.2,0.3,0.4,0.7,8.2,0,0,-1,2023-2024,0.317073171,0
Mouhamadou Gueye,TOR,25,11,0,11,10.9,2.4,1,3.5,28.9,0,0.3,0,0.4,0.8,44.4,1.1,1,2.1,0.5,1.1,0.3,1.6,1.4,10.2,0,0,-7.3,2023-2024,0.134146341,0
D'Moi Hodge,LAL,25,7,1,6,5.9,2,0.7,2.1,33.3,0.4,1.7,25,0.1,0.3,50,0,0,0,0.7,0.1,0.1,0.1,0.6,3.8,0,0,-5,2023-2024,0.085365854,0
Jermaine Samuels Jr.,HOU,25,14,8,6,4.3,1.4,0.6,1,64.3,0,0.1,0,0.1,0.1,100,0.2,0.7,0.9,0.2,0,0.1,0.1,0.4,3.5,0,0,-0.9,2023-2024,0.170731707,0
Quinten Post,GSW,25,42,26,16,16.3,8.1,2.9,6.5,44.9,1.7,4.3,40.8,0.5,0.6,77.8,0.8,2.7,3.5,1.3,0.8,0.4,0.4,2,16,0,0,1,2024-2025,0.512195122,0
Tyson Etienne,BKN,25,7,1,6,21.6,7.9,2.4,7.4,32.7,1.9,6.3,29.5,1.1,1.4,80,0.4,0.9,1.3,1.7,1.1,0.4,0.1,2.4,12.5,0,0,-10,2024-2025,0.085365854,0
Cam Spencer,MEM,25,25,14,11,10.1,4.2,1.4,3.3,41.5,0.8,2.1,36.5,0.8,0.8,100,0.5,0.7,1.2,1.4,0.2,0.4,0,0.9,8.7,0,0,1.6,2024-2025,0.304878049,0
Elijah Harkless,UTA,25,10,1,9,13.8,3.2,1.1,3.5,31.4,0.7,2.5,28,0.3,0.6,50,0.9,1.2,2.1,0.8,0.3,1,0.1,1.8,9.9,0,0,3.1,2024-2025,0.12195122,0
Miles Norris,BOS,25,3,2,1,11.6,2.3,0.7,3,22.2,0.7,2.3,28.6,0.3,0.7,50,0.7,2.3,3,0,0,0.7,0.3,0,8.9,0,0,-4.7,2024-2025,0.036585366,0
Emanuel Miller,CHI,25,6,4,2,4.1,1.7,0.7,1.3,50,0,0.2,0,0.3,0.3,100,0.7,0.7,1.3,0.3,0,0.2,0,0.5,4.3,0,0,-1.3,2024-2025,0.073170732,0
Liam Robbins,MIL,25,13,8,5,4.4,0.7,0.2,0.6,25,0,0.2,0,0.4,0.8,50,0.5,0.4,0.9,0.2,0.5,0.2,0.2,0.7,2.5,0,0,-0.4,2024-2025,0.158536585,0
Malevy Leons,OKC,25,6,6,0,3.5,0.3,0,0.3,0,0,0.2,0,0.3,0.7,50,0.2,0.3,0.5,0.2,0.2,0,0,0.7,1,0,0,-3,2024-2025,0.073170732,0
Jesse Edwards,MIN,25,2,2,0,2.3,0,0,0,0,0,0,0,0,0,0,0,0,0,0.5,0,0,0,1,0.8,0,0,-5,2024-2025,0.024390244,0
Oliver Lafayette,BOS,26,1,0,1,21.5,7,3,6,50,1,2,50,0,0,0,1,3,4,2,1,0,0,0,13.8,0,0,-9,2009-2010,0.012195122,0
Gary Neal,SAS,26,80,59,21,21.1,9.8,3.6,7.9,45.1,1.6,3.9,41.9,1.1,1.3,80.8,0.3,2.2,2.5,1.2,1,0.3,0.1,1.9,14.7,0,0,1.1,2010-2011,0.975609756,0
Gary Forbes,DEN,26,63,39,24,12.6,5.2,2,4.3,45.4,0.3,0.9,32.8,0.9,1.4,67.8,0.4,1.4,1.8,0.8,0.7,0.4,0.1,1.2,9.2,0,0,-0.5,2010-2011,0.768292683,0
Zabian Dowdell,PHX,26,24,14,10,12.2,5,2.1,5.2,40.8,0.1,0.4,30,0.7,0.7,94.1,0.2,0.6,0.8,2.1,1.2,0.8,0.1,1.3,10.8,0,0,-1.8,2010-2011,0.292682927,0
Tiago Splitter,SAS,26,60,43,17,12.3,4.6,1.7,3.2,52.9,0,0,0,1.3,2.3,54.3,1.2,2.2,3.4,0.4,0.5,0.5,0.3,1.5,11.1,1,0,-0.4,2010-2011,0.731707317,0
Mustafa Shakur,WAS,26,22,5,17,7.2,2.3,1,2.7,35.6,0,0.5,10,0.4,0.7,53.3,0.3,0.7,1,1.1,0.8,0.2,0.1,0.7,5.5,0,0,-0.3,2010-2011,0.268292683,0
Justin Dentmon,TOR,26,6,4,2,15.1,4.3,1.7,4.7,35.7,0.3,2.3,14.3,0.7,1,66.7,0,1.3,1.3,1.7,1.2,0.3,0,1.7,8.3,0,0,-3.7,2011-2012,0.090909091,0
Greg Stiemsma,BOS,26,55,33,22,13.9,2.9,1.2,2.2,54.5,0,0,0,0.5,0.7,70.7,0.9,2.3,3.2,0.5,0.6,0.7,1.5,2.6,13.6,0,0,-1.2,2011-2012,0.833333333,0
Jeremy Pargo,MEM,26,44,25,19,9.6,2.9,1.1,3.4,33.3,0.2,0.9,26.3,0.4,0.6,59.3,0.3,0.6,0.8,1.3,1,0.3,0,1,5.7,0,0,-2.7,2011-2012,0.666666667,0
Nando De Colo,SAS,26,72,50,22,12.8,3.8,1.5,3.3,43.6,0.4,1.1,37.8,0.5,0.6,79.5,0.3,1.6,1.9,1.9,1.1,0.6,0.1,1.2,9.8,0,0,-0.5,2012-2013,0.87804878,0
Aron Baynes,SAS,26,16,11,5,8.8,2.7,1.1,2.3,50,0,0.1,0,0.4,0.8,58.3,0.8,1.3,2,0.3,0.7,0.1,0.4,1.4,6.2,0,0,-0.1,2012-2013,0.195121951,0
Joel Freeland,POR,26,51,15,36,9.4,2.6,1.1,2.8,40.8,0,0,0,0.4,0.5,66.7,0.8,1.5,2.3,0.3,0.4,0.3,0.2,1.3,6.8,0,0,-1.8,2012-2013,0.62195122,0
Luke Zeller,PHX,26,16,6,10,3.6,1.2,0.6,1.6,34.6,0.1,0.3,20,0,0,0,0.1,0.6,0.6,0.2,0,0,0,0.3,2.2,0,0,-2.6,2012-2013,0.195121951,0
Vitor Faverani,BOS,26,37,13,24,13.2,4.4,1.7,4,43.5,0.3,1.1,30,0.6,1,64.9,1.1,2.3,3.5,0.4,1.1,0.4,0.7,2,11.4,1,0,-2.6,2013-2014,0.451219512,0
Miroslav Raduljica,MIL,26,48,7,41,9.7,3.8,1.4,2.6,54,0,0,0,0.9,1.1,81.8,1.1,1.1,2.3,0.5,0.6,0.1,0.3,1.8,7.9,0,0,-1,2013-2014,0.585365854,0
Gigi Datome,DET,26,34,9,25,7,2.4,1,2.9,35.1,0.2,1.1,17.9,0.2,0.3,80,0.4,0.9,1.4,0.3,0.3,0.2,0,0.6,4.8,0,0,1.1,2013-2014,0.414634146,0
Gal Mekel,DAL,26,31,18,13,9.4,2.4,1,2.8,34.9,0.2,0.6,25,0.3,0.4,66.7,0.2,0.7,0.9,2,1,0.1,0,1,5.9,0,0,0,2013-2014,0.37804878,0
Arinze Onuaku,CLE,26,5,2,3,6,0.6,0.2,1,20,0,0,0,0.2,0.4,50,0.4,1.2,1.6,0.6,0.2,0,0,0.6,3.2,0,0,-1.2,2013-2014,0.06097561,0
Chris Smith,NYK,26,2,0,2,1,0,0,0,0,0,0,0,0,0,0,0,0,0,0,0,0,0,0,0,0,0,-1.5,2013-2014,0.024390244,0
Bojan Bogdanovic,BKN,26,78,36,42,23.8,9,3.3,7.4,45.3,1.2,3.3,35.5,1.1,1.4,82.1,0.6,2.1,2.7,0.9,1,0.4,0.1,1.3,14.2,0,0,-2.3,2014-2015,0.951219512,0
Zoran Dragic,MIA,26,16,6,10,4.7,1.8,0.7,1.9,36.7,0.2,0.9,21.4,0.2,0.3,60,0.3,0.2,0.5,0.3,0.3,0.1,0,0.4,2.9,0,0,-0.9,2014-2015,0.195121951,0
Kalin Lucas,MEM,26,1,0,1,5.5,0,0,1,0,0,0,0,0,0,0,0,0,0,0,0,1,0,1,3,0,0,-7,2014-2015,0.012195122,0
Jonathon Simmons,SAS,26,55,47,8,14.8,6,2.2,4.4,50.4,0.3,0.9,38.3,1.3,1.7,75,0.3,1.5,1.7,1.1,1,0.4,0.1,1.9,10.3,0,0,1.7,2015-2016,0.670731707,0
Willie Reed,BKN,26,39,8,31,10.9,4.7,1.9,3.4,57.1,0,0,0,0.8,1.4,54.5,1.3,1.9,3.1,0.3,0.4,0.2,0.8,1.2,11.2,0,0,-2.1,2015-2016,0.475609756,0
Tibor Pleiss,UTA,26,12,7,5,6.8,2,0.9,2.1,44,0,0.2,0,0.2,0.2,100,0.5,0.8,1.3,0.2,0.7,0.1,0.2,1.6,3.8,0,0,-1.3,2015-2016,0.146341463,0
Maxi Kleber,DAL,26,72,20,52,16.8,5.4,2.1,4.3,48.9,0.6,1.8,31.3,0.6,0.8,74.6,1,2.3,3.3,0.7,0.4,0.4,0.7,1.6,12.9,1,0,-1.8,2017-2018,0.87804878,0
Daniel Theis,BOS,26,63,44,19,14.9,5.3,2,3.7,54.1,0.3,0.9,31,1,1.3,75.3,1.4,2.9,4.3,0.9,0.9,0.5,0.8,2.5,14.6,2,0,0,2017-2018,0.768292683,0
Kyle Collinsworth,DAL,26,32,9,23,15,3.2,1.2,3.1,38.4,0.1,0.5,23.5,0.7,1.3,52.5,1,2.3,3.3,1.8,0.8,0.5,0.3,1.4,11.5,1,0,-0.9,2017-2018,0.390243902,0
Reggie Hearn,DET,26,3,3,0,2.2,1,0.3,0.7,50,0.3,0.7,50,0,0,0,0,0,0,0,0,0,0,0,1,0,0,-1.7,2017-2018,0.036585366,0
Jordan Sibert,ATL,26,1,1,0,4.2,3,1,1,100,1,1,100,0,0,0,0,0,0,0,0,0,0,0,3,0,0,-5,2018-2019,0.012195122,0
Amile Jefferson,ORL,26,12,9,3,5.7,2.3,0.8,1.3,62.5,0,0,0,0.6,0.7,87.5,0.5,1.3,1.8,0.3,0.1,0.3,0.3,0.7,6.1,0,0,1.1,2018-2019,0.146341463,0
DeVaughn Akoon-Purcell,DEN,26,7,7,0,3.1,1,0.4,1.4,30,0,0.6,0,0.1,0.3,50,0.1,0.4,0.6,0.9,0.3,0.3,0,0.6,3.5,0,0,0.1,2018-2019,0.085365854,0
Zach Lofton,DET,26,1,1,0,3.8,0,0,1,0,0,1,0,0,0,0,0,0,0,0,1,1,0,0,2,0,0,0,2018-2019,0.012195122,0
Mychal Mulder,GSW,26,7,3,4,29.1,11,3.7,9.6,38.8,2.3,7.4,30.8,1.3,1.7,75,0.4,2.9,3.3,1.1,0.7,0.3,0.1,2.9,17.2,0,0,3.3,2019-2020,0.085365854,0
Javonte Green,BOS,26,48,33,15,9.7,3.4,1.3,2.6,50,0.2,0.7,27.3,0.6,0.9,66.7,0.5,1.4,1.9,0.5,0.5,0.5,0.2,0.9,8.1,0,0,-0.6,2019-2020,0.585365854,0
Michael Frazier II,HOU,26,13,7,6,11.1,2.1,0.5,2.2,24.1,0.3,1.8,17.4,0.7,1.1,64.3,0.1,0.7,0.8,0.2,0.4,0.2,0,1.7,3.3,0,0,-4.5,2019-2020,0.158536585,0
Vincent Poirier,BOS,26,22,18,4,5.9,1.9,0.8,1.6,47.2,0,0.1,50,0.3,0.3,85.7,0.6,1.4,2,0.4,0.4,0.1,0.4,1.1,5.9,0,0,-0.9,2019-2020,0.268292683,0
William Howard,HOU,26,2,1,1,6.6,0,0,2,0,0,2,0,0,0,0,0,1,1,0.5,0.5,0,0,0.5,1.5,0,0,-8,2019-2020,0.024390244,0
Elijah Bryant,MIL,26,1,0,1,31.6,16,6,13,46.2,1,5,20,3,3,100,2,4,6,3,4,0,1,4,26.7,0,0,11,2020-2021,0.013888889,0
Gabriel Deck,OKC,26,10,1,9,21.2,8.4,3.2,6.7,47.8,0.2,1.5,13.3,1.8,2.2,81.8,1.6,2.4,4,2.4,0.6,0.8,0,0.9,18.6,0,0,-5.1,2020-2021,0.138888889,0
Jock Landale,SAS,26,54,24,30,10.9,4.9,1.9,3.8,49.5,0.5,1.6,32.6,0.6,0.8,82.9,1.2,1.4,2.6,0.8,0.6,0.2,0.3,1,10,1,0,-0.3,2021-2022,0.658536585,0
Malcolm Hill,CHI,26,19,8,11,11.2,3.8,1.3,2.7,46.2,0.7,1.9,36.1,0.6,0.7,78.6,0.6,1.3,1.8,0.4,0.2,0.4,0.2,1.3,8.1,0,0,-1.6,2021-2022,0.231707317,0
Paris Bass,PHX,26,2,2,0,3.7,3,1,3,33.3,0,1,0,1,1,100,1,1,2,0,1,0.5,0,1,5.9,0,0,1,2021-2022,0.024390244,0
Petr Cornelie,DEN,26,13,3,10,2.9,1.1,0.4,1.2,33.3,0.1,0.6,12.5,0.2,0.3,75,0.5,0.5,1.1,0.2,0.3,0.1,0.1,0.5,2.9,0,0,0.6,2021-2022,0.158536585,0
Kevon Harris,ORL,26,34,12,22,13.4,4.1,1.4,3.1,43.9,0.5,1.3,37.2,0.9,1.2,75.6,0.8,1.2,2.1,0.5,0.6,0.5,0.1,1.6,8.6,0,0,0,2022-2023,0.414634146,0
Taze Moore,POR,26,4,1,3,10.1,4.5,2,4.8,42.1,0.3,1.8,14.3,0.3,0.5,50,1,1,2,1.3,0.8,0.5,0,1,9.5,0,0,-5.5,2023-2024,0.048780488,0
Jordan Ford,SAC,26,6,2,4,3.6,2,0.7,1.2,57.1,0.3,0.5,66.7,0.3,0.3,100,0,0.3,0.3,0.3,0.2,0,0,0,2.7,0,0,2.3,2023-2024,0.073170732,0
Nathan Mensah,CHA,26,25,3,22,12.3,1.3,0.5,1.1,42.9,0,0,0,0.4,0.5,75,1.2,1.4,2.6,0.4,0.6,0.2,0.6,2.6,6.8,0,0,-5.3,2023-2024,0.304878049,0
Dmytro Skapintsev,NYK,26,2,0,2,1.1,0,0,0.5,0,0,0,0,0,0,0,0,0,0,0,0,0,0,0,0,0,0,0,2023-2024,0.024390244,0
Daeqwon Plowden,ATL,26,6,3,3,11.9,7.2,2.7,4.2,64,1.5,2.8,52.9,0.3,0.3,100,0.7,1.2,1.8,0.3,0.7,0,0,1.7,9.2,0,0,4.8,2024-2025,0.073170732,0
Jaylen Sims,CHA,26,6,0,6,18.6,7,2,4.7,42.9,1,2.5,40,2,2.5,80,0.5,0.5,1,2,1.3,0.5,0.2,1.7,11.9,0,0,-7.8,2024-2025,0.073170732,0
Keaton Wallace,ATL,26,31,15,16,16.2,5.4,2.1,5.2,40.1,0.9,2.6,32.9,0.4,0.4,100,0.2,1.4,1.6,2.6,1.1,0.9,0.3,1.3,13.8,1,1,-0.6,2024-2025,0.37804878,0
Alex Reese,PHI,26,15,4,11,14.4,5.1,1.7,3.6,48.1,1,2.7,36.6,0.6,0.8,75,0.6,2.5,3.1,0.3,0.4,0.7,0.7,1.4,12.8,0,0,1.3,2024-2025,0.182926829,0
Branden Carlson,OKC,26,32,29,3,7.7,3.8,1.3,3,44.3,0.7,2.1,33.3,0.4,0.6,77.8,0.5,1.2,1.7,0.4,0.2,0.2,0.7,0.7,8.7,1,0,1.3,2024-2025,0.390243902,0
Pooh Jeter,SAC,27,62,16,46,13.8,4.1,1.7,4.2,40.9,0.1,0.5,20,0.6,0.7,90.2,0.1,1,1.1,2.6,0.8,0.5,0,0.9,10.1,0,0,-1.4,2010-2011,0.756097561,0
Patrick Ewing,NOH,27,7,3,4,2.7,0.4,0,0.7,0,0,0.3,0,0.4,0.6,75,0.1,0.1,0.3,0.3,0.1,0,0.1,0.1,1.5,0,0,-0.6,2010-2011,0.085365854,0
Gustavo Ayon,NOH,27,54,18,36,20.2,5.9,2.6,4.8,53.6,0,0,0,0.7,1.2,61.9,1.6,3.3,4.9,1.4,0.9,1,0.9,2.2,18.5,2,0,-0.4,2011-2012,0.818181818,0
Eric Dawson,SAS,27,4,3,1,9.8,3.8,1.8,3,58.3,0,0,0,0.3,0.5,50,1.3,1.3,2.5,0,0.8,0.3,0.5,1.5,8.3,0,0,-6,2011-2012,0.060606061,0
Brian Roberts,NOH,27,78,26,52,17,7.1,2.7,6.6,41.7,0.8,2,38.6,0.9,1,90.9,0.2,1,1.2,2.8,0.9,0.5,0,1.4,13.4,2,0,-2.2,2012-2013,0.951219512,0
Mirza Teletovic,BKN,27,53,28,25,9.4,3.5,1.3,3.5,38.4,0.7,2,34.3,0.2,0.2,81.8,0.6,1.2,1.8,0.4,0.4,0.2,0.2,1,7.2,0,0,-0.4,2012-2013,0.646341463,0
Josh Akognon,DAL,27,3,2,1,2.9,1.7,0.7,1.3,50,0.3,0.7,50,0,0,0,0,0.3,0.3,0.3,0,0,0,1,2.6,0,0,-1.7,2012-2013,0.036585366,0
Dionte Christmas,PHX,27,31,15,16,6.4,2.3,0.7,2,35.5,0.3,1,29,0.6,0.8,75,0.4,0.8,1.2,0.3,0.2,0.1,0.1,0.6,4.4,0,0,-0.7,2013-2014,0.37804878,0
Shane Edwards,CLE,27,2,0,2,5.9,1,0.5,1.5,33.3,0,0,0,0,0,0,0.5,0.5,1,0,0.5,0,0,0.5,1.7,0,0,-4,2013-2014,0.024390244,0
Elijah Millsap,UTA,27,47,25,22,19.7,5.3,1.7,5.1,34,0.6,1.9,31.1,1.2,1.8,67.4,0.6,2.6,3.2,1.2,1.4,1.2,0.3,2.6,14.1,0,0,1.2,2014-2015,0.573170732,0
Joe Ingles,UTA,27,79,36,43,21.2,5,1.9,4.5,41.5,0.9,2.6,35.6,0.4,0.5,75,0.3,1.9,2.2,2.3,1.2,0.9,0.1,1.6,13,0,0,-0.6,2014-2015,0.963414634,0
Patrick Christopher,MEM,27,4,2,2,7.2,1.5,0.8,3,25,0,1,0,0,0,0,0.5,1,1.5,0,0.3,0.3,0,1.5,3.8,0,0,-4.5,2014-2015,0.048780488,0
Boban Marjanovic,SAS,27,54,47,7,9.4,5.5,1.9,3.2,60.3,0,0,0,1.6,2.1,76.3,1.4,2.2,3.6,0.4,0.5,0.2,0.4,1,11.8,3,0,1,2015-2016,0.658536585,0
Mindaugas Kuzminskas,NYK,27,68,24,44,14.9,6.3,2.3,5.4,42.8,0.8,2.5,32.1,0.8,1,80.9,0.7,1.2,1.9,1,0.8,0.4,0.2,1.2,11,0,0,0,2016-2017,0.829268293,0
Nicolas Laprovittola,SAS,27,18,15,3,9.7,3.3,1.1,2.6,42.6,0.6,1.5,37,0.5,0.5,100,0.1,0.5,0.6,1.6,1.1,0.2,0.1,1.1,6.1,0,0,-2.4,2016-2017,0.219512195,0
Mike James,NOP,27,36,11,25,19.1,9.3,3.4,8.9,38.3,0.7,2.7,26.5,1.8,2.3,76.2,0.4,2.1,2.5,3.5,1.4,0.8,0.2,1.3,19.1,0,0,-1.1,2017-2018,0.43902439,0
Jamil Wilson,LAC,27,15,6,9,18.3,7,2.5,5.4,46.9,1.8,4.2,42.9,0.1,0.3,50,0.2,1.9,2.1,0.7,0.5,0.3,0.5,2.3,12.6,0,0,-0.1,2017-2018,0.182926829,0
Torrey Craig,DEN,27,39,22,17,16.1,4.2,1.6,3.5,45.3,0.4,1.5,29.3,0.6,0.9,62.9,1,2.2,3.3,0.6,0.5,0.3,0.4,1.6,10.6,0,0,-1.6,2017-2018,0.475609756,0
Brandon Paul,SAS,27,64,38,26,9,2.3,0.9,2,43.3,0.2,0.8,27.8,0.3,0.7,51.2,0.1,1,1.1,0.6,0.5,0.4,0.1,0.9,5.5,0,0,-0.1,2017-2018,0.780487805,0
Trey McKinney-Jones,IND,27,1,1,0,1.2,0,0,0,0,0,0,0,0,0,0,0,0,0,0,0,0,0,0,0,0,0,0,2017-2018,0.012195122,0
Mitchell Creek,MIN,27,5,1,4,9.4,4.2,1.6,3.2,50,0,0.4,0,1,1.4,71.4,1.2,1.2,2.4,1.2,0.2,0.4,0,0.6,9.9,0,0,1.4,2018-2019,0.06097561,0
Julian Washburn,MEM,27,18,7,11,14.1,2.2,0.9,2.7,33.3,0.3,1.3,20.8,0.2,0.2,75,0.4,1.8,2.3,0.8,0.4,0.7,0.1,0.9,8.2,0,0,-1.2,2018-2019,0.219512195,0
Juan Toscano-Anderson,GSW,27,13,3,10,20.9,5.3,2.2,4.8,46,0.6,1.8,34.8,0.2,0.4,60,0.7,3.3,4,2,1.2,1,0.4,2.3,16,0,0,-6.1,2019-2020,0.158536585,0
Norvel Pelle,PHI,27,24,12,12,9.7,2.4,1,2,52.1,0,0,0,0.3,0.6,50,0.8,2.2,3,0.3,0.8,0.1,1.3,2.3,10,0,0,-3.1,2019-2020,0.292682927,0
Amida Brimah,IND,27,5,2,3,5.9,2.6,1,1.6,62.5,0,0,0,0.6,0.6,100,0.4,1.2,1.6,0.2,0.8,0,1,0.8,7,0,0,4.4,2020-2021,0.069444444,0
Xavier Moon,LAC,27,10,7,3,13.7,5.8,2.5,5.1,49,0.5,1.4,35.7,0.3,0.5,60,0.2,1.2,1.4,2.4,0.6,0.7,0.3,0.9,13.5,0,0,0.2,2021-2022,0.12195122,0
Gabriel Lundberg,PHX,27,4,1,3,11.1,3.3,1.3,4.8,26.3,0.8,2,37.5,0,0,0,0.5,1.3,1.8,2.8,0.8,0.8,0,1.8,11,0,0,4.8,2021-2022,0.048780488,0
Ish Wainright,PHX,27,45,36,9,8,2.4,0.9,2.3,39.4,0.4,1.3,32.2,0.2,0.3,58.3,0.6,0.6,1.2,0.3,0.3,0.4,0.1,1.1,5.8,0,0,0.9,2021-2022,0.548780488,0
Cat Barber,ATL,27,3,0,3,4.3,0,0,1.3,0,0,0,0,0,1.3,0,0.3,0.7,1,1,0.3,0,0,0.3,2.4,0,0,3.7,2021-2022,0.036585366,0
Jaysean Paige,DET,27,1,1,0,6.6,0,0,3,0,0,2,0,0,0,0,0,1,1,1,1,0,0,2,1.7,0,0,-10,2021-2022,0.012195122,0
Trayvon Palmer,DET,27,1,0,1,16.8,0,0,1,0,0,0,0,0,0,0,0,2,2,0,1,0,0,2,1.4,0,0,-12,2021-2022,0.012195122,0
Chance Comanche,POR,27,1,0,1,20.8,7,3,5,60,0,0,0,1,4,25,2,1,3,0,0,0,1,0,13.6,0,0,-29,2022-2023,0.012195122,0
Simone Fontecchio,UTA,27,52,25,27,14.7,6.3,2.2,6,36.9,1.2,3.7,33,0.7,0.8,79.5,0.6,1.1,1.7,0.8,0.8,0.3,0.2,1.2,10.1,0,0,-3.9,2022-2023,0.634146341,0
Xavier Cooks,WAS,27,10,2,8,12.6,3.8,1.7,2.8,60.7,0,0.1,0,0.4,1,40,1.6,2.2,3.8,0.6,0.8,0.6,0.4,1.3,11.5,1,0,1.9,2022-2023,0.12195122,0
Chima Moneke,SAC,27,2,1,1,4,1,0.5,1,50,0,0,0,0,1,0,1,0,1,0.5,1,0,0,1,2,0,0,-4.5,2022-2023,0.024390244,0
Pat Spencer,GSW,27,6,4,2,4.3,0.7,0.3,0.7,50,0,0.3,0,0,0,0,0.3,0.3,0.7,0.8,0.2,0,0,0.2,2.6,0,0,-1,2023-2024,0.073170732,0
Kaiser Gates,NOP,27,1,0,1,7.4,0,0,4,0,0,2,0,0,0,0,0,1,1,0,0,0,0,0,1.2,0,0,-2,2023-2024,0.012195122,0
Kylor Kelley,LAL,27,11,3,8,11.5,3.1,1.3,2,63.6,0,0,0,0.5,0.9,60,1.1,2.5,3.5,0.5,0.4,0.1,0.3,1.4,8.8,1,0,-6.8,2024-2025,0.134146341,0
Larry Owens,WAS,28,12,7,5,11.9,3.3,1.3,2.7,46.9,0.5,1.1,46.2,0.3,0.8,44.4,0.1,1.2,1.3,0.7,0.4,0.8,0.4,1.5,8.9,0,0,1.1,2010-2011,0.146341463,0
Ivan Johnson,ATL,28,56,35,21,16.7,6.4,2.5,4.9,51.3,0,0.1,33.3,1.3,1.8,72,1.2,2.9,4,0.6,1.2,0.8,0.3,2.1,14.1,3,0,0.6,2011-2012,0.848484848,0
Derrick Byars,SAS,28,2,2,0,18.4,5,1.5,5.5,27.3,0,3,0,2,2,100,3,2.5,5.5,0.5,0,1,0,1,15.4,0,0,-4,2011-2012,0.03030303,0
Bernard James,DAL,28,46,24,22,9.9,2.8,1.2,2.2,51.5,0,0,0,0.5,0.9,61,1.1,1.7,2.8,0.1,0.4,0.3,0.8,1.4,9.3,0,0,-0.5,2012-2013,0.56097561,0
Nemanja Bjelica,MIN,28,60,20,40,17.9,5.1,1.8,3.9,46.8,0.8,2.1,38.4,0.7,0.9,72.7,0.8,2.7,3.5,1.4,0.8,0.4,0.4,2.6,13,3,0,-2.1,2015-2016,0.731707317,0
Alex Stepheson,MEM,28,8,2,6,9,2.8,1.1,3.4,33.3,0,0,0,0.5,1.5,33.3,2.4,1.1,3.5,0.3,0,0.1,0.6,1.5,9.6,1,0,-0.3,2015-2016,0.097560976,0
Malcolm Delaney,ATL,28,73,37,36,17.1,5.4,2,5.3,37.4,0.4,1.5,23.6,1,1.3,80.6,0.1,1.5,1.7,2.6,1.3,0.5,0,1.5,11.7,0,0,0.4,2016-2017,0.890243902,0
C.J. Williams,LAC,28,38,17,21,18.6,5.5,2.3,5.2,44.2,0.6,2.1,28.2,0.3,0.4,81.3,0.3,1.2,1.5,1.1,0.5,0.8,0.3,1.7,11.9,0,0,-0.9,2017-2018,0.463414634,0
Josh Magette,ATL,28,18,3,15,12,2.6,0.8,2.6,32.6,0.4,1.2,36.4,0.4,0.4,100,0.1,0.9,1.1,3.2,0.5,0.4,0.1,0.9,9.6,0,0,-0.1,2017-2018,0.219512195,0
Jacob Pullen,PHI,28,3,2,1,2,0.7,0.3,0.7,50,0,0.3,0,0,0,0,0,0,0,0,0.3,0,0,0,0.3,0,0,0,2017-2018,0.036585366,0
Ryan Broekhoff,DAL,28,42,15,27,10.8,4,1.4,3,45.2,0.9,2.2,40.9,0.4,0.5,78.9,0.2,1.3,1.5,0.5,0.4,0.1,0.1,0.8,6.9,0,0,1.7,2018-2019,0.512195122,0
Stanton Kidd,UTA,28,4,3,1,3.8,0,0,0.8,0,0,0.3,0,0,0,0,0,0.8,0.8,0.3,0.5,0,0,0.8,0.8,0,0,-0.3,2019-2020,0.048780488,0
Anthony Gill,WAS,28,26,11,15,8.4,3.1,1.2,2.3,50,0.3,0.9,29.2,0.5,0.6,81.3,0.6,1.3,2,0.4,0.3,0.4,0.2,1,7.4,0,0,-0.7,2020-2021,0.361111111,0
Greg Whittington,DEN,28,4,3,1,3,0,0,0.8,0,0,0.5,0,0,0,0,0,0,0,0,0,0,0,0,0,0,0,2.3,2020-2021,0.055555556,0
Keifer Sykes,IND,28,32,6,26,17.7,5.6,2.2,5.9,36.3,0.8,2.8,30,0.5,0.5,88.2,0.3,1.2,1.4,1.9,1,0.4,0.1,1.6,10.7,0,0,-2.2,2021-2022,0.390243902,0
Gabe York,IND,28,2,0,2,10.7,4,1,3.5,28.6,0.5,3,16.7,1.5,2.5,60,0,1,1,2,0.5,1,0.5,2,12.2,0,0,-2,2021-2022,0.024390244,0
Craig Sword,WAS,28,3,1,2,6.3,2,1,1.3,75,0,0.3,0,0,0,0,0,0,0,0.3,0.3,1.3,0,2.3,6.2,0,0,0.3,2021-2022,0.036585366,0
Duop Reath,POR,28,68,17,51,17.9,9.1,3.4,7.3,46.1,1.3,3.6,35.9,1,1.4,74.2,1.4,2.3,3.7,1,0.8,0.5,0.6,2.4,17.3,1,0,-2.8,2023-2024,0.829268293,0
Sasha Vezenkov,SAC,28,42,22,20,12.2,5.4,2,4.5,44,1.1,2.9,37.5,0.3,0.4,80,0.7,1.6,2.3,0.5,0.3,0.5,0.2,1,10.4,0,0,0,2023-2024,0.512195122,0
Jackson Rowe,GSW,28,6,4,2,8.6,3.7,1.3,2.8,47.1,0.5,1.7,30,0.5,1,50,0.5,1.3,1.8,0.7,0.2,0.7,0,0.7,8.7,0,0,3.8,2024-2025,0.073170732,0
Walker Russell,DET,29,28,12,16,12.8,3,1.2,3.4,34.7,0.1,0.5,30.8,0.5,0.8,63.6,0.3,0.7,0.9,2.1,1.2,0.6,0,1,8.1,0,0,-2.4,2011-2012,0.424242424,0
Carldell Johnson,NOH,29,15,3,12,7.9,1.8,0.7,2.3,31.4,0.3,1,26.7,0.1,0.2,33.3,0.1,0.5,0.6,1.5,0.5,0.5,0,0.7,5.9,0,0,0.7,2011-2012,0.227272727,0
Chris Copeland,NYK,29,56,38,18,15.4,8.7,3.3,6.8,47.9,1.1,2.5,42.1,1.1,1.5,75.9,0.6,1.5,2.1,0.5,0.9,0.3,0.2,1.9,12.6,0,0,1,2012-2013,0.682926829,0
Damjan Rudez,IND,29,68,28,40,15.4,4.8,1.8,3.9,45.2,1,2.5,40.6,0.2,0.3,69.6,0.1,0.6,0.7,0.8,0.7,0.2,0.1,1.2,7,0,0,0.5,2014-2015,0.829268293,0
Jonathan Gibson,DAL,29,17,4,13,13.6,6.2,2.1,5.6,36.8,0.9,2.6,33.3,1.2,1.7,72.4,0.1,1.2,1.3,1.5,1.2,0.5,0,1.2,10.3,0,0,-4.9,2016-2017,0.207317073,0
Brad Wanamaker,BOS,29,36,27,9,9.5,3.9,1.4,2.9,47.6,0.4,1.1,41,0.7,0.8,85.7,0.1,1.1,1.1,1.6,0.5,0.3,0.1,0.9,8.2,0,0,2,2018-2019,0.43902439,0
Dairis Bertans,NOP,29,12,3,9,13.9,2.8,1,3.9,25.5,0.8,2.8,29.4,0,0,0,0.2,0.6,0.8,0.8,0.2,0.1,0,0.6,5.1,0,0,-4.2,2018-2019,0.146341463,0
Nicolo Melli,NOP,29,60,26,34,17.4,6.6,2.3,5.4,42.1,1.2,3.4,33.5,0.9,1.2,74,0.6,2.4,3,1.4,0.8,0.6,0.4,2.1,14.3,0,0,-1.5,2019-2020,0.731707317,0
Kevin Pangos,CLE,29,24,16,8,6.9,1.6,0.6,1.9,32.6,0.3,1.1,23.1,0.1,0.2,75,0.1,0.4,0.5,1.3,0.3,0.1,0,0.5,4.1,0,0,-1.5,2021-2022,0.292682927,0
Jack McVeigh,HOU,29,9,5,4,4.8,1.6,0.6,1.9,29.4,0.4,1.4,30.8,0,0,0,0.2,0.3,0.6,0.1,0.2,0,0.2,0.3,2.8,0,0,-1.1,2024-2025,0.109756098,0
Salah Mejri,DAL,30,34,16,18,11.7,3.7,1.4,2.3,62.8,0,0,0,0.8,1.4,58.7,1.2,2.4,3.6,0.3,0.7,0.2,1.1,1.6,11.7,3,0,1.3,2015-2016,0.414634146,0
Facundo Campazzo,DEN,30,65,43,22,21.9,6.1,1.8,4.8,38.1,1.2,3.3,35.2,1.2,1.4,87.9,0.3,1.7,2.1,3.6,1.1,1.2,0.2,2,17.1,1,0,1.2,2020-2021,0.902777778,0
Vasilije Micic,CHA,30,60,34,26,19.6,7,2.7,6.2,43,0.7,2.6,27.9,1,1.3,81.3,0.2,1.2,1.5,4.4,1.7,0.5,0.1,1.1,15.6,4,0,-1.2,2023-2024,0.731707317,0
Pero Antic,ATL,31,50,23,27,18.5,7,2.5,5.9,41.8,1.1,3.4,32.7,1,1.3,75.8,1.1,3,4.2,1.2,1.1,0.4,0.2,2.5,14.6,3,0,2.6,2013-2014,0.609756098,0
Sasha Kaun,CLE,31,25,18,7,3.8,0.9,0.4,0.7,52.9,0,0,0,0.2,0.4,45.5,0.5,0.6,1,0.1,0.3,0.2,0.2,0.4,3.1,0,0,-0.1,2015-2016,0.304878049,0
Milos Teodosic,LAC,31,45,29,16,25.2,9.5,3.4,8,41.9,2,5.2,37.9,0.9,1,84.8,0.4,2.4,2.8,4.6,2.2,0.5,0.1,2.3,19.6,0,0,1.9,2017-2018,0.548780488,0
Andre Ingram,LAL,32,2,1,1,32.1,12,4,8.5,47.1,2.5,4.5,55.6,1.5,1.5,100,0.5,2.5,3,3.5,1.5,1.5,1.5,1.5,28.4,0,0,10,2017-2018,0.024390244,0
Aaron Jackson,HOU,32,1,0,1,34.5,8,3,9,33.3,1,4,25,1,2,50,2,1,3,1,1,0,0,4,12.1,0,0,-10,2017-2018,0.012195122,0
Marcelo Huertas,LAL,33,53,8,45,16.4,4.5,1.8,4.3,42.2,0.3,1.2,26.2,0.5,0.5,93.1,0.3,1.4,1.7,3.4,1.5,0.5,0.1,1.4,12,0,0,0.4,2015-2016,0.646341463,0
Pablo Prigioni,NYK,36,78,53,25,16.2,3.5,1.3,2.8,45.5,0.7,1.7,39.6,0.3,0.3,88,0.5,1.3,1.8,3,1.1,0.9,0,1.6,11.9,0,0,2.2,2012-2013,0.951219512,0
