PLAYER,TEAM,OFFRTG,DEFRTG,NETRTG,AST%,ASTTO,ASTRAT,OREB%,DREB%,REB%,TORAT,EFG%,TS%,USG%,PACE,PIE,POSS
Karl-Anthony Towns,MIN,106.8,109.3,-2.5,10.8,0.88,10,9.2,24.2,16.9,11.4,55.5,59,24.3,97.06,15.4,5311
Frank Kaminsky,CHA,100.8,101.7,-0.9,9.5,1.69,13.2,3.8,15,9.4,7.8,47.4,51.3,16.6,97.74,9,3483
Raul Neto,UTA,103.2,99.9,3.3,19,1.6,23.8,1.2,7.1,4.2,14.9,50.7,53,17.2,92.26,7,2871
T.J. McConnell,PHI,98.4,106.5,-8.1,36,2.62,37.1,2.6,13.4,7.8,14.1,50.3,51.1,16.7,99.55,11.6,3328
D'Angelo Russell,LAL,98.4,110.1,-11.7,21.3,1.36,17.7,1.9,10.1,5.8,13.1,47.8,50.7,23.8,97.17,8.8,4568
Nikola Joki?,DEN,105.5,103.1,2.4,17.6,1.82,19.4,9.9,22.3,15.9,10.7,53.5,58.2,19.4,96.5,14.5,3488
Trey Lyles,UTA,101.6,103.3,-1.7,7.2,0.91,9.9,4.3,18,11.1,10.9,49.4,51.7,17.8,92.52,9,2665
Mario Hezonja,ORL,102.6,102.7,-0.1,11.3,1.12,16.8,1.9,10.8,6.2,15,51.3,54.1,16.6,98.46,6.5,2899
Justise Winslow,MIA,102.7,100.3,2.4,7.7,1.24,16.2,3.8,14,9.1,13,45.7,48.9,12.2,95.88,6.4,4461
Devin Booker,PHX,100.3,108.7,-8.4,16.2,1.25,15,1.2,7.5,4.3,12,48,53.5,22.8,99.76,7.4,4379
Jerian Grant,NYK,97.3,103.9,-6.5,23.6,2.03,25,1.7,9.1,5.4,12.3,42.2,47.9,18.5,96.59,8.2,2545
Stanley Johnson,DET,100.6,104.2,-3.6,11.3,1.04,13.5,3.1,14.7,8.6,13,42.8,46,19.1,98.1,6.4,3441
Kristaps Porzi??is,NYK,104.6,104.3,0.3,7.6,0.78,7.7,6.3,18.4,12.4,10,46.7,51.8,24.3,94.93,11.3,4048
Rashad Vaughn,MIL,99.1,107.2,-8.1,5.5,1.39,11.5,1.1,7.7,4.4,8.3,38.5,39.8,13,96.34,2.4,2017
Emmanuel Mudiay,DEN,104.7,107.9,-3.1,28.1,1.71,23.4,1.5,9.7,5.5,13.7,40.4,43.7,25,98.31,6.8,4242
Willie Cauley-Stein,SAC,105.6,106.8,-1.2,3.8,0.8,7.7,9.4,15,12.2,9.6,56.3,58.8,13.1,101.51,8.8,2965
Kelly Oubre Jr.,WAS,100.4,103,-2.6,2.9,0.38,4.7,3.5,15.5,9.5,12.3,48.6,50.7,16.6,102.42,5.1,1428
Larry Nance Jr.,LAL,101.4,104.8,-3.4,5.5,1.07,10.9,7.6,16.5,12,10.1,52.8,54.4,12.4,97.06,9,2556
Bobby Portis,CHI,100.4,108,-7.6,7.6,0.96,9.1,10.1,18.6,14.2,9.4,44.5,46.9,20.3,97.47,9.3,2234
Myles Turner,IND,99.2,101.6,-2.5,5,0.61,5.9,4.9,18.2,11.7,9.7,50.1,53.1,20.7,99.76,10.5,2842
Nemanja Bjelica,MIN,101.9,107.6,-5.7,11.5,1.74,21.1,4.7,15.6,10.1,12.1,57,59.4,12.3,98.3,7.3,2200
Cameron Payne,OKC,104.1,105.9,-1.8,24.1,2.45,24.5,1.2,10.8,5.9,10,47.5,49,19.9,98.26,8.9,1427
Jonathon Simmons,SAS,107.2,101,6.3,10.8,1.09,14.9,2.2,9.9,6.3,13.6,54.1,58.6,18.3,97.23,7.1,1642
Justin Anderson,DAL,100.7,99.3,1.4,7.1,1.21,11.4,2.6,16.7,9.6,9.4,46.9,52.2,15.2,99.06,9.4,1329
Boban Marjanovic,SAS,106.8,102.3,4.5,7.2,0.72,7.7,15.4,24.6,20.1,10.6,60.3,66.2,22,95.09,18.1,1010
Jahlil Okafor,PHI,92.7,108.4,-15.7,8.8,0.52,6.2,7.5,16,11.7,11.8,50.9,53.6,27.2,97.08,11.7,3223
Marcelo Huertas,LAL,102.9,101.1,1.7,32.7,2.28,36.4,2,8.2,5.1,16,45.7,48.8,16.1,95.94,8,1731
Josh Richardson,MIA,104.3,102.5,1.8,9.8,2.09,17.8,2,7.5,4.8,8.6,55,56.9,13.4,95.27,6.6,2197
Richaun Holmes,PHI,102.8,106.3,-3.6,7.3,1.03,10.3,8.5,10.4,9.4,10,53.2,56.4,17.1,101.33,8.2,1482
Norman Powell,TOR,108.9,104.2,4.8,10.2,1.47,14.2,2.3,12.9,7.8,9.6,50.2,54.1,17.4,94.78,8.7,1431
Joe Young,IND,97.8,102.1,-4.4,26.1,1.97,23.5,1.5,10.6,6.1,11.9,39.6,42.8,23.3,100,7.9,800
Montrezl Harrell,HOU,107.1,102.2,4.9,6.7,1,11.7,6.6,9.8,8.2,11.7,64.4,63.5,14.1,101.99,7.8,804
Terry Rozier,BOS,92.8,100.3,-7.5,19.9,1.95,22.3,6.2,11.8,8.8,11.4,30.2,32.6,16.8,101.06,4.4,657
Willie Reed,BKN,97.2,104.4,-7.2,3.9,0.63,5.4,11.3,17.4,14.3,8.7,57.1,57.9,17.5,98.06,11.4,861
Darrun Hilliard,DET,100.6,102.3,-1.7,11.7,1.42,13.8,1.3,10.3,5.7,9.7,46.9,51.1,19,96.87,7.3,778
Tyus Jones,MIN,98.6,109.3,-10.7,27.8,3.27,34.7,1.2,7.3,4.1,10.6,41,45,15.1,99.57,7.7,1184
RJ Hunter,BOS,90.3,94.5,-4.2,6.8,1.18,10.4,0.6,11.3,5.6,8.8,46.4,48,15,101.78,6.2,667
Lamar Patterson,ATL,106.3,102.1,4.2,13.4,1.7,25.7,1,12.2,6.5,15.1,42.5,46.8,12.3,100.4,3.7,825
Pat Connaughton,POR,88,93,-5,11.5,1,14.1,7.1,12.6,9.9,14.1,31.6,35.2,17.8,100.04,5.3,300
Salah Mejri,DAL,106.8,101.3,5.5,3.8,0.43,7.6,10.5,19,14.9,17.4,62.8,63.6,13.8,96.61,9.5,799
Cristiano Felicio,CHI,107.5,99.5,8,11.5,2,20.5,9.4,21.8,15.7,10.2,55.6,60.1,13.5,97.81,12.3,654
Anthony Brown,LAL,100.3,102.6,-2.3,4.8,1.27,11.2,1.4,10.1,5.5,8.9,38.9,42.7,10.9,96.98,3.7,1206
Rondae Hollis-Jefferson,BKN,98.9,102.1,-3.2,10,1.65,18.5,6.1,17.9,12,11.2,47.1,51.9,13.1,98.58,9.6,1254
Delon Wright,TOR,102.8,99.6,3.3,22.6,1.94,21.5,3.5,12,7.9,11.1,48.1,54,21.8,96.51,12.4,460
Jarell Martin,MEM,102,106.1,-4.1,6.5,0.79,8.5,9.1,13.1,11,10.7,46.6,53.4,17.9,96.69,7.1,761
Jarell Eddie,WAS,89.8,102.2,-12.4,5.8,5,6.7,1.2,13.4,7,1.3,42.3,46,19.1,105.15,8.8,325
Sasha Kaun,CLE,86.1,92.9,-6.8,5.2,0.43,9.7,12.1,13.7,12.9,22.6,52.9,52.7,11.9,101.64,7.5,208
Chris McCullough,BKN,101.1,115.8,-14.7,3.8,0.6,6.3,6.3,12.6,9.2,10.4,46.3,47,15.8,98.61,5.6,740
Jordan McRae,CLE,107,94.3,12.7,21.6,1.67,19.2,2.1,7.5,5,11.5,50,54.8,24.4,94.43,9.6,383
Aaron Harrison,CHA,94.7,98.1,-3.4,3.3,0.5,6.5,4.5,11.2,8,12.9,34.2,37.1,13.2,106.5,1.3,207
Axel Toupane,DEN,108.2,110.4,-2.2,6.8,2.5,15.3,2.8,7.6,5.3,6.1,45,49,12.2,96.42,2.9,612
Damien Inglis,MIL,85.7,99.4,-13.7,11.2,0.91,16.1,1.3,17.1,9.7,17.7,39.2,44.4,14.9,96.86,7.6,315
Christian Wood,PHI,94.7,107.7,-13,3.5,1.5,4.4,7.5,15.5,11.3,2.9,45.3,49,18.5,106.58,9.4,318
Jordan Mickey,BOS,94.1,88.3,5.8,3,1,3.6,9.1,11.1,10.1,3.6,36.4,39.8,19.3,100.32,7.2,119
Bryce Dejean-Jones,NOP,100,106.8,-6.8,7.6,1.36,14.3,2.5,15.7,8.4,10.5,49.3,50.5,14,96.41,7,559
Xavier Munford,MEM,105.5,110.7,-5.1,13.6,1.47,18.5,1.1,12.9,6.4,12.6,47.4,48.1,16.8,95.69,6.4,487
Luis Montero,POR,64.3,112,-47.8,6.7,0.25,3.8,0,10.8,4.8,15.4,28.9,33.7,25.5,95.35,-1,84
Tibor Pleiss,UTA,95.7,106.1,-10.4,4.3,0.25,5.6,8.7,11.8,10.3,22.2,44,46.4,18.6,96.25,-0.4,164
Edy Tavares,ATL,109.8,114.1,-4.3,5.5,0.6,9.7,11.5,0,0,16.1,57.9,55.5,16.7,102.08,7.1,153
Alan Williams,PHX,107.7,108.4,-0.7,9.6,0.83,12.2,16.5,34.8,24.7,14.6,41.7,48.1,19.4,109.17,11,156
Alex Stepheson,MEM,92.7,94.6,-2,5.3,0,5.9,17.6,10.8,14.7,0,33.3,34.1,16.6,99.46,3.8,150
Cliff Alexander,POR,83.5,103.9,-20.4,0,0,0,6.5,10.5,8.7,9.1,50,50,13.4,103.45,7.4,79
Briante Weber,MIA,97.9,119.2,-21.2,17.5,2.33,29.6,3.7,11.5,6.8,12.7,35.9,38,11.7,95.63,5.9,338
Branden Dawson,LAC,91.5,121.1,-29.5,0,0,0,9.1,0,0,0,40,46,7.8,96.45,3,59
Josh Huestis,OKC,108.1,103.5,4.6,0,0,0,3.8,13.8,9.1,17.6,58.3,50.9,13.5,98.21,4.2,111
Keith Appling,ORL,100,72.4,27.6,5.9,0.33,7.7,0,0,0,23.1,25,33.8,20,101.9,-6.3,56
Kevon Looney,GSW,100,146.8,-46.8,0,0,0,0,0,0,12.5,64.3,64.3,14,109.52,10.5,47
Coty Clarke,BOS,150,107.7,42.3,0,0,0,0,20,0,20,75,75,35.7,103.42,11.8,12
Sam Dekker,HOU,113.3,111.8,1.6,0,0,0,0,0,0,0,0,0,0,124.91,6.3,15
JJ O'Brien,UTA,71.4,120,-48.6,0,0,0,0,0,0,0,0,0,7.1,111.06,0,14
Thanasis Antetokounmpo,NYK,107.7,142.9,-35.2,0,0,0,0,0,0,0,75,75,28.6,103.68,14,13
Duje Dukan,SAC,86.5,101.9,-15.4,6.7,0,9.1,5.1,6.9,5.9,0,30,30,15.4,103,1.3,52
Rakeem Christmas,IND,107.7,184.6,-76.9,0,0,0,0,0,0,0,100,100,14.3,102.3,7.6,13
Buddy Hield,SAC,102,107.9,-5.8,10.1,1.2,11.9,1.8,12,7,9.9,52.3,54.1,20.9,98.76,8.4,3892
Jamal Murray,DEN,110.2,108,2.2,14.2,1.5,16.1,2.3,9.5,5.9,10.7,48.3,51.8,21.2,100.7,7.8,3700
Marquese Chriss,PHX,104.3,113.8,-9.5,5.1,0.56,6.8,5.2,14.8,9.8,12.3,50.6,52.9,19.4,102.46,6.3,3709
Dario Šari?,PHI,100.6,106.8,-6.2,14.5,0.99,13.1,5.1,18.3,11.7,13.2,46.8,50.8,24,101.06,10.3,4468
Domantas Sabonis,OKC,104.2,102.5,1.7,7.3,0.99,12.1,2.7,14.6,8.6,12.3,45.2,46.9,15.6,98.25,4.9,3320
Dorian Finney-Smith,DAL,103.2,105.5,-2.3,6.1,1.49,14.1,3.4,10.9,7.1,9.5,45.6,48.6,11.5,93.71,4.9,3184
Brandon Ingram,LAL,105.7,112.9,-7.2,10.5,1.43,15.7,2.5,11.4,6.8,10.9,44.2,47.4,16.6,99.79,5.5,4720
Jaylen Brown,BOS,101.8,106.2,-4.4,7.7,0.94,10.6,3.3,12.7,8.1,11.3,50.9,54,17.6,99.09,7.1,2768
Kris Dunn,MIN,105.5,108.9,-3.4,20,2.11,30.5,1.8,11.2,6.4,14.4,41.1,43.2,13.9,96.7,5.1,2666
Rodney McGruder,MIA,107.1,106.8,0.3,8.8,2.21,18.5,4.7,8.3,6.5,8.3,49.2,50.6,12.3,95.59,5.6,3912
Malcolm Brogdon,MIL,110.1,107.5,2.6,23.9,2.81,28.4,2.5,8.6,5.6,10.1,51.8,55.5,18.2,95.51,9.8,3938
Isaiah Whitehead,BKN,104,107,-3.1,17.3,1.35,21.5,1.9,8.4,5.3,15.9,44.5,48.7,18,101.74,5.2,3479
Malcolm Delaney,ATL,101.9,100.5,1.4,24.1,2.03,27,0.8,9,4.8,13.3,40.7,45.6,18.1,98.55,6.4,2559
Andrew Harrison,MEM,102.8,102.9,0,20.9,2.33,27,1.5,7.9,4.6,11.6,38.5,47.7,16.2,94.35,5.3,2885
Willy Hernangomez,NYK,106.4,107.6,-1.1,11.6,0.96,13.4,12.3,23.7,18.1,14,53.3,56.4,19.9,98.36,13.3,2703
Patrick McCaw,GSW,103,105,-2,9.9,2.14,20.5,1.9,6.9,4.4,9.6,51.6,54,11.6,102.62,5.6,2297
Timothe Luwawu-Cabarrot,PHI,101.4,103.4,-2,9.3,1.03,13.3,2.1,10,6.1,12.9,47.1,53.6,17.5,101.78,5.3,2520
Alex Abrines,OKC,107.2,107.8,-0.6,5.5,1.21,9.3,1.6,6.6,4,7.6,53.1,56,15.3,100.76,5.2,2222
Mindaugas Kuzminskas,NYK,105.6,105.4,0.2,10.2,1.35,13.3,4.4,7.5,5.9,9.8,50.1,53.3,18.6,98.69,7.5,2086
Davis Bertans,SAS,104.8,99.2,5.6,8.4,1.44,14.2,2.7,9.3,6,9.8,58.8,60.9,14.8,98.7,7.7,1672
Semaj Christon,OKC,102.2,108.5,-6.3,19.3,3.02,31.7,1.9,7.3,4.5,10.5,37.2,38.7,12.3,97.02,4.2,1958
Juancho Hernangomez,DEN,107.9,110.1,-2.2,4.8,0.94,9.2,4.7,17.1,10.7,9.8,55.4,59.2,13.9,101.51,8.6,1783
Tyler Ulis,PHX,102.9,108.2,-5.3,29.7,2.94,29.3,1.6,6.3,3.9,10,44.5,47.4,19.9,102.97,9.5,2402
Taurean Prince,ATL,98,98.6,-0.6,9.1,0.9,12.4,2.4,12.5,7.5,13.8,45.8,51.3,16.8,99.75,7.4,2031
Caris LeVert,BKN,104.7,107.9,-3.2,13.2,1.86,18.6,1.8,12.4,7.1,10,52.8,55.6,16.1,104.53,8.6,2691
Denzel Valentine,CHI,104,104.8,-0.7,9.5,1.29,15.4,1.1,14.3,7.5,12,48.1,49.2,15.3,97.74,5.8,1987
Thon Maker,MIL,105,106.6,-1.6,6.9,1.35,9.5,7.5,14.5,10.9,7,53.6,55.8,18.1,94.13,7.2,1098
Tomas Satoransky,WAS,102.7,101.6,1.1,18.3,2.42,31.6,3.6,7.8,5.7,13.1,44.6,47.7,12.2,96.97,6.4,1451
Pascal Siakam,TOR,105.3,107.3,-2.1,2.8,0.52,6.3,7.7,14.8,11.2,12.2,50.5,52.3,12.9,97.08,6,1730
Jakob Poeltl,TOR,100.9,101,-0.1,3,0.41,6.6,11.8,15,13.3,15.9,58.3,58.9,11.7,96.43,5.7,1256
Nicolas Brussino,DAL,101.1,111.1,-9.9,14.4,1.81,21.1,4.8,14.8,9.4,11.7,47.2,49.8,14.8,96.44,7.2,1046
Ron Baker,NYK,104.2,106.5,-2.3,18.8,1.91,26.9,1.4,10,5.6,14.1,43.1,45.6,14.9,96.22,5.7,1710
Yogi Ferrell,DAL,103.7,107.8,-4.2,23.2,2.46,25.4,1.7,8.1,4.8,10.4,49.2,53.3,19.2,96.32,8.4,2394
Paul Zipser,CHI,104.2,102.4,1.7,6.2,0.9,11.4,1.7,12.5,7.1,12.7,47.3,50.3,14.3,97.21,5,1701
Dragan Bender,PHX,105.4,106.7,-1.3,5.7,0.72,10.5,3.9,13.5,8.7,14.5,44.1,44,14.5,100.03,3.3,1191
Kay Felder,CLE,98.4,104.9,-6.5,26.1,1.93,21.5,0.8,9.2,5.2,11.1,41.5,46.2,24.3,99.86,7.9,802
DeAndre' Bembry,ATL,99.5,103.3,-3.8,12.3,1.75,18.9,3.7,12,7.8,10.8,48.5,48.1,14.4,97.36,7.2,743
Dejounte Murray,SAS,100.2,100.5,-0.3,23.6,1.26,22.2,2,10.6,6.6,17.6,47,50.3,23,97.42,7.5,654
Ivica Zubac,LAL,103.1,113.7,-10.5,7.8,1,9.4,6.5,18.8,12.6,9.4,52.9,54.7,20.1,102.82,10,1305
Fred VanVleet,TOR,101.2,90.3,10.8,18,2.33,20.5,1.3,11.8,6.7,8.8,40.1,44.3,19.9,99.41,7.8,608
Bryn Forbes,SAS,92.1,101.7,-9.7,14.6,2.09,17,0.6,7.2,3.8,8.1,44.9,46.2,17.2,97.47,4.8,581
Deyonta Davis,MEM,95.8,102.2,-6.4,1.5,0.25,3.1,7.7,15.7,11.7,12.5,51.1,52.8,11.3,97.49,6,478
Jake Layman,POR,97.3,98.3,-0.9,7.2,1,9.2,2.2,6.5,4.4,9.2,36.5,40.4,18.6,100.33,2.5,522
Okaro White,MIA,109.8,102.3,7.5,6.1,1.17,15.4,5.3,12.4,8.8,13.2,44.8,50.7,10.6,96.42,5,945
Skal Labissiere,SAC,104.4,107.2,-2.8,7.1,0.73,8.5,8.6,17.5,13.2,11.7,54.4,57.7,20.9,97.7,10.6,1242
Wade Baldwin IV,MEM,90.3,107.1,-16.8,26.2,1.56,26.2,2.5,8.5,5.4,16.7,32.6,40.4,18.6,97.37,5.1,821
Derrick Jones Jr.,PHX,108.5,104.3,4.2,3,0.92,7.3,6.8,6.8,6.8,7.9,57.4,60.4,11.7,102.31,6,1155
Maurice Ndour,NYK,103.4,102.7,0.8,3.7,0.67,6.8,6.4,13.1,9.6,10.3,45.9,50.3,14.2,97.68,6.9,671
Joel Embiid,PHI,102.8,98.7,4.1,17.4,0.56,9.1,8,21.8,15.2,16.2,50.8,58.4,35.6,100.3,17.4,1642
Sheldon Mac,WAS,94.6,105.3,-10.8,7.8,3,14,1.3,10.3,5.7,4.7,44.7,51.8,13.8,97.92,7.7,589
Troy Williams,HOU,101.1,107.3,-6.3,7.2,0.78,10.5,2.6,9.3,6,13.4,49.1,51.1,16.9,97.49,5.5,1128
Treveon Graham,CHA,93.6,104.3,-10.6,5.8,2,10.7,2.5,8.8,5.6,5.4,58.8,61.2,11.9,95.67,6.5,377
Chasson Randle,NYK,107.2,106.4,0.8,17.3,1.79,20.1,2,8.6,5.3,11.2,49,58.6,19.3,99.52,8.4,613
Georges Niang,IND,102.6,100,2.6,7.4,1,10.6,1.9,16,8.4,10.6,26.4,28.5,18.4,101.45,2,195
AJ Hammons,DAL,101.2,101.5,-0.3,3.8,0.4,6.1,4.5,17.2,10.6,15.2,46.4,47.2,16.5,96.75,4.3,327
Georgios Papagiannis,SAC,103.9,108.9,-5,8.5,0.83,13.2,7.8,16.9,12.7,15.8,54.9,57.3,16.5,97.75,8.2,726
Malachi Richardson,SAC,99,103.2,-4.2,9.2,1.38,11.6,1.5,9.9,5.8,8.4,47.1,51.7,18.9,98.12,5.7,405
Malik Beasley,DEN,109.9,94.4,15.5,9.8,1.38,11.3,3.2,6.4,5,8.2,51.4,53.6,21.6,105.09,8.6,362
Marshall Plumlee,NYK,108.4,105.6,2.8,8.2,0.83,16.7,12.4,16.3,14.3,20,53.3,52.1,12.1,98.72,6,344
David Nwaba,LAL,103.3,101.9,1.3,4.8,1.27,11.4,4.2,11.4,7.8,8.9,58.6,61.1,11.8,99.99,7.6,827
Daniel Ochefu,WAS,94.2,115.1,-21,7,1,8.8,6.5,25.8,15.4,8.8,44.4,43,17.7,98.05,4.5,154
Henry Ellenson,DET,99.7,101.7,-2,7.4,0.5,8,5,21.7,13.1,16.1,43.8,44.4,23.4,96.99,7.6,297
Stephen Zimmerman,ORL,93.1,110,-16.9,5.6,1.33,10,8.5,24.7,15.5,7.5,32.3,34.6,14.2,97.33,4.6,217
Nicolas Laprovittola,SAS,93.1,104.6,-11.5,30.1,1.47,28.9,0.6,5.1,2.9,19.6,53.2,57.9,17.9,96.03,6.3,346
Shawn Long,PHI,112.3,107.7,4.5,8.7,1,8.7,16.3,18.6,17.4,8.7,59.2,59.5,24.1,100.68,12.8,489
Cheick Diallo,NOP,99.8,111.9,-12.1,3.1,0.57,4.1,10.6,25.4,17.6,7.2,47.4,51,19.8,101.48,11.3,419
Jonathan Gibson,DAL,96.6,114.1,-17.5,21.5,1.24,16.7,0.4,10.7,5,13.5,44.7,49.2,24.9,98.4,6.2,474
Tim Quarterman,POR,94.6,94,0.6,23.4,1,21.2,4.8,10.8,8,21.2,53.4,51.1,22.4,100.15,8.1,167
Kyle Wiltjer,HOU,79.6,118.8,-39.2,6.9,0.4,9.1,8.7,13.6,11.1,22.7,42.9,43.7,17.7,111.57,3.3,103
Quinn Cook,NOP,106.3,117.6,-11.3,19.8,2,24.3,0.6,3.7,2.1,12.1,58.3,57.9,19.2,97.56,6.8,382
Wayne Selden,MEM,98.3,106.9,-8.6,9,1.08,14,0.4,6,3.4,12.9,49.1,52.5,15.9,94.37,4.4,463
Joel Bolomboy,UTA,100.9,91.7,9.2,6.5,1,8.7,7.7,22,15.3,8.7,59.4,59,17.2,99.59,15.4,110
Damian Jones,GSW,89.1,106.4,-17.2,0,0,0,10.1,19.2,14.2,22.2,50,46.6,13.5,98.16,1.6,175
Jarrod Uthoff,DAL,95.1,122.1,-27,14.1,3,17,5.9,13.2,9.1,5.7,46.1,48.7,16.9,94.33,8.1,225
Michael Gbinije,DET,101.6,103.1,-1.5,8.7,0,15.4,0,3.3,0,0,10,18.4,15.1,97.37,-2.7,63
Pierre Jackson,DAL,117.3,85.5,31.8,32.2,6.33,30.2,1.1,9.8,5.1,4.8,37.2,41.6,22.2,98.39,10.4,173
Diamond Stone,LAC,54.9,107.8,-52.9,0,0,0,0,0,0,11.8,23.1,33.9,30.9,100.93,-1.4,51
Alex Poythress,PHI,105.8,115.9,-10,5.2,1.67,7.6,6.5,12.2,9.2,4.5,51.9,54.8,16.2,99.93,8,325
Gary Payton II,MIL,87.5,115.3,-27.8,22.4,1.3,27.7,0,12.2,6.3,21.3,38.6,41.3,15.7,97.23,4.1,200
Chinanu Onuaku,HOU,95.6,136.6,-41,8.6,0.75,18.8,4.2,16.3,10.3,25,71.4,79.9,10.5,104.65,7.2,113
Demetrius Jackson,BOS,105.6,108.8,-3.3,30,0,30,0,0,0,0,87.5,75.3,15.9,98.75,19.4,36
Marcus Georges-Hunt,ORL,89,115.2,-26.2,13,1.5,17.6,0,15.1,0,11.8,35.7,61.4,12.2,100.51,8,100
Patricio Garino,ORL,94.3,112.9,-18.7,0,0,0,2.2,0,0,30,0,0,10,95.74,-4.9,87
Isaiah Taylor,HOU,103.5,121.2,-17.7,7,0,27.3,1.9,3.7,2.8,0,14.3,19,6.4,104.77,-1.3,114
Ben Bentil,DAL,79.2,134.8,-55.6,0,0,0,0,0,0,25,0,0,16,114.32,-6.1,24
Brice Johnson,LAC,110,75,35,16.7,1,11.1,0,0,0,11.1,28.6,28.6,34.8,104.16,10.8,20
Mike Tobey,CHA,65.3,98,-32.7,9.1,1,16.7,0,0,0,16.7,25,25,9.8,94.35,-1.6,49
Danuel House Jr.,WAS,0,0,0,0,0,0,0,0,0,0,0,0,0,87.1,0,1
Dillon Brooks,MEM,102.4,107.4,-5,9.2,1.09,12.3,2.1,9.2,5.6,11.3,50.1,53.1,18.4,95.9,6.3,4690
Ben Simmons,PHI,109.5,102.9,6.6,36.2,2.38,31.6,5.3,17.1,11.5,13.3,54.5,55.7,21.9,101.77,15.4,5793
Jayson Tatum,BOS,107.7,100.8,6.9,8.1,1.12,10.7,2.1,13.8,8.1,9.6,53.8,58.6,19.2,97.42,10.8,4959
Donovan Mitchell,UTA,108.3,101.5,6.8,18.9,1.35,14.6,2,9.3,5.7,10.8,50.6,54.1,28.3,97.65,10.9,5364
Bogdan Bogdanovi?,SAC,102.6,111.2,-8.6,18.3,2.06,21.5,1.4,9.4,5.3,10.4,52.9,55.6,19.2,96.77,8.7,4393
Frank Ntilikina,NYK,102.4,104.6,-2.2,21,1.91,27.4,2.1,7.9,5,14.4,41.4,43.7,16.6,98.82,4.8,3501
Josh Jackson,PHX,98.6,110.3,-11.7,10.5,0.82,9,4.4,12.3,8.3,11,44.8,48,25.3,103.23,7.2,4195
Kyle Kuzma,LAL,105.3,107.5,-2.2,9.1,1.01,10,3.5,15.4,9.5,10,52.7,54.9,21.9,101.81,10.4,5088
John Collins,ATL,101,107.3,-6.2,9,0.93,11.9,9.4,20.1,14.7,12.7,59.1,62,17.4,99.88,11.9,3719
OG Anunoby,TOR,113,103,10,4.9,1.22,11.7,3,9,6.1,9.5,57.7,58.7,12.1,99.62,5.6,3068
De'Aaron Fox,SAC,101.6,111.8,-10.2,24,1.85,23.3,1.6,8.7,5,12.6,44.1,47.8,22.7,98.06,7.4,4142
Luke Kennard,DET,107.1,103.2,3.9,12.7,1.8,18,1.4,10.4,5.9,10,53,56,16.9,97.18,8.6,2964
Semi Ojeleye,BOS,97.1,103.6,-6.5,2.6,0.8,8,3.1,10.6,6.8,10,45.2,47.3,8.8,98.38,3.2,2343
Sindarius Thornwell,LAC,103,105.4,-2.4,8.1,1.28,17.3,2.8,8.6,5.8,13.5,47.9,51.9,11.8,101.64,4.5,2427
Jarrett Allen,BKN,104.1,108.2,-4.1,5.5,0.6,8.2,9.6,15.7,12.7,13.8,59.6,63.6,16.2,100.01,10.8,2993
Maxi Kleber,DAL,101.8,105.3,-3.6,6.6,1.7,12.3,5.5,13.7,9.5,7.2,55.3,57.6,13.5,97.78,8,2436
Bam Adebayo,MIA,101.9,102.6,-0.6,11.5,1.53,17.2,8.6,19.4,14,11.3,51.2,57,15.7,96.29,11.1,2738
Dennis Smith Jr.,DAL,102.4,110.1,-7.6,30.1,1.85,21.6,2.3,10.6,6.3,11.7,44.6,47.3,28,98.16,8.7,4188
Royce O'Neale,UTA,106.3,97.6,8.7,12.2,1.73,20.3,2.2,17.5,10.1,11.8,49.6,54,14,98.08,9.2,2344
Justin Jackson,SAC,101.2,108.8,-7.6,7.1,1.85,13.6,1.8,10.9,6.2,7.3,51,52.1,13.9,97.42,6.4,3054
Lauri Markkanen,CHI,101.5,110.5,-9,6.4,0.95,7.3,3.7,21.7,12.3,7.6,51.8,55.2,21.5,99.49,11.4,4183
Zach Collins,POR,107.6,106.3,1.3,7,0.9,12.5,4.4,16.3,10.5,13.9,45.8,47.5,15.3,96.46,5.2,2096
Brandon Paul,SAS,98.8,98.5,0.3,9.6,1.28,17.5,1.1,10.9,6,13.7,49.2,50.4,13.1,100.57,5.1,1200
Daniel Theis,BOS,103.1,101.9,1.2,9.9,1,14.7,9.2,18.9,14.1,14.7,57.9,61.6,15,98.06,10.5,1901
Josh Hart,LAL,106.4,108.3,-1.9,7.6,1.7,14.7,2.8,14.3,8.6,8.6,57.3,59.6,13.3,100.37,8.8,3047
Malik Monk,CHA,100.8,112.6,-11.8,17.8,1.86,15.6,0.8,6.9,3.7,8.4,45.8,47.7,24.1,101.57,6.3,1816
Wes Iwundu,ORL,100.3,104.9,-4.6,8.4,1.9,17.5,3.3,10,6.5,9.2,44.7,48,11.4,97.62,5.3,2070
Cedi Osman,CLE,111.8,107.9,3.9,8.4,1.28,14.7,2.8,14.9,8.9,11.5,57,57.7,15.1,100.14,6.7,1394
Terrance Ferguson,OKC,104.9,109.4,-4.5,3.5,1.73,9.3,2.3,3.8,3,5.4,53.3,54.5,10.4,97.5,2.8,1543
Jordan Bell,GSW,113.2,104.3,8.9,16.6,2,28.6,8.2,16.2,12.6,14.3,62.7,64.1,13.4,101.77,11.1,1718
Tyler Dorsey,ATL,101.5,108.7,-7.1,12.8,2.14,15.1,1.6,11.2,6.4,7.1,47.1,49.4,19.3,100.73,7,2043
Sterling Brown,MIL,102.5,105,-2.5,4.9,1,9.4,3.5,14.7,9.1,9.4,47.8,50.3,13.5,97.83,6.3,1578
Dwayne Bacon,CHA,104.6,104.7,-0.2,7.7,1.65,14.6,0.5,15.8,8.1,8.8,40.4,43.1,13,101.49,5.8,1514
T.J. Leaf,IND,101.4,113.1,-11.7,2.8,0.9,5.6,5.8,11.9,8.7,6.2,53.7,54.5,13.6,100.13,6.1,972
Frank Mason III,SAC,103.7,105.4,-1.7,23.3,2.26,22.9,3,10.7,6.7,10.1,42,48,22.6,94.37,9.1,1934
Lonzo Ball,LAL,104.7,105.3,-0.6,28.8,2.76,34,3.6,15.3,9.5,12.3,44,44.4,16.9,102.97,9.8,3821
Abdel Nader,BOS,97.1,107.3,-10.3,7.8,0.76,11.5,2.4,11.1,6.7,15,41.3,43.9,16.2,100.46,3.3,1093
Jawun Evans,LAC,106.2,104.1,2.1,17.7,2.27,24,1.1,9.2,5.3,10.6,38.1,42.1,17,103.27,4.6,1661
Milos Teodosic,LAC,109.8,107.4,2.4,25.2,2.15,30.4,1.4,9,5.4,14.1,54.2,56.4,17.8,101.75,7.9,2418
Damyean Dotson,NYK,98.6,101.4,-2.8,9.8,1.82,14.3,1.8,14.2,8.2,7.8,51.6,53.2,16.9,99.73,9.2,980
Khem Birch,ORL,104.9,104,0.8,8.8,1.62,16.2,11.4,19.1,15.2,10,54,58.2,13.1,97.3,10.9,1173
Torrey Craig,DEN,108,110.9,-2.9,5.4,1.25,12.8,6.4,13.4,10,10.2,51.5,53.5,11.6,100.03,5.6,1300
Tyler Cavanaugh,ATL,105,107.1,-2.1,7.6,2.08,13.4,8.1,17.1,12.2,6.5,54.6,56.7,13.9,101.19,8.2,1092
C.J. Williams,LAC,105.4,106.7,-1.2,8.6,2.15,16,1.7,5.8,3.8,7.5,49.7,51.2,13.4,100.35,5.3,1470
Alex Caruso,LAL,100.5,100.8,-0.3,18.5,1.79,30.4,2.6,8.6,5.6,17,48.7,51.9,12.8,102.64,6.2,1202
Ivan Rabb,MEM,102.5,110.9,-8.4,9.5,0.91,13.6,10.2,21.6,15.7,14.9,56.6,59.9,16.7,98.87,11.1,1059
Mike James,NOP,103.5,106.1,-2.6,27.9,2.57,23.6,1.7,10.4,6,9.2,42.4,46.9,23.7,105.83,10,1513
Guerschon Yabusele,BOS,101,101.8,-0.8,10.7,1.33,16.2,6.5,15.2,10.5,12.1,52.5,55.9,14.6,99.96,8,488
Ante Zizic,CLE,105.7,114.9,-9.1,3.9,0.45,5.3,11.2,17.9,14.5,11.7,73.1,74.6,17.1,101.27,13.2,453
Kobi Simmons,MEM,100.7,117.7,-17,15.7,1.55,21.8,2.1,6.2,4,14.1,45.2,49,16.3,97.89,4.6,1316
Kyle Collinsworth,DAL,105.3,107.4,-2.1,16.3,2.33,28.6,6,16.2,10.7,12.2,40.4,43.3,12.4,97.39,6.6,969
Dakari Johnson,OKC,98.2,87.3,10.9,8.3,2.67,13.3,9.9,11.1,10.5,5,56.4,57.5,13.9,98.01,8.9,328
Tyrone Wallace,LAC,106.1,107.6,-1.5,11.5,1.54,17.7,2.4,9.1,5.8,11.5,46.6,51.7,15.9,103.25,6,1833
Caleb Swanigan,POR,95.9,99,-3.1,12.4,0.78,14.1,7.5,20.7,13.9,18.2,40.8,44.9,18.9,98.99,5.4,391
Jonathan Isaac,ORL,93.2,101.8,-8.6,5.3,0.67,9,2.9,14.1,8.7,13.5,43.4,46.5,14.9,100.23,7.1,1116
Ryan Arcidiacono,CHI,100.2,102.5,-2.3,16.1,2.69,38,0.3,7.7,3.9,14.1,52.4,55,8.1,100.14,5.7,630
Shaquille Harrison,PHX,107.9,101.8,6.1,19.9,2.5,25.3,2.3,13,7.7,10.1,50,54,17.3,104.62,10.1,836
D.J. Wilson,MIL,82.2,112.9,-30.7,7.5,0.75,12.5,2.9,15.7,8.3,16.7,62.5,62.2,12.7,100.93,6.5,152
Davon Reed,PHX,91.1,105.4,-14.2,8.7,1.3,12.4,0.7,14.9,7.2,9.5,36.2,38.8,15.8,102.97,4.7,519
Alec Peters,PHX,108.9,101.7,7.3,7.3,3,12.9,3.2,12,7.6,4.3,50,52.3,15.1,102.68,7.1,481
Luke Kornet,NYK,102.2,111.5,-9.3,11.4,2.17,15.6,3.2,15.8,9.4,7.2,50.4,51.6,18.9,100.19,8.3,678
Myke Henry,MEM,105.6,109.7,-4.1,8.3,1.16,14.3,2.6,8.1,5.2,12.3,46.3,47.2,14.8,99.15,5.3,782
Antonio Blakeney,CHI,108.2,109.4,-1.3,9.6,1.82,10.6,1.1,8.9,4.9,5.8,42.3,47.1,22.7,99.24,6.4,650
Isaiah Hicks,NYK,102,109.7,-7.7,9.8,1,14.2,4.1,11.8,8.1,14.2,47.2,50.1,17.5,100.22,3.3,497
Josh Magette,ATL,103.1,103.6,-0.5,37,6.33,49.1,0.9,7.9,4.3,7.8,41.3,46.4,11.9,99.81,8.5,450
Kadeem Allen,BOS,91.6,100,-8.4,16.7,1.33,25.5,3.4,6.7,4.9,19.1,27.3,36.6,13.2,101.43,0.6,226
Zhou Qi,HOU,81.5,107.6,-26.1,2.8,0.2,4,4.2,11.6,7.8,20,21.9,29.5,16.3,102.22,-0.5,265
Antonius Cleveland,ATL,87.2,101.1,-13.9,2.5,0.29,6.1,2.2,8.5,5.2,21.2,45.2,48.6,10.7,102.83,0.5,258
Derrick White,SAS,101,87.5,13.5,9.8,1.5,15.5,3.4,12.8,8.4,10.3,60.6,64.6,14.6,103.45,12.4,294
Derrick Walton Jr.,MIA,97,107.5,-10.5,17,8,34.8,1.4,9.5,5.6,4.3,46,52.5,9.2,96.35,8.2,296
Jalen Jones,DAL,109.3,115.9,-6.6,3.2,0.57,4.6,6.3,15.4,10.4,8,45.6,48.5,19.3,97.26,5.1,364
Rodney Purvis,ORL,98.3,107.4,-9.1,9.2,1.7,12.1,0.3,8.5,4.3,7.1,38.8,42.3,18.7,98.13,3.2,590
Andrew White III,ATL,91.6,110.3,-18.6,5,0.75,6.8,1.6,13.3,7.2,9.1,46.6,46.1,16,103.53,4.9,455
Damion Lee,ATL,100.7,104.3,-3.6,10.9,2.07,14.1,2.4,13.8,8,6.8,45.7,48.9,18.2,102.25,8.6,865
Jamel Artis,ORL,103.5,104.4,-0.9,9.8,2.25,16.4,1.3,11.9,6.4,7.3,44.3,45.7,14.2,97.12,6.2,564
Jamil Wilson,LAC,106.2,105.4,0.8,5.6,1.25,9.9,1,10,5.5,7.9,63.6,63.4,14.5,97.05,6.7,551
Malcolm Miller,TOR,105,102.3,2.7,3.4,0.6,7.9,3.1,9,6,13.2,60.7,63.8,11.4,98.86,5.4,259
Thomas Bryant,LAL,100,105.9,-5.9,12.8,3,18.2,4.1,19.7,11.7,6.1,40.5,44.1,16.1,101.6,7.5,153
Alfonzo McKinnie,TOR,101.8,114,-12.3,2.7,0.33,5,2.2,9.8,6.6,15,63.3,64.3,15.8,102.4,5.2,114
Furkan Korkmaz,PHI,90.5,119.8,-29.3,7.7,2,11.1,2,12.3,6.4,5.6,37.5,38.6,15.9,105.65,1,179
London Perrantes,CLE,106,122,-16,10.2,5,23.8,1.5,6.4,3.5,4.8,15.4,23,10.1,97.06,-0.8,133
Markelle Fultz,PHI,100.9,96.1,4.8,29.4,3.12,27.7,3.9,10.5,7.4,8.9,40.5,41.6,21.8,107.3,9.4,562
Charles Cooke,NOP,84.3,100,-15.7,3.8,1,5.9,0,4.9,2.2,5.9,17.9,20.2,16.3,102.03,-3.4,83
Jabari Bird,BOS,108.7,102.1,6.6,9.9,1,17,5.5,10.5,8.1,17,63.5,61.5,14.1,100.58,7.6,241
Ike Anigbogu,IND,104.6,130.2,-25.5,0,0,0,15.2,13.8,14.5,14.3,44.4,55.8,17.9,103.12,10.9,65
Johnathan Motley,DAL,100.9,104.3,-3.4,7.8,0.78,6.7,7.1,20,13.1,8.7,54,55,24,94.9,12.6,345
James Webb III,BKN,98,111.3,-13.3,4.4,1,12.5,5.9,13.8,9.6,12.5,33.3,33.3,9.9,100.26,1.9,254
Milton Doyle,BKN,96.6,101.9,-5.3,12.2,5,16.1,2.1,12.5,6.9,3.2,31.9,33.7,17.3,102.15,3,266
Nigel Hayes-Davis,SAC,99.6,95.7,3.8,7.7,3,14.3,3,14.5,8.6,4.8,39.4,39.3,13.1,92.33,6.1,235
Tony Bradley,UTA,93.8,96.8,-2.9,5.6,0,7.7,10.5,25,16.7,0,27.3,33.7,15.8,104.74,8.8,65
Gian Clavell,DAL,104.5,89.6,14.8,7.1,1.5,12.5,1.6,10.2,5.7,8.3,50,53,14.7,101.46,4.5,134
Daniel Hamilton,OKC,78.9,101.8,-22.8,61.5,4,38.1,0,16.7,8.3,9.5,54.5,54.5,20,97.81,18.6,57
Jaylen Morris,ATL,87.1,105,-17.9,13,1.17,15.6,1.8,12.5,7.2,13.3,43.8,43.8,15.4,106.49,7.7,217
Jacob Wiley,BKN,94.4,76.4,18.1,9.1,0,28.6,5.3,22.5,14.1,0,37.5,41,6.3,103.92,8.4,72
Josh Gray,PHX,81.6,116.7,-35.1,24,1.71,18.5,1.7,10.4,5.1,10.8,30.5,34.9,24.3,106.07,4.1,190
Marcus Paige,CHA,121.1,105.2,15.9,14.3,0,16.7,0,16.7,7.3,0,35.7,40.3,22.4,98.51,7.7,57
Xavier Rathan-Mayes,MEM,89.6,113.7,-24.2,24.7,1.64,24,0,5.3,2.2,14.7,29.8,31.5,20.7,101.26,-1.1,249
Erik McCree,UTA,82.4,127.8,-45.4,0,0,0,0,20,9.1,33.3,0,0,15.8,111.68,-3.1,17
Mangok Mathiang,CHA,95.3,95.2,0.1,0,0,0,13.6,33.3,23.3,0,57.1,53.8,13.7,103.03,12.9,43
Matt Costello,SAS,126.6,100,26.6,7.1,2,28.6,4,27.6,16.7,14.3,50,50,7.1,96.89,5.7,64
Vincent Hunter,MEM,105.9,75,30.9,0,0,0,18.2,16.7,17.6,16.7,60,60,25,106.93,25,17
Jacob Pullen,PHI,66.7,62.5,4.2,0,0,0,0,0,0,33.3,50,50,18.8,122.3,0,15
Jameel Warney,DAL,105.8,113.2,-7.4,0,0,0,13.8,20,16.7,6.7,58.3,59.9,23.4,93.85,15.1,52
Matt Williams Jr.,MIA,120.8,54.2,66.7,0,0,0,0,8.3,5,14.3,41.7,41.7,28,101.05,0,24
Monté Morris,DEN,100,114.8,-14.8,36.8,7,46.7,0,8,4.1,6.7,66.7,72.7,13.6,103.46,16.7,55
Reggie Hearn,DET,71.4,107.1,-35.7,0,0,0,0,0,0,0,75,75,10.5,101.41,12.9,14
Andre Ingram,LAL,109.2,95.1,14.1,14.9,2.33,25,1.6,7.2,4.6,10.7,61.8,65.5,13.6,106.28,9.9,142
Ben Moore,IND,95.2,175,-79.8,11.1,0,100,0,16.7,5.9,0,0,0,0,106,-4.1,21
PJ Dozier,OKC,66.7,100,-33.3,0,0,0,0,20,12.5,33.3,50,50,42.9,97.86,0,6
Aaron Jackson,HOU,88.1,107.8,-19.8,5.3,1,8.3,5.6,3.1,4.4,8.3,38.9,40.5,14.9,91.13,-1,67
Devin Robinson,WAS,113.8,85.2,28.6,0,0,0,9.5,25,15.2,0,33.3,33.3,8.3,101.72,8.5,29
Edmond Sumner,IND,40,160,-120,0,0,0,0,50,20,0,100,100,20,110.77,23.5,5
Justin Patton,MIN,120,90,30,0,0,0,0,0,0,0,50,50,20,128.57,5.7,10
Naz Mitrou-Long,UTA,250,0,250,0,0,0,0,0,0,0,150,150,50,139.35,60,2
Trey McKinney-Jones,IND,100,133.3,-33.3,0,0,0,0,0,0,0,0,0,0,136.22,0,4
Tyler Lydon,DEN,75,225,-150,0,0,0,0,0,0,0,0,0,0,88.62,0,4
Collin Sexton,CLE,105.6,118.1,-12.5,15.4,1.31,13.9,2.1,7.2,4.5,10.6,48,52,24.7,98.54,7.3,5347
Mikal Bridges,PHX,105.3,112,-6.8,9.7,2.47,20.3,2.3,8.5,5.4,8.2,52.3,55.6,11.9,102.19,6.4,5128
Shai Gilgeous-Alexander,LAC,108.8,110.8,-2,17.9,1.91,22.3,2.6,7.8,5.3,11.6,51.2,55.4,18.2,103.25,8.3,4669
Trae Young,ATL,108.5,114.8,-6.3,39,2.12,27.3,2.4,9.1,5.7,12.9,48,53.9,27.7,105.78,11.9,5522
Miles Bridges,CHA,107.8,111.5,-3.7,8.1,1.9,13.8,3.7,14.8,9.1,7.3,52.7,54.8,14.7,101.3,8.5,3582
Landry Shamet,LAC,111,109.3,1.7,9,2.6,15.6,1.1,6,3.6,6,58.1,60.4,14.5,103.64,6.3,3889
Kevin Huerter,ATL,109.3,111.6,-2.2,13.9,1.96,21.3,2.7,8.7,5.6,10.9,52.2,53.3,15.3,105.58,6.5,4498
Kevin Knox II,NYK,101.4,115.1,-13.7,6,0.72,6.8,2.5,12,7.1,9.4,43.8,47.5,21.9,101.87,5.5,4574
Bruce Brown,DET,106.5,105.8,0.7,8.7,1.98,19.1,3.2,9.2,6.2,9.7,43.6,46.9,11.3,99.08,3.7,2980
Josh Okogie,MIN,109.6,110.6,-1,6.8,1.44,12.4,2.1,9.8,5.9,8.6,44.5,49.2,14.8,103.89,5.1,3797
Jalen Brunson,DAL,107.7,110.4,-2.8,22.3,2.61,24.6,1.5,8.7,5,9.4,52.3,54.9,18.6,100.42,8.8,3333
Luka Don?i?,DAL,107.6,110.6,-3.1,31.7,1.74,20.7,3.6,19.8,11.7,11.9,49.7,54.5,29.6,100.99,14.9,4891
Deandre Ayton,PHX,105.2,113.3,-8.1,9.4,0.99,10.4,10.1,24,16.9,10.5,58.5,60.8,21,101.34,13.9,4604
Mitchell Robinson,NYK,103.3,109.6,-6.2,4.2,1.06,8.8,12.2,16.6,14.4,8.3,69.4,69.2,11.9,101.08,11.5,2852
Allonzo Trier,NYK,102.1,109.3,-7.2,13.1,1.03,13.9,2,10.7,6.3,13.6,49.8,56.4,20.7,101.43,9,3090
Rodions Kurucs,BKN,107,107.4,-0.4,5.7,0.68,8.4,4,13.1,8.6,12.4,51.4,54.5,17.5,106.05,6.9,2863
Marvin Bagley III,SAC,107.8,111,-3.2,6,0.63,6.3,9.2,18,13.6,9.9,52.5,56.2,23.7,104.19,12.4,3405
Frank Jackson,NOP,106.3,111.3,-5,8,1.44,11.6,1.9,8.5,5.2,8.1,49.3,51.7,17.8,107.41,5.9,2614
Harry Giles III,SAC,104.1,109.1,-5,15.5,1.16,15.5,7.6,17.1,12.5,13.3,50.3,52.6,22.7,106.54,9,1813
Jaren Jackson Jr.,MEM,101.3,103.6,-2.3,7.4,0.65,7.7,4.9,13.2,9,11.7,54.9,59.1,23.1,96.48,10,3029
Elie Okobo,PHX,101.1,111.1,-9.9,19.8,1.84,25,1.2,9.2,5.1,13.6,46,48.9,16.8,101.12,5.3,2013
Troy Brown Jr.,WAS,110,110.3,-0.3,14.7,2.67,22,4.5,14.9,9.5,8.2,46.2,48.7,15.8,103.04,7.7,1568
Gary Clark,HOU,111.8,109.8,2,4,2.57,10.1,3.5,14.4,8.7,3.9,46.7,48,10.6,99.73,6.1,1331
Hamidou Diallo,OKC,103.5,110.3,-6.8,4.4,0.74,7.4,6.5,11,8.6,10,46.7,49.7,16,104.11,4.9,1142
Aaron Holiday,IND,107.2,100.2,7,18,2.18,21.2,0.8,8.8,4.9,9.8,48.3,51.8,20.6,103.35,7.8,1393
De'Anthony Melton,PHX,105.8,113.7,-7.9,21.4,2.12,31.7,2.5,11.4,6.8,14.9,44.7,46.6,14.7,102.18,6.3,2093
Mo Bamba,ORL,94.3,109.2,-14.9,8.6,0.91,11.1,7.4,21.3,14,12.3,52.5,53.9,17.4,99.7,10.3,1590
Devonte' Graham,CHA,104.5,111.8,-7.3,26.6,4.03,31.3,1.3,7.8,4.4,7.8,42.1,45.9,16.6,101.1,6.8,1426
Kenrich Williams,NOP,107.8,111.6,-3.8,9.4,2.31,20.4,4.6,14.5,9.4,8.9,47.7,48.5,11.9,105.77,6.2,2379
Omari Spellman,ATL,102.6,112.8,-10.3,8.5,1.52,13.7,8,14.4,11.1,9,49.2,51.6,14.6,106.88,7.9,1783
Chandler Hutchison,CHI,101.9,107.6,-5.6,5.5,1.36,11.9,3.3,16.7,10,8.7,49.3,50.7,12.1,100.63,7.3,1871
Jonah Bolden,PHI,106.2,107.9,-1.8,8.5,1.11,15.9,6.7,17.3,11.9,14.3,59.9,59.5,13.1,106.12,7.2,1410
Wendell Carter Jr.,CHI,97.8,109.5,-11.7,11.8,1.2,13.9,7.5,19.8,13.6,11.5,49.3,54.1,19.2,99.17,10,2282
Moritz Wagner,LAL,95.7,105.5,-9.8,8.4,0.62,9.4,3.5,14.2,8.9,15.3,48,53.3,21,105.7,6.9,982
Ryan Broekhoff,DAL,111.2,102.8,8.3,6.9,1.38,12.9,1.7,11.3,6.5,9.4,60.3,62.1,14,101.01,7.5,950
Svi Mykhailiuk,DET,105.2,105.7,-0.5,11,1.76,17.9,1.9,5.5,3.8,10.1,43.2,44.7,15.7,104.7,3.9,959
Isaiah Briscoe,ORL,102.8,100.9,2,22.6,2.81,32.6,0.8,11.1,6,11.6,43.8,45.5,13.9,100.12,5.7,1165
Jevon Carter,MEM,99.8,106.7,-6.8,18.4,2.09,22.8,2.3,9,5.5,10.9,39.5,43.2,17.2,98.5,5.3,1179
Grayson Allen,UTA,99.6,113.2,-13.6,10.2,0.76,9.5,0.7,4.7,2.7,12.5,46.6,51.6,23.8,103.77,3.7,903
Brad Wanamaker,BOS,106.6,97.8,8.8,22.5,2.95,29.2,0.8,9.6,5.4,9.9,55.2,59.7,16.2,102.9,10.4,738
Jaylen Adams,ATL,102.5,109.1,-6.5,20.1,2.32,31.6,2.2,10.9,6.3,13.6,45.9,47.4,13.1,106.81,5.5,954
Jerome Robinson,LAC,107.8,111.2,-3.4,8,1.46,13.1,0.9,10.9,6.1,9,48.2,49.1,15.9,105.35,4.3,704
Deonte Burton,OKC,96.9,92.6,4.3,5.7,1,8.7,1.4,9,5.1,8.7,45.1,47,15.9,103.95,4.3,522
Robert Williams III,BOS,98.2,104.1,-5.9,4,0.7,9.3,8.6,16.4,12.6,13.3,70.6,70.3,10.1,102.84,11.1,599
Jacob Evans,GSW,99.8,105.9,-6.2,15,2.09,26.4,2.9,8.4,5.7,12.6,37.7,37.4,13.4,102.08,2.1,429
Keita Bates-Diop,MIN,107.1,112.2,-5.1,4.7,1.21,9.1,2.9,12.9,7.7,7.5,46.8,48.9,14,100.84,6.5,1058
Chimezie Metu,SAS,99.4,100.6,-1.3,14,0.87,13.8,6.1,17.9,12.1,16,32.8,38.9,22.3,104.79,5.2,319
Isaiah Hartenstein,HOU,113,103.4,9.6,10,1.15,20,8.9,11.8,10.3,17.3,51.2,56.2,11.2,102.4,3.1,469
Donte DiVincenzo,MIL,111,98.4,12.6,10.2,1.63,17.3,3.6,9.9,6.9,10.6,49.2,50.7,14.5,106.79,6.2,911
Jaron Blossomgame,CLE,103.7,109.6,-6,4.3,1.18,9.6,5.5,16.2,10.7,8.1,49.1,51,12,98.26,7.8,904
Khyri Thomas,DET,94.6,102.7,-8,6.7,2,9.4,1.7,8.2,4.6,4.7,39.1,41.3,15.8,100.8,3.1,410
Johnathan Williams,LAL,110,102.4,7.6,5.1,0.81,8.1,11.6,13,12.3,10,59.1,59.9,15.8,102.34,7.8,790
Drew Eubanks,SAS,95.4,105.5,-10,10,0.88,14.9,5.6,21.4,14.3,17,57.7,64.6,14.8,101.37,11.1,241
Isaac Bonga,LAL,96.6,89.6,7,16.3,2.5,24.6,6.4,11.3,8.9,9.8,15.2,24,15.1,106.78,3.9,264
Anfernee Simons,POR,104.5,122.1,-17.6,13.5,1.18,13.7,2.2,6.7,4.6,11.6,52.4,53.5,24,105.22,6,309
Shake Milton,PHI,110.9,112.1,-1.1,8.6,3,15.8,3.1,9.6,6.2,5.3,47.1,48.3,14.7,102.63,4.9,576
Cam Reynolds,MIN,107.5,112.4,-4.9,7.3,2.6,13,1.4,10.2,5.7,5,55.8,58,14.1,101.29,6.3,548
Deng Adel,CLE,100,109.5,-9.5,3.8,0.83,10.2,1.4,8.9,4.8,12.2,38.9,42.4,9.7,96.66,1.8,394
Julian Washburn,MEM,102.9,105,-2,8.3,2,19.7,2.7,12.8,7.5,9.9,38.5,40.2,9.6,98.03,5.3,513
Theo Pinson,BKN,93.6,94.3,-0.6,16.7,1.17,17.1,1.5,12.6,7,14.6,42.5,49,19.1,103.32,8.3,456
Jarred Vanderbilt,DEN,96.9,92.5,4.5,6.4,0.38,8.6,8.4,20.5,14.3,22.9,47.4,51.3,17.9,111.35,8.5,162
Lonnie Walker IV,SAS,87.4,111.7,-24.3,14.3,2.25,14.1,0,12.2,6.5,6.3,40.2,44.6,19.6,102.28,8.3,254
Brandon Goodwin,DEN,107.2,99.2,8,29.8,4.67,31.1,1.6,3.8,2.6,6.7,30.4,41.3,22,104.32,4.6,125
Duncan Robinson,MIA,98,108.8,-10.9,4.5,1.25,8.8,1.1,9.1,5.2,7,50,51.4,13.4,101.7,5.5,343
Gary Trent Jr.,POR,110.3,115.1,-4.7,5.7,1.25,8.1,1,8,4.8,6.5,37,37.7,21.3,104.42,2.3,242
Yuta Watanabe,MEM,108.5,103,5.5,6.3,1.33,11.4,2.2,15.2,8.6,8.6,31.4,35.2,14.8,100.76,3.6,366
Alize Johnson,IND,110.7,112.2,-1.6,1.8,0,4.8,5.1,19.2,12.2,0,28.1,33.3,11.6,110.63,3.6,150
Brandon Sampson,CHI,107.9,113.9,-6,6.3,0.83,11.8,1.4,6.3,3.8,14.1,55.8,56.7,15.4,99.56,4.3,444
Jared Terrell,MIN,94.1,106.4,-12.3,18.2,1.2,18.8,0.8,4.4,2.5,15.6,35.9,37.2,19.7,101.69,-0.9,236
Ray Spalding,PHX,99.1,105.9,-6.8,5.2,0.56,7.6,9.1,19,14.2,13.6,53.2,51.6,16.4,105.51,9.2,325
Amile Jefferson,ORL,124.3,115.5,8.8,5.2,3,12.5,8.2,25,15.8,4.2,62.5,69.2,12.5,104.09,11.1,148
Dairis Bertans,NOP,98.1,113.1,-15,7.8,5,16.9,1.1,3.6,2.4,3.4,36.2,36.2,12,105.89,1.3,371
Jordan Loyd,TOR,94.5,110.2,-15.7,18.2,3,20,1.7,13.3,7.5,6.7,55.6,63.5,15.9,111.17,12.1,127
Marcus Derrickson,GSW,96.4,104.3,-7.9,2.6,0.33,2.6,10.4,6.3,8.3,7.7,63.6,65.3,23.3,99.46,10.9,140
Thomas Welsh,DEN,100,97.7,2.3,20,5,25,0,11.4,4.7,5,65.4,64.8,15.3,115.02,10.6,87
Melvin Frazier Jr.,ORL,96,109.5,-13.5,3.2,1,4,5.3,4.5,5,4,33.3,33,20.5,104.79,-2,99
Rawle Alkins,CHI,106.3,111.8,-5.5,13.7,1.63,20,7.7,12,9.7,12.3,37.2,41.8,17.3,101.9,5.1,256
Dzanan Musa,BKN,100,89.4,10.6,8.3,0.5,6.9,1.9,10.5,5.4,13.8,43.2,41.5,25,104.46,5.3,86
Bonzie Colson,MIL,108.4,117.5,-9.2,4,1,6.1,6.5,18.2,12.2,6.1,39.7,45.4,17.4,110.89,8.1,227
Daryl Macon,DAL,102.7,104.7,-2.1,12.3,1.17,16.3,1.9,9.9,5.7,14,46.3,48.2,16.7,100.97,4.1,188
BJ Johnson,SAC,102.8,115.3,-12.6,0,0,0,3.8,15,8.6,9.5,58.3,60.9,17.8,106.99,7.4,109
Chris Chiozza,HOU,83.8,108.8,-25,19,4,30.8,2.1,11.1,5.3,7.7,37.5,37.5,10.8,104.75,5.1,74
DeVaughn Akoon-Purcell,DEN,106.3,102,4.2,37.5,3,31.6,4.3,15,9.3,10.5,30,32.2,22.8,107.55,5.3,48
Jemerrio Jones,LAL,108.7,98,10.7,11.5,2.6,25,10,19.8,15,9.6,39.4,39.8,10.8,100.62,9.8,298
Zhaire Smith,PHI,118.1,110.8,7.3,10.1,1.67,18.5,2.8,8.7,5.8,11.1,50,53.3,16.6,103.49,5.4,237
Haywood Highsmith,PHI,103.4,131,-27.6,6.7,2,14.3,0,14.3,6,7.1,45,41.4,11.5,105.57,3.8,88
Isaac Humphries,ATL,97.7,114.7,-17.1,0,0,0,5.5,12.3,8.5,0,35.7,35.7,14.2,109.72,1.2,129
Mitchell Creek,MIN,105,96.1,8.9,18.8,6,23.1,10.9,10.5,10.7,3.8,50,55,16.9,102.82,14,100
Billy Garrett,NYK,97.8,106.4,-8.6,18.9,3.5,18.4,0,4.1,2.2,5.3,40.7,45.2,21.5,104.42,6.3,136
Troy Caupain,ORL,125,100,25,40,0,33.3,7.1,15.4,11.1,0,62.5,62.5,21.6,98.25,21.8,32
Donte Grantham,OKC,66.7,120,-53.3,0,0,0,0,0,0,0,0,0,33.3,108.57,-18.2,6
Emanuel Terry,MIA,117.6,112,5.6,12.5,1,15.4,14.3,23.5,18.4,15.4,57.1,57.1,18.3,106.64,11.6,51
Trevon Duval,HOU,107.7,100,7.7,66.7,0,40,0,20,12.5,0,83.3,83.3,23.1,107.08,22.2,13
Angel Delgado,LAC,75.8,68.8,7,0,0,0,8.3,14.3,10.5,0,20,25.5,15,105.64,0,33
Dusty Hannahs,MEM,91.2,108.8,-17.5,35.7,5,26.3,0,3.6,1.6,5.3,25,31.1,22.2,105.57,4.1,57
J.P. Macura,CHA,89.5,91.7,-2.2,20,0,18.2,0,14.3,7.3,0,33.3,33.3,20.9,105.5,8.3,38
Kostas Antetokounmpo,DAL,104.5,87,17.6,0,0,0,0,11.1,5.6,16.7,0,21,24,102.21,-3.3,22
Vincent Edwards,HOU,109.1,115.2,-6.1,0,0,0,5.9,5.9,5.9,0,37.5,37.5,11.1,100.78,2.3,33
Yante Maten,MIA,100,85.2,14.8,0,0,0,7.1,9.5,8.6,0,25,25,13.3,99.44,6.3,27
George King,PHX,100,175,-75,0,0,0,0,25,9.1,0,0,0,0,97.63,3.2,12
Joe Chealey,CHA,87.5,113.3,-25.8,25,0,25,0,0,0,0,33.3,33.3,17.6,96,0,16
Jordan Sibert,ATL,133.3,170,-36.7,0,0,0,0,0,0,0,150,150,8.3,107.72,9,9
Tahjere McCall,BKN,142.9,78.9,63.9,0,0,0,0,20,8.3,0,66.7,58.1,13.6,120.5,3.3,21
Tyler Davis,OKC,0,0,0,0,0,0,50,0,33.3,0,0,0,33.3,78.98,100,2
Zach Lofton,DET,100,100,0,0,0,0,0,0,0,50,0,0,25,102.4,-5.6,8
Terence Davis,TOR,111.8,103.9,7.9,14,1.51,17.7,3.9,13.7,9,11.7,56.4,58.8,18.1,102.12,10.1,2571
Grant Williams,BOS,109.9,103.5,6.3,8.5,1.36,19.3,5.3,10.6,7.9,14.2,46.9,50.5,11.2,102.84,3.8,2230
Ja Morant,MEM,107.5,108.1,-0.6,35.4,2.22,27.4,2.4,9,5.9,12.3,50.9,55.6,25.6,103.79,13,4491
Kendrick Nunn,MIA,110.3,109.1,1.2,18.2,1.93,17,1.1,7.9,4.6,8.8,51.4,53.4,23.6,99.1,8.6,4058
Coby White,CHI,104.4,108.8,-4.4,16.2,1.61,15.5,1.5,12.8,6.7,9.7,47.8,50.6,23.5,102.51,8.7,3573
Matisse Thybulle,PHI,107.7,105.3,2.4,8.1,1.55,19.1,3.3,4.9,4.1,12.3,52.8,53.9,10.8,102.32,4.4,2731
Jaxson Hayes,NOP,107.9,109.7,-1.8,7.4,1.06,12.4,8.5,14,11.3,11.8,67.4,68.9,14.6,107.38,9.6,2409
De'Andre Hunter,ATL,108,113.6,-5.5,7.9,1.09,11.7,2.1,11.6,6.8,10.7,48.9,52.1,17.3,103.96,5.8,4362
Jarrett Culver,MIN,106,109.3,-3.3,10.5,1.36,13.5,4.1,9.2,6.5,10,46.2,46.7,18.7,105.22,5.5,3304
Darius Bazley,OKC,98.9,102.1,-3.2,5.4,0.91,9.5,2.5,17.2,10.1,10.4,47.2,49.7,14.6,101.87,8.7,2396
Eric Paschall,GSW,103.6,114.2,-10.6,12.6,1.35,13.4,4.7,11.6,8.1,9.9,52.6,57.1,20.7,102.09,9.6,3516
Nicolo Melli,NOP,105.9,110.3,-4.3,11.2,1.78,16.9,3.4,13.2,8.2,9.5,52.8,55.6,15.8,103.89,7.2,2260
Darius Garland,CLE,105.2,113.8,-8.7,18.2,1.52,20.6,1.4,4.6,3,13.6,47.6,49.8,20.1,100.37,5.7,3830
Brandon Clarke,MEM,107.7,107.8,-0.1,9.2,1.47,12.3,6.7,17.7,12.4,8.3,64.2,66.3,18,106.13,13.9,2866
Cam Reddish,ATL,106.9,113.2,-6.3,7.9,0.91,11,2.1,11,6.5,12.1,45.9,50,18.5,105.58,5.9,3398
P.J. Washington,CHA,103.9,110.1,-6.3,11.5,1.32,14.2,3.2,14.5,8.7,10.8,52.8,54.7,18.4,97.23,8.3,3564
Cameron Johnson,PHX,109.3,108.3,1,7.8,2.16,13,3.7,10.9,7.2,6,56.5,58.6,15.1,103.9,8.2,2710
Jordan Poole,GSW,101.8,110,-8.2,16,1.81,17.8,0.7,8.7,4.5,9.8,40.6,45.4,20,103.47,5.1,2759
Bruno Fernando,ATL,102,107.6,-5.6,10.1,1.17,15.8,8.5,17.9,13.1,13.5,53,54.2,14.7,103.78,7.9,1537
RJ Barrett,NYK,105.4,114.5,-9.1,12.7,1.15,12.9,2.7,13.4,7.8,11.2,44.5,47.9,23.4,100.72,7.2,3577
Michael Porter Jr.,DEN,113,112.4,0.7,7.4,0.94,9,7,21.4,14.1,9.6,59,61.7,21.1,101.26,12.3,1909
Tyler Herro,MIA,107.9,109.6,-1.7,13.1,1.39,13.8,1.1,13.1,7.2,9.9,52,55,21.3,100.21,9.9,3164
Goga Bitadze,IND,102.2,103.7,-1.4,6.6,0.82,10.6,5.2,14.6,10.3,12.9,49.3,52.3,17,105.77,7.2,1039
Kevin Porter Jr.,CLE,102,113.2,-11.2,14.7,1.17,16.4,1.8,12.1,6.8,14,50.5,53.5,20.2,100.15,6.9,2416
Cody Martin,CHA,104.5,107.7,-3.2,15.4,2.16,25.4,3.9,14,8.6,11.8,47.3,50.5,13.1,98.77,7.6,1853
Javonte Green,BOS,103.7,106.2,-2.6,7.9,1.13,13.3,5.1,13.4,9.4,11.8,53.6,56.4,14.9,103.57,8.6,1007
Nassir Little,POR,109.5,112.7,-3.2,5,1.47,10.6,4.8,12,8.4,7.2,47.7,50.5,13.1,104.18,5,1236
Rui Hachimura,WAS,108.5,116.7,-8.2,8.8,1.64,11.6,5.1,15.5,10.1,7.1,48.9,53.5,18.9,103.46,9.1,3113
Nickeil Alexander-Walker,NOP,110,113.5,-3.6,21.2,1.65,20.9,1.5,12.2,6.8,12.7,45.5,47.3,23.3,104.6,6.9,1283
Ky Bowman,GSW,99.8,108.2,-8.4,20.2,1.87,24.3,2.2,9.3,5.7,13,46.9,49.4,16.8,101.63,6.7,2153
Chris Silva,MIA,103.8,109.8,-6,10.3,0.72,14.4,16.2,18.4,17.3,20,61.5,65.1,15.5,103.06,8.4,739
Marko Guduric,MEM,104.4,107.1,-2.6,12.7,1.25,18.2,2.8,11.5,7.2,14.6,47.5,51.4,16.8,105.41,6.6,1062
Daniel Gafford,CHI,102.6,104.5,-1.9,5.1,0.72,10,8.1,9.2,8.7,13.7,70.1,68.6,13.1,102.14,7.6,1294
Matt Thomas,TOR,106,101.8,4.2,7.6,1.38,11.5,1.8,10,6,8.3,64.3,65,15.2,103.96,9.3,965
Terance Mann,LAC,103.1,103,0.1,20.9,2.94,32.7,2.6,11.2,7,11.1,51.3,54.5,12.3,105.91,7.4,796
Sekou Doumbouya,DET,104,114.8,-10.8,3.7,0.54,6.2,2.6,13.7,7.9,11.4,44.9,47.4,16.4,98.84,3.9,1548
Carsen Edwards,BOS,94.9,100.4,-5.5,11.1,1.6,13.8,1.4,10.7,5.9,8.6,42.2,44.4,17.1,105.1,5.2,765
Justin James,SAC,97.8,100.2,-2.4,11.8,2.25,15,2.4,11.1,6.6,6.7,47,47.7,18.1,105.56,7.5,504
Luguentz Dort,OKC,112.6,108.3,4.4,4.5,1.23,9.4,3,6.6,4.9,7.7,46.3,50.6,13.9,100,3.4,1700
Admiral Schofield,WAS,102.9,110,-7.1,5.7,2.14,12.4,1.7,10.6,5.9,5.8,48.4,50.2,11.8,103.13,3.5,791
Chris Clemons,HOU,98.9,107.7,-8.8,16.2,1.42,14,1.2,8,4.6,9.8,53.2,54.8,23.5,106.65,8.5,643
Romeo Langford,BOS,111.1,102.2,8.9,4.5,1.18,11.2,3.8,6.5,5.2,9.5,38.1,43.4,11.3,102.2,2.4,786
Kelan Martin,MIN,101.4,103.1,-1.7,7.1,1.15,9.7,2.1,15.4,8.5,8.4,46.1,50.6,17.1,106.45,7.7,1096
Ty Jerome,PHX,97.4,110.9,-13.5,22.2,2.44,24.2,1.9,12,6.6,9.9,39.8,42.5,17,103.08,6.6,700
Jordan McLaughlin,MIN,105.3,111.1,-5.8,30.3,4.03,35.8,1,7.9,4,8.9,57,58.7,15.1,106.5,11,1313
Naz Reid,MIN,108.4,107.6,0.7,10.6,1.59,10.9,6,17.6,11.5,6.8,47.7,50.5,23.4,105.6,8.5,1089
Wenyen Gabriel,POR,104.6,111.9,-7.2,4.6,0.5,9.8,8,14.8,11,19.5,50,54.6,12.4,106.25,4.3,517
Anžejs Pase??iks,WAS,109.6,109.4,0.2,5.8,0.75,9.9,8.6,15.3,11.7,13.2,52.6,55.1,15.1,104.65,5.7,950
Norvel Pelle,PHI,101.2,116.9,-15.7,4.9,0.44,9.9,8.1,22,14.9,22.2,52.1,52.6,13.1,100.67,4.7,487
Zion Williamson,NOP,112,106.9,5.1,11.9,0.85,9.1,9.2,11.4,10.4,10.8,59.2,61.6,29.1,107.01,14.1,1483
Vincent Poirier,BOS,99.7,106.1,-6.5,8.8,1,14.5,9,19.5,14.4,14.5,48.6,52.5,14.1,108.38,7.7,293
Juwan Morgan,UTA,112.3,100.3,12,5.3,1,15,7,12.8,10,15,63.5,64.8,10.1,105.13,6.1,292
Rayjon Tucker,UTA,106.3,113.3,-6.9,4.3,0.63,7.6,1.7,11.3,6.1,12.1,50,58.4,15.2,103.31,6.8,348
John Konchar,MEM,109.7,104.8,4.9,16.1,3.14,33.3,9.3,15.2,12.2,10.6,71.6,71.3,9.7,101.51,13.1,391
Oshae Brissett,TOR,108.1,96.5,11.6,7.4,1,12.7,6.3,10.9,8.7,12.7,40.3,45.8,14.5,100.75,4.2,284
Amir Coffey,LAC,104.1,104.6,-0.5,13.9,1.75,17.3,2.5,6.6,4.7,9.9,48.1,49.3,17.4,104.61,4.7,345
Caleb Martin,CHA,103.2,102.4,0.8,12.2,1.53,17.4,3,8.6,5.8,11.4,56,59.5,15.2,95.85,7.7,633
Garrison Mathews,WAS,111.8,104.7,7.1,6.3,1.25,11.6,2.5,7.5,5,9.3,59.8,69.1,13.7,103.85,7.8,492
Keldon Johnson,SAS,114.7,103.4,11.3,6.6,1.15,10.9,3.3,14.6,9.2,9.5,66.9,71.1,16.4,108.34,11.2,674
Jalen McDaniels,CHA,105.3,108.8,-3.6,6.9,1.18,12.9,5,17.2,11,10.9,53.6,57.4,13.1,96.06,7.5,586
Jaylen Nowell,MIN,99.7,98.5,1.2,19.4,6.33,23.2,1.6,6.5,3.8,3.7,38.7,47.1,16.5,107.46,8,342
Nic Claxton,BKN,94.1,109.7,-15.6,14.2,1.78,19.5,9,11.2,10.1,11,57.3,57.7,14.4,105.2,9.2,408
Alen Smailagic,GSW,106.3,109.2,-3,13.3,1.18,18.1,7.7,11,9.5,15.3,53.8,61,17.5,104.89,8.9,304
Vlatko ?an?ar,DEN,104.1,110.1,-6,8.6,1,13,10.9,11.9,11.4,13,43.3,50.7,17.7,103.57,5.2,97
DaQuan Jeffries,SAC,112.9,109.8,3,6,3.5,13.5,2.1,10.5,6.3,3.8,56.3,58.6,12.9,109.7,5.6,319
Jaylen Hoard,POR,112.1,109.1,3,5.4,1,8.9,11.1,15.8,13.3,8.9,46.9,50.4,15.3,103.22,8.8,223
Juan Toscano-Anderson,GSW,99.5,111.5,-12,14.4,1.63,24.3,3.1,16.3,9.3,15,52.4,52.9,12.5,100.55,7.4,565
Michael Frazier II,HOU,94.2,110.2,-16,2.1,0.4,4.7,0.6,6.7,3.3,11.6,31,38.4,11.5,109.73,-2.4,328
Tyler Cook,DEN,107.9,117.6,-9.8,3.1,0.33,5,10.3,14.8,12.5,15,66.7,74.1,15,103.42,10.1,114
Dean Wade,CLE,107,113.5,-6.5,3.9,0.67,11.1,3.8,21.3,12.3,16.7,76.9,74.4,9.1,105.19,8.9,157
Mfiondu Kabengele,LAC,104.4,103.6,0.8,5,1,5.3,1.7,15.9,8.9,5.3,57.8,61.4,24.2,101.34,11.2,135
Adam Mokoka,CHI,121.4,104.4,17.1,4.3,2,11.4,5.7,2.9,4.4,5.7,53.6,53.8,11,100.37,2.3,238
Devon Hall,OKC,98.4,94.6,3.8,21.7,2.6,25,1.9,6,3.7,9.6,26.7,29.8,18.2,110.58,1.5,187
Quinndary Weatherspoon,SAS,98.4,112.1,-13.7,18.3,2.2,32.4,1.1,7.4,4.1,14.7,32.4,33.6,10.7,112.99,2.1,184
Tremont Waters,BOS,107.6,99.2,8.4,19.5,1.07,19,0,8.9,4.6,17.9,32.7,38.1,23.2,100.94,3.7,249
Charlie Brown Jr.,ATL,106.9,73,33.9,7.7,0.67,7.7,4,4.8,4.3,11.5,39.5,47.2,23.1,104.41,7.8,87
Jordan Bone,DET,101.8,104.7,-2.9,23.5,4,26.7,0,9.1,3.9,6.7,30,30,17.1,98.21,1.1,110
Kevin Hervey,OKC,72.7,101.7,-28.9,19.2,0,15.6,1.2,21.6,8.8,0,31.5,31.5,18.9,110.96,6.2,121
Louis King,DET,109.4,98.4,11,12.5,2.5,17.2,1.5,14.1,7.6,6.9,47.6,44.8,16.3,96.85,4.3,128
Miye Oni,UTA,111.4,119.9,-8.6,5.1,1,9.5,4.4,12.1,8,9.5,48.4,51.2,14.6,100.11,5.3,229
Nigel Williams-Goss,UTA,99.1,94.5,4.5,15.8,2,23.1,3.7,7,5.4,11.5,37.5,41.5,16.1,105.05,4.9,108
Paul Watson,TOR,115.8,99.5,16.3,10.7,2.67,19.5,2,16.3,8.8,7.3,46.2,51.7,14.2,107.6,9.5,196
Donta Hall,BKN,102.5,114.5,-12,4.8,0.8,10.3,9.3,19.7,13.9,12.8,68.2,65.2,10.9,101.48,7.1,281
Gabe Vincent,MIA,89.1,105.1,-15.9,12,6,13.6,0,5.3,2.7,2.3,29.7,29.7,19.6,102.3,0.7,175
Ignas Brazdeikis,NYK,109.7,116.8,-7.1,11.4,2,13.3,3.6,6.8,5.1,6.7,29.5,35.1,21.8,94.65,1.8,103
Jarrell Brantley,UTA,90.7,107.7,-17,19.3,1.57,23.4,1.9,18.9,9.9,14.9,41.1,41.6,15.5,102.97,7.4,205
Jeremiah Martin,BKN,107.4,115.8,-8.4,30,4.5,22.2,1,8.9,4.9,4.9,50,54.1,26.8,104.38,13.3,216
Justin Robinson,WAS,110.9,81,29.9,19.4,2.33,31.8,2.2,9.8,5.7,13.6,54.2,54.2,13.3,99.08,7.7,101
Moses Brown,POR,90.8,141.7,-50.9,4.8,0.33,5.6,7.3,32.4,18.7,16.7,40,40.7,20,108.15,3.2,76
Vic Law,ORL,92.6,102.3,-9.7,8.6,1.5,11.5,2.9,14.5,8.5,7.7,36.1,36.3,15,102.38,3.1,135
Bol Bol,DEN,113.6,123.3,-9.8,10.3,0.6,12.5,5.7,17.1,11.2,20.8,57.1,61.7,20.6,98.55,8.2,177
Mychal Mulder,GSW,113.3,107.1,6.2,5.3,1.6,9.4,1.6,9.3,5.7,5.9,50.7,53.3,16.5,99.33,5,420
Tacko Fall,BOS,101.4,88.7,12.7,6.7,0.33,5.3,3.6,32.6,21.1,15.8,78.6,75.1,25,103.27,24.1,69
Brian Bowen II,IND,109.2,93.5,15.7,0,0,0,3.2,16.2,10.3,9.1,30,30,14.3,98.11,1.8,65
Dewan Hernandez,TOR,120.3,103.1,17.2,12.5,1,13.6,17.2,26.5,22.2,13.6,39.3,43.2,25.7,108.8,7.3,64
Talen Horton-Tucker,LAL,101.7,111.2,-9.5,10.7,1,13.6,2.2,5.6,3.9,13.6,53.3,53.5,18,105.58,6.1,178
Jalen Lecque,PHX,83.8,104.1,-20.2,11.8,1,13.3,0,5.7,3,13.3,40,46,18.6,107.84,2.7,68
KZ Okpala,MIA,86.3,118,-31.7,7.7,1,14.3,3.8,16,9.8,14.3,60,59.5,10.2,93.32,10.3,51
Zach Norvell Jr.,GSW,103.3,135.6,-32.3,9.1,1,16.7,0,20.7,8.6,16.7,37.5,40.2,14.7,107.05,2.6,92
Josh Reaves,DAL,107.1,91.7,15.5,15.8,0,23.1,3,6.3,4.6,0,33.3,40.5,16.1,98.31,2.4,56
Justin Wright-Foreman,UTA,88.5,121.1,-32.5,29.2,2.33,21.9,0,12.5,5.4,9.4,40,43.7,22.5,101.53,6.5,96
Marial Shayok,PHI,93.9,117.2,-23.2,5.3,0.33,5.6,3.3,19.4,11.5,16.7,33.3,40,24.3,111.97,1.5,66
Matt Mooney,CLE,92.5,75,17.5,7.1,0,20,0,15.8,6.5,0,25,25,8,102.4,7.5,40
Shamorie Ponds,TOR,121.7,127.3,-5.5,40,0,25,0,16.7,6.3,0,70,76.5,22.2,102.05,19.1,23
Stanton Kidd,UTA,91.2,88.9,2.3,10,0.5,16.7,0,15.8,9.1,33.3,0,0,13.9,109.92,-7.7,34
Zylan Cheatham,NOP,97.3,121.2,-23.9,9.4,0.75,18.8,6.3,12.8,9.5,25,66.7,66.7,10.3,105.79,3.4,112
Isaiah Roby,OKC,88.5,100,-11.5,0,0,0,0,16.7,8,50,0,0,7.1,111.58,-2,26
Jared Harper,NYK,83.3,144.4,-61.1,0,0,0,0,0,0,0,25,25,22.2,109.6,-2.6,18
Kyle Guy,SAC,91.7,137.5,-45.8,12.5,0,16.7,0,9.1,4.5,0,40,40,20,120.21,3.8,24
Luka Samanic,SAS,105,96.2,8.8,18.2,3,23.1,2,16.7,9.6,7.7,40.6,45,17.9,102.11,6.8,101
Tariq Owens,PHX,83.9,127.3,-43.4,0,0,0,10.5,6.7,8.8,0,20,34,17.1,99.74,3.1,31
Kyle Alexander,MIA,87.1,93.8,-6.7,0,0,0,11.1,6.7,9.1,33.3,50,50,7.9,113.12,2.1,31
Max Strus,CHI,193.3,87.5,105.8,0,0,0,16.7,0,6.3,0,66.7,72.7,15.8,119.36,12.3,15
William Howard,HOU,62.1,113.3,-51.3,20,1,16.7,0,25,7.7,16.7,0,0,15.2,106.73,-8.6,29
Devontae Cacok,LAL,131.8,109.1,22.7,12.5,0,14.3,16.7,33.3,23.8,0,50,50,22.2,119.1,14.7,22
Eric Mika,SAC,122,102.4,19.5,0,0,0,11.1,26.3,18.9,0,66.7,77.3,8.9,103.35,7.7,41
Malik Newman,CLE,57.1,87.5,-30.4,0,0,0,0,0,0,25,0,34.7,57.1,97.74,-15.4,7
Marques Bolden,CLE,114.3,57.1,57.1,0,0,0,0,50,33.3,0,0,0,0,119.29,30.8,7
Anthony Edwards,MIN,110.6,115.6,-5,14.2,1.32,12.4,2.3,12.1,7,9.4,48.8,52.3,26.4,102.71,9.4,4961
Patrick Williams,CHI,106.3,113.5,-7.1,6.8,1.01,12.7,3.3,13.1,8.2,12.6,53.4,56.2,14.6,100.41,7.1,4151
Jae'Sean Tate,HOU,108,111.8,-3.8,12.7,1.82,18.4,6,11.8,8.8,10.1,55.4,57.6,16.1,102.71,8.3,4360
Saddiq Bey,DET,105.6,111.2,-5.6,7.7,1.58,10.5,2.2,14.5,8.2,6.6,53,56.7,18.2,99.47,9.2,3960
Desmond Bane,MEM,110.1,109.7,0.4,10.5,2,17.1,1.9,11.6,6.6,8.5,58.6,60,15.5,101.71,8,3218
Isaiah Stewart,DET,105.5,107.4,-2,6.4,0.88,10.3,10.5,19.3,14.9,11.7,57.8,59.7,15,99.66,10.8,3020
Isaac Okoro,CLE,104.6,113.4,-8.7,8.6,1.49,15.2,3.1,6.6,4.8,10.2,47.6,51.4,14.2,98.07,4.4,4431
Payton Pritchard,BOS,111.2,110.6,0.6,13.6,2.26,19.6,2.5,9.9,6.1,8.7,56.2,58.2,16.2,99.38,8.2,2636
Facundo Campazzo,DEN,111.6,108.8,2.8,21.5,3.18,35.3,1.5,8.1,4.7,11.1,50.2,55.8,12.8,99.09,7.4,2940
Theo Maledon,OKC,97.2,113.6,-16.5,19.7,1.61,21.8,1.2,10.1,5.5,13.6,45.4,48.9,18.8,103.27,6.3,3829
Immanuel Quickley,NYK,111.6,104.5,7.1,16.4,2.19,15.3,2,8.6,5.4,7,49.7,55.7,24.6,97.18,10.3,2519
Jaden McDaniels,MIN,109.6,113.1,-3.4,6.4,1.51,14.1,3.2,11.8,7.3,9.3,54.5,55.2,11.8,103.13,5,3250
Devin Vassell,SAS,106.5,108.9,-2.4,7.1,2.55,14,2.1,13.8,7.9,5.5,49.2,52.4,13.8,102.37,7.1,2247
Obi Toppin,NYK,109.1,106.5,2.7,6.5,1.26,10.7,3.7,15.5,9.7,8.5,56,57.4,15.7,97.43,9.3,1381
Precious Achiuwa,MIA,102,109.2,-7.2,6.4,0.67,8.3,9.7,17.4,13.6,12.3,54.4,55,18.4,101.39,8.6,1555
Tyrese Maxey,PHI,106.4,108,-1.6,20.7,2.93,19.4,1.1,9.8,5.4,6.6,49.8,53.1,22.2,101.2,10.6,1963
Xavier Tillman,MEM,109.5,106.6,2.9,9.6,1.67,17.1,6.5,16.3,11.3,10.3,59.5,60.5,14.2,101.41,9.5,2276
Tyrese Haliburton,SAC,110.8,116.4,-5.6,24.7,3.36,29.7,2.2,7.6,4.9,8.8,56.9,58.5,17.5,102.31,10.4,3733
Deni Avdija,WAS,107.8,109.9,-2.1,6.4,1.91,14.8,1.7,18.1,9.9,7.7,50.2,51.5,11.8,106.28,6,2773
Kira Lewis Jr.,NOP,108.9,108.1,0.8,19.1,3.65,24,1.2,6.4,3.7,6.6,44.5,47.7,17.6,102.61,6.4,1937
LaMelo Ball,CHA,108.7,111.8,-3.1,32.2,2.16,26.1,4.1,16.1,10,12.1,50.4,53.9,24.7,103.35,12.1,3169
R.J. Hampton,ORL,102.6,116.7,-14.2,15.5,1.64,17.8,3,16.2,9.4,10.8,47.8,50.7,19.1,101.94,8.5,1879
Onyeka Okongwu,ATL,106.2,112.6,-6.3,4.7,0.62,8.2,10,17.2,13.5,13.2,64.4,65.5,14.1,101.4,8.7,1266
Saben Lee,DET,105.4,111.7,-6.3,33.3,3.16,36.3,2.6,9.9,6.3,11.5,49,53.6,17.1,98.91,9.6,1614
Cole Anthony,ORL,103.5,116.3,-12.8,24.1,1.81,21.2,2.7,14.2,8.1,11.7,44.9,49.6,23.5,100.08,9.1,2662
Malachi Flynn,TOR,103.8,109.4,-5.6,22.5,3.19,25.3,1,11.4,6,7.9,45.3,48.4,18.3,101.04,8.3,1958
Aaron Nesmith,BOS,108.6,109.1,-0.5,4.7,1,9.7,4.1,14.6,9.3,9.7,55.1,57.3,13.3,101.13,6,1409
Aleksej Pokusevski,OKC,98.1,114.9,-16.7,13.3,0.98,15.5,2.5,15.5,9,15.9,41.2,43,19.7,104.44,5.8,2373
Chuma Okeke,ORL,102.6,109.8,-7.2,13.2,2.66,21.1,3.3,11.7,7.4,7.9,49.2,51.1,14.2,100.85,8.4,2374
KJ Martin,HOU,105.5,117,-11.5,6.8,1.26,10.9,6.3,15.9,10.8,8.6,56.4,59,15.4,102.71,9,2275
Zeke Nnaji,DEN,102,112.5,-10.5,3.7,1.43,7.8,3.4,12.9,8,5.5,59.6,61.5,12.6,102.52,7.4,852
Isaiah Joe,PHI,106.9,105.1,1.8,7.2,1.82,11.5,1.4,8.3,4.5,6.3,50.8,53.3,16.3,103.07,5.8,816
Lamar Stevens,CLE,100.1,110.5,-10.4,7.9,1.09,12,4.4,14.5,9.2,11.1,47.1,52.1,15.2,100.57,7.2,1042
James Wiseman,GSW,101.8,110.6,-8.8,5,0.43,5.3,6.3,19,12.7,12.2,53.5,55.2,23.1,105.66,8.8,1830
Josh Green,DAL,106.7,104.7,1.9,8.3,1.65,19,5.9,11,8.4,11.6,47.3,49,11.2,100.45,5.7,930
Markus Howard,DEN,93.5,110.5,-17,14.5,1,12.4,0.4,9.5,4.8,12.4,46.2,47.7,25,107.97,4.6,465
Tre Jones,SAS,98.4,112.2,-13.8,22.8,3,28.1,2.8,4.9,3.8,9.4,49.4,54.4,15.9,100.88,8.4,562
Nathan Knight,ATL,102.6,106.9,-4.3,4.5,0.53,5.4,9.3,15.5,12.4,10.1,40,49.9,20.7,100.55,8.9,588
Skylar Mays,ATL,107,105.6,1.4,18,3.33,20.1,3.7,9.5,6.6,6,52,56.9,18.6,99.05,11.3,558
Brodric Thomas,CLE,103.6,108.1,-4.5,11.5,1.36,16.6,1.9,10.7,6.2,12.2,43.5,48.7,15.8,100.74,5.2,833
Mason Jones,PHI,98.9,108.8,-9.9,21.1,1.45,18.9,1.8,14.5,7.6,13.1,52,55.6,21.7,105.91,9.2,730
Naji Marshall,NOP,108.1,109.6,-1.5,16.5,2.32,23.9,2,18.2,10,10.3,46.2,50.8,16,105.1,8.8,1530
Dylan Windler,CLE,104.6,111.1,-6.5,8.9,1.03,15.9,3.9,17.1,10.4,15.5,53.8,56.7,14,101.87,8.2,1092
CJ Elleby,POR,102.3,107.6,-5.3,7.6,2,11.4,4.9,8.9,6.9,5.7,43.2,46.8,16,106.16,4.7,429
Daniel Oturu,LAC,104.2,102.5,1.8,9.2,1.11,13,11.9,15.7,13.8,11.7,43.3,47.1,17.4,97.85,7.3,330
Jordan Nwora,MIL,106.8,107.1,-0.3,4,0.29,3.9,3.3,16.2,10.3,13.5,56.3,58.6,25.4,105.88,11.3,603
Nico Mannion,GSW,102.6,111.9,-9.4,27,2.26,30.7,1.6,10.7,6.1,13.6,43.9,48.7,18.6,102.55,7.5,776
Sam Merrill,MIL,101.2,109.7,-8.5,13.5,2.1,20,2.4,9.4,6,9.5,59,60.3,14.6,104.73,8.4,510
Trent Forrest,UTA,108.2,115.9,-7.7,20.5,2.14,30.8,3.8,11.1,7.5,14.4,48.6,55.4,14.4,98.78,7.8,621
Jalen Smith,PHX,106.3,110.7,-4.4,3.7,0.57,6.3,4.4,17.4,11.1,10.9,48,49.9,16.1,103.72,5.9,336
Anthony Gill,WAS,104.1,105.6,-1.6,7.3,1.38,12.8,7.4,15.1,11.4,9.3,55.8,59.7,14.3,104.25,8.9,469
Killian Hayes,DET,100.6,110.7,-10.1,29.9,1.66,32.2,0.9,9.2,5,19.3,40.3,42.2,18.5,100.12,5.3,1403
Paul Reed,PHI,107.5,96.3,11.2,10.7,1,11.5,14.7,17.2,15.9,11.5,53.8,54,20.8,102.07,13.2,374
Reggie Perry,BKN,106.1,113.4,-7.3,9.7,0.93,12.5,11.7,20.4,16,13.4,43.6,46.6,19,101.96,6.4,446
Anthony Lamb,HOU,105.1,114.3,-9.2,8,1.21,13.5,5.5,10.9,7.9,11.2,48.7,52.3,14.4,103.93,5,896
Cassius Stanley,IND,97.5,88.1,9.4,1.7,1,2,6.7,11,8.7,2,33.7,38.3,19.8,103.13,2.7,200
Cassius Winston,WAS,92.8,114.2,-21.4,22.2,2.4,22.6,0,8.7,4.4,9.4,54.5,57.5,18.2,102.65,7.9,208
Josh Hall,OKC,100.7,113.9,-13.2,11.8,1.12,16.3,1.6,15.1,8.1,14.5,32.3,36.3,17.4,104.93,1.5,733
Nate Hinton,DAL,87.3,115.4,-28.2,15.1,1.6,13.6,0.9,9.1,4.4,8.5,40.5,44.2,21.7,104.12,6.6,204
Armoni Brooks,HOU,103.9,115.6,-11.7,9,1.36,12,1.7,11.2,6.1,8.8,56.3,56.5,17.5,102.94,6.8,1114
Deividas Sirvydis,DET,97.2,106.9,-9.7,6.2,1,9.6,0,22.5,10.7,9.6,47.5,48.1,15,100.61,7,281
Freddie Gillespie,TOR,101.3,110.9,-9.6,3.4,0.75,7.4,10,14.2,12,9.9,52.4,56.3,12,100.86,7.5,824
Vernon Carey Jr.,CHA,105,108.3,-3.2,2.8,0.4,4.2,5.4,17.4,11.6,10.4,51.4,56.3,17.8,100.44,7.9,238
Elijah Hughes,UTA,91.5,120.3,-28.8,15.8,1,13.6,1.4,11.9,6.6,13.6,46.7,48.8,24.2,105.09,7.1,141
Killian Tillie,MEM,107.2,97.7,9.6,6.3,4,11.1,3.1,8.2,5.9,2.8,42.1,46.1,14.8,102.06,4.7,388
Nick Richards,CHA,93.3,103.8,-10.5,5.4,0.67,10.5,5.6,9.6,7.6,15.8,44.4,54.2,11.1,101.95,3.3,134
Sean McDermott,MEM,89.1,106.8,-17.7,4.3,1,8.9,3.1,8.7,5.5,8.9,47,53.4,10.1,103.34,5.2,341
Tyler Bey,DAL,85.8,112.8,-27,6.3,1,10,9,17.7,12.6,10,34.1,37.2,14.3,107.57,3.8,162
Keljin Blevins,POR,85.2,107.5,-22.2,8.3,0.8,13.8,3.1,7.1,5.2,17.2,30,30,12.6,112.13,-0.5,176
Ty-Shon Alexander,PHX,101,107,-6,20,2,27.3,3.8,15.7,9.7,13.6,33.3,34.9,14.3,100.07,5.2,98
Udoka Azubuike,UTA,69.8,124.4,-54.5,0,0,0,6.3,15,10.5,17.6,44.4,59.7,11.9,104.48,5.4,126
Mamadi Diakite,MIL,103.2,99.4,3.8,7.9,2.67,13.8,5.2,16,10.7,5.2,41.3,47.7,14.2,107.54,8.1,314
Jahmi'us Ramsey,SAC,106.7,104.2,2.4,8.8,2,12.2,1.9,8,4.8,6.1,46.1,49.8,18.3,107.46,6.3,210
Jalen Harris,TOR,108.2,107.8,0.3,15.3,1.21,15.9,1.7,9.1,5.2,13.1,61.8,63.2,21.9,102.91,9.7,368
Robert Woodard II,SAC,107.5,101,6.6,5.6,2,7.4,8,23.5,15.8,3.7,42.5,42.5,21,110,7.9,106
Devon Dotson,CHI,105.3,83.7,21.7,20,0,25,3.9,6.1,5,0,54.8,54.8,16,103.72,16.6,113
Jontay Porter,MEM,93,92.2,0.9,3.3,0.14,4,6.5,14.9,10.9,28,63.3,64,18.2,102.24,6.7,115
Tyrell Terry,DAL,88.4,88.4,0,15.8,3,24,0,11.8,5,8,31.3,31.8,13.5,103.15,6.7,121
Gabriel Deck,OKC,104.1,116.8,-12.7,16,4,22.4,6.7,11.8,9,5.6,49.3,54.8,15.9,103.21,10,458
Karim Mane,ORL,99.5,111.5,-12,6.1,1.33,18.2,1,15.1,7.3,13.6,26.9,36.2,8.5,99.46,1.7,183
Dakota Mathias,PHI,97.3,107.9,-10.6,15.7,13,20.3,0.7,4.1,2.3,1.6,47.9,47.4,16.6,102.83,6.2,263
Devin Cannady,ORL,100.6,114.4,-13.7,2.3,0.5,2.9,0,6.5,3,5.9,50,54.7,18.1,102.97,6.1,159
Grant Riller,CHA,96.4,101.8,-5.4,30,3,18.8,0,4,2,6.3,75,75,22,97.82,21.1,55
Nate Darling,CHA,67.9,122.2,-54.3,11.1,1,11.1,3.2,0,1.8,11.1,42.9,54.1,13.3,98.33,4.8,53
Robert Franks,ORL,106,120.5,-14.4,7,2.5,12.2,5.3,8.2,6.6,4.9,55.4,63.8,14.8,101.27,9.1,215
Amida Brimah,IND,114.9,82.1,32.8,4.2,0.25,7.1,7.7,15,12.1,28.6,62.5,69.7,17.6,109.84,11.1,67
Cameron Oliver,HOU,111.2,116.4,-5.2,8.6,1.67,11.9,5,18.8,11.4,7.1,63.6,61.9,17.4,103.54,9.5,188
Greg Whittington,DEN,103.7,70.4,33.3,0,0,0,0,0,0,0,0,0,10.3,107.85,-7.1,27
Jay Scrubb,LAC,112.8,115.6,-2.8,1.5,0.14,2.2,2.2,14,7.9,15.2,41.7,45.8,21.7,100.35,5.1,179
Didi Louzada,NOP,102.5,109.8,-7.3,7.3,1,15.8,1.5,3.2,2.3,15.8,30.8,30.8,11.4,103.09,-1.2,120
Malik Fitts,LAC,86.4,113.6,-27.3,0,0,0,0,30,15,0,50,50,12,97.63,2.9,22
Ashton Hagans,MIN,60,81.8,-21.8,0,0,0,0,0,0,100,0,0,8.3,123.93,-25,10
Elijah Bryant,MIL,119.7,105.7,14,13,0.75,14.3,6.5,13.3,9.8,19,50,55.9,23.1,107.19,7.2,71
Will Magnay,NOP,37.5,185.7,-148.2,0,0,0,0,0,0,50,0,0,20,110.2,-17.1,8
Franz Wagner,ORL,105.9,110.8,-4.9,15.1,1.94,16.2,3.3,10.6,6.9,8.4,51.7,55.9,20.8,100.13,10.2,5070
Herbert Jones,NOP,112.2,110.2,2,9.7,1.67,18.3,4.1,8.6,6.3,10.9,52.5,57.3,13.6,98.84,6.8,4796
Ayo Dosunmu,CHI,109.1,114.1,-5,16.4,2.37,27.5,1.3,9,5.2,11.6,58.5,59.6,13.8,100.31,7,4418
Corey Kispert,WAS,113,112.9,0.1,6.4,1.7,12.6,3,8.4,5.8,7.4,56.4,58.6,14.2,98.52,6.7,3712
Davion Mitchell,SAC,105.3,111.3,-6,23.5,2.75,24,1.5,6.2,3.8,8.7,47.7,48.9,20.2,100.85,7.4,4356
Josh Christopher,HOU,106.9,116.1,-9.2,17,1.32,18.4,3.7,10.3,6.9,14,50.4,53.4,20.5,102.59,8.3,2846
Scottie Barnes,TOR,110.2,108.4,1.8,15,1.88,18.1,6.8,14.1,10.2,9.6,52.4,55.2,18.7,97.03,10.9,5277
Alperen Sengun,HOU,106.4,116.6,-10.2,19.3,1.28,19.4,8.9,17.4,13,15.2,50.2,55.2,21.4,101.69,9.9,3161
Jonathan Kuminga,GSW,109.5,107.5,1.9,8.7,0.86,9.3,4.7,13.9,9.6,10.8,56.7,60,22.7,99.79,9.8,2457
Bones Hyland,DEN,113.4,111.7,1.7,22,2.22,21.2,1.1,13.3,7.2,9.6,51.8,55.8,23.1,99.84,9.6,2722
Evan Mobley,CLE,108.5,106.8,1.7,11.7,1.31,14,6.3,17.4,12,10.7,52.2,54.9,20.1,97.5,11.6,4741
Cam Thomas,BKN,106.3,112.7,-6.4,10.2,1.42,11.5,1.3,11.8,6.5,8.1,48,51.9,21.2,100.69,8.9,2476
Jalen Green,HOU,105.7,116.9,-11.3,13.2,1.3,12.9,1.5,8.8,5.1,9.9,50.8,54.7,23.4,102.5,8.5,4563
Cade Cunningham,DET,106.9,113.1,-6.2,28.3,1.52,21,2.6,14.3,8.3,13.8,47.1,50.4,27.3,98.71,10,4290
Dalano Banton,TOR,106.6,105.1,1.5,19.7,1.87,26.5,4.8,12.4,8.3,14.2,44.3,46.3,15.9,99.8,7,1452
Trey Murphy III,NOP,108.1,107.8,0.3,6.5,2.38,10.9,4.9,12.2,8.3,4.6,52.2,55.8,14.7,100.77,8,1810
Ziaire Williams,MEM,112.9,108.8,4.2,6.2,1.59,11.8,1.7,7.1,4.4,7.4,54,55.9,14.4,103.22,5.5,2896
Austin Reaves,LAL,110.8,109,1.8,10.1,2.75,21.2,3.1,9.9,6.6,7.7,54.2,60,12.1,101.81,7.6,3007
Tre Mann,OKC,101.7,112,-10.3,10.8,1.28,11.6,1.7,10.1,5.8,9,47.6,50.1,21.3,100.48,6.9,2869
Omer Yurtseven,MIA,113.3,108,5.3,10.5,1.2,13.5,12,29.3,20.7,11.3,52.8,54.6,19,98.22,12.7,1439
Chris Duarte,IND,107.6,109.7,-2,11,1.27,13.1,2.6,11.7,7.1,10.3,50.7,53.7,20.7,99.3,8.9,3193
Jock Landale,SAS,107.9,109,-1.1,11.5,1.45,15.2,9.4,11.8,10.6,10.4,56.6,59.7,17.2,103.34,9.7,1266
Jose Alvarado,NOP,112.1,104.8,7.3,26.1,3.8,29.9,2.9,9.4,6,7.9,50,52,17.4,100.67,10.7,1756
Josh Giddey,OKC,101.1,109.4,-8.3,32.5,2.02,28.2,5.2,17.5,11.3,14,46.1,47.8,21.8,99.95,11.4,3538
Moses Moody,GSW,104.8,108.9,-4,5.6,1.77,9.8,2.8,9.8,6.4,5.6,54.6,57.3,14.8,101,6.9,1282
Brandon Boston,LAC,102.9,104.9,-2,10.3,1.65,11.6,2,11.1,6.6,7.1,43.7,48.1,21.2,101.71,8.3,1609
Aaron Wiggins,OKC,104.5,112.6,-8.1,8.3,1.26,13.8,4,9.8,6.9,10.9,52.5,55.6,14.9,101.6,6.2,2546
Joshua Primo,SAS,107.9,111.2,-3.3,11.1,1.42,18.7,3.1,7.9,5.5,13.1,45.2,48.7,15.2,102.04,4.4,2045
Jeremiah Robinson-Earl,OKC,101.1,110.9,-9.8,6.9,1.26,11.2,6.1,17.2,11.5,8.9,50.3,52.6,15.2,99.57,8.4,2247
Duane Washington Jr.,IND,110.2,116.1,-5.9,12.8,1.49,14.3,0.4,8.2,4.2,9.6,50,52.1,21.4,103.32,6.4,2083
Greg Brown III,POR,99.1,116.8,-17.6,8.7,0.97,12,5.7,15,10.3,12.4,47.6,51.5,16.8,101.99,6.4,1359
Jalen Suggs,ORL,100.6,107.8,-7.1,24.9,1.46,21.5,1.9,10.2,6.1,14.7,40,45.5,24.4,102.44,6.4,2785
Kessler Edwards,BKN,112.2,115.5,-3.3,4,0.74,8.9,4.3,12.4,8.4,12.1,50.2,51.6,13.2,100.72,5.1,2075
Trendon Watford,POR,100.5,118.4,-17.9,15.2,1.84,18.7,6,16.3,10.9,10.2,54.9,59,16.9,102.67,9.7,1852
Quentin Grimes,NYK,102,105,-3,9.5,1.57,14,2.8,8.5,5.6,8.9,55.7,56.5,14.9,96.7,7,1581
Ish Wainright,PHX,106.2,100.6,5.6,5.7,1.15,11,6.6,7.2,6.9,9.6,48.6,49.4,13.4,103.3,4.3,770
Jared Butler,UTA,112.5,112.6,-0.1,25.8,1.91,24.8,1.4,10.2,6.1,13,49.7,50.9,22.1,101.73,7.3,758
Jericho Sims,NYK,109.3,102.9,6.5,5.4,1.05,19.3,10.8,18.7,14.8,18.3,72.2,67.4,6.8,99.02,7.4,1146
Sandro Mamukelashvili,MIL,99.6,117.3,-17.6,8.4,1.47,13.7,7.9,11.6,9.7,9.3,59.1,61.8,14.2,100.54,9,855
Miles McBride,NYK,113.1,100.1,13,15.9,8.2,25.8,1.1,9.7,5.6,3.1,37.5,39.3,13.7,97.3,4.1,756
Keon Johnson,POR,100.8,119.8,-19,17.4,1.65,18.2,3.1,8.3,5.6,11,41.5,45.3,20.7,99.9,5.2,1444
Isaiah Jackson,IND,113.3,116.1,-2.8,2.7,0.25,3.4,10.9,15.7,13.3,13.6,57.5,60.7,21.4,103,9.3,1158
Justin Champagnie,TOR,115.4,108,7.4,5.1,1.38,12.2,11.1,12.6,11.8,8.9,53.7,57.1,11.1,99.31,7,585
Leandro Bolmaro,MIN,102.6,102.5,0.2,11.8,1.62,22.3,6.2,10.7,8.4,13.8,36.1,41.9,12.2,105.58,3.8,531
JT Thor,CHA,107.2,106.9,0.3,9.7,1.9,20.7,4,11.1,7.7,10.9,50,52.5,11.6,102.46,6,555
Terry Taylor,IND,112.2,119.1,-6.9,8.1,1.78,13.4,12.9,11.7,12.3,7.5,64.1,65.6,15.1,102.08,9.7,1514
Day'Ron Sharpe,BKN,115.6,108.8,6.9,6.2,0.57,8,19.7,19.8,19.8,14.1,58.4,59.3,20.5,99.71,11.1,812
Keifer Sykes,IND,108.5,112.9,-4.5,16.2,1.88,21.3,1.4,6.9,4,11.3,43.4,45.6,17.4,98.86,3.9,1159
Luka Garza,DET,104.6,110.9,-6.3,8.6,1.11,9.6,13,11.6,12.4,8.6,50.3,53.5,19.5,102.18,7.5,823
Santi Aldama,MEM,105.9,104.6,1.3,8,1.31,11.6,7.7,15,11,8.8,42.4,45.2,17.4,101.67,6.6,765
James Bouknight,CHA,108,114.2,-6.2,13.2,1.73,13.3,6.4,9,7.7,7.7,40.8,45.9,22.6,103.73,6,654
Vít Krej?í,OKC,103.3,116.1,-12.8,11.7,1.97,21.7,2.4,12.1,7,11,50.3,52.9,12.5,101.02,5.6,1455
Joe Wieskamp,SAS,106.5,105.1,1.5,6.5,4.5,12.3,1.7,4.5,3.1,2.7,48.2,49.4,12.9,101.08,3.9,429
Sam Hauser,BOS,105.7,106,-0.3,9.5,5,16.1,3,13.3,8.4,3.2,65,65,13.6,101.42,10.4,334
Lindy Waters III,OKC,108.5,113.2,-4.7,7.8,2.18,11.3,1.2,14,7.5,5.2,55.7,56.2,16.6,102.81,8.2,1000
Brandon Williams,POR,101.2,121.6,-20.4,23.5,1.62,19.7,2.6,8.9,5.5,12.2,42.7,47.6,24.6,100.92,6.9,1346
Daishen Nix,HOU,104.4,111,-6.6,20.8,1.54,27.2,2.6,10.3,6.4,17.7,45.5,48,16.7,104.29,5.9,564
Kevin Pangos,CLE,104.9,117.1,-12.1,24.6,4.29,35.3,1.2,5.7,3.5,8.2,39.1,40.8,14.3,99.17,4.6,346
Usman Garuba,HOU,118.6,111.5,7,8.4,2.83,24.3,8.3,26.3,17,8.6,48.9,51,9.1,104.06,8.7,517
Charles Bassey,PHI,98.6,107.4,-8.8,7,0.88,10.4,12.4,23.3,17.7,11.9,63.8,66,15.2,99.94,12.8,348
David Duke Jr.,BKN,110.7,110.6,0.1,6.6,1.89,11.8,7.7,10.5,9,6.3,40.3,44.4,15,100.48,5.3,709
Jalen Johnson,ATL,95.8,105.8,-10,4.5,0.33,5.4,1.6,17.5,9.9,16.1,57.3,59,18.3,104.26,9.6,265
Olivier Sarr,OKC,106,108,-2,6.6,0.86,12.3,7.8,13.3,10.6,14.3,63.9,67.2,13.6,100.59,7.9,877
Kai Jones,CHA,93.4,104.4,-11.1,10.3,0.67,14.3,4.5,11.4,8.1,21.4,67.9,62.8,15,103.76,6.5,136
Isaiah Livers,DET,113.8,114.6,-0.8,7.7,1.4,15.9,3.7,10.9,7.2,11.4,60.6,62.9,12.5,98.25,6.6,783
Lindell Wigginton,MIL,107.3,119.2,-11.8,16.7,1.92,20.7,1.5,10.6,6.2,10.8,50,52.4,18.3,104.86,6,437
Malcolm Hill,CHI,107.4,114.7,-7.3,5,2.67,11.8,5.1,11.8,8.4,4.4,58.7,61.9,11.8,103.2,6.3,457
Javonte Smart,MIA,99.8,110.3,-10.6,12.1,1.45,17.8,2.2,9.4,5.6,12.2,38.3,40.7,15.4,100.39,3.9,419
Neemias Queta,SAC,104.3,108.4,-4.1,7.6,1,10.3,10.4,14.4,12.3,10.3,44.7,49.5,17.6,100.94,6.2,253
Ruben Nembhard Jr.,CLE,82.7,91.1,-8.4,34.3,4,34.3,4.2,5.6,4.9,8.6,33.3,38,16,95.64,9.7,127
Georgios Kalaitzakis,OKC,95.7,124.9,-29.3,9,0.6,10.7,2.6,7.4,4.8,17.9,53.7,53.6,20,99.61,4.3,441
Jamorko Pickett,DET,109.1,108.8,0.3,5.7,1.4,11.1,3.2,14.1,8.6,7.9,49,49.1,13.3,101.87,5.7,374
Petr Cornelie,DEN,102.3,96.5,5.8,11.5,0.75,12.5,15.9,21.9,18.4,16.7,36.7,41.8,20.8,109.36,4.6,88
Sharife Cooper,ATL,62.1,106,-43.9,31.3,1,20.8,0,14.7,6.2,20.8,25,25,20.2,106.36,0,87
Isaiah Todd,WAS,87.7,103.2,-15.6,9.5,1,10.8,3.4,12.3,7.5,10.8,34.6,34.9,18.8,99.69,3.3,154
Marcus Garrett,MIA,114.1,108.3,5.8,6.9,3.5,21.9,7.2,10.8,9,6.3,26.2,28,8.6,95.45,1.6,256
Yves Pons,MEM,85.3,106.5,-21.3,2.4,1,5.3,5.5,8.2,6.8,5.3,40.6,38.5,9.6,104.49,2.9,156
Braxton Key,DET,113.2,105.2,8,7.7,1,11.1,5.8,18.7,11.8,11.1,50,50.8,18.4,102.5,8.4,418
Myles Powell,PHI,106.3,121.4,-15.1,8.8,1,12.5,1.9,9.8,5.8,12.5,32.4,36.4,16.3,102.79,-0.3,111
Trevelin Queen,HOU,112.9,107.3,5.6,7.4,0.57,8.9,9.1,13.4,11.1,15.6,59.1,61.9,21.9,105.43,10.8,163
Xavier Moon,LAC,112.9,111.5,1.4,24.5,4,28.9,1.4,7.2,4.5,7.2,53.9,54.5,17.7,103.08,10,294
Jeff Dowtin Jr.,ORL,97.4,109.6,-12.3,13.9,2,24.4,6.5,9.7,8,12.2,32.7,35.3,11.9,101.76,5,230
Marko Simonovic,CHI,105.4,104.2,1.2,0,0,0,12.2,11.9,12,9.1,30,42.8,24.7,99.59,3.3,74
Xavier Sneed,UTA,93.8,97.6,-3.8,3.6,0,9.1,4.1,11.1,7.1,0,25,25,10.9,101.04,0.6,80
Hassani Gravett,ORL,105.8,107.6,-1.8,17.7,2.22,29,0.6,11.4,6.3,13,61.8,62.9,13,95.95,8.4,344
Joel Ayayi,WAS,94.7,82.5,12.2,36.4,0,40,3.7,10.5,6.5,0,16.7,16.7,13.3,92.6,5.9,38
Aaron Henry,PHI,71.1,127,-56,0,0,0,0,4.8,2.4,28.6,20,20,14.9,105.99,-7.9,38
Aleem Ford,ORL,98.6,120.7,-22.1,4.3,0.5,7.7,2.8,16,9.9,15.4,35,35,14.8,93.68,2.2,142
Carlik Jones,DEN,88.7,121.8,-33.1,41.7,1.67,27.8,4.2,6.9,5.7,16.7,11.1,20.2,22,111.44,1.6,53
Chaundee Brown Jr.,ATL,104.1,112.8,-8.7,5.6,4,10,0.9,13.9,7.1,2.5,40.6,44.7,14.6,101.18,4.9,218
McKinley Wright IV,MIN,102.4,128.2,-25.8,23.1,3,42.9,0,0,0,14.3,83.3,83.3,8.2,103.04,6,42
Eugene Omoruyi,DAL,100,88.1,11.9,16.7,0,22.2,11.1,27.8,19.4,0,50,51.8,15.6,110.46,13.8,40
Gabriel Lundberg,PHX,121.4,103.1,18.3,26.8,3.67,33.3,4,11.9,7.6,9.1,34.2,34.2,19.1,105.88,4.7,98
JaQuori McLaughlin,DAL,100,134.6,-34.6,20,0,50,0,0,0,0,0,0,6.5,114.5,-2.1,26
Jay Huff,LAL,88.6,52.2,36.5,7.1,1,20,4,11.1,7.7,20,0,0,8.3,106.67,2,44
Jordan Schakel,WAS,101.6,93.8,7.9,0,0,0,6.3,18.8,12.5,7.7,13.6,21,19.1,99.12,2.1,61
Moses Wright,DAL,100,121.9,-21.9,18.2,0,28.6,8.3,14.3,11.5,0,25,47,13.9,104.25,10.6,32
Zavier Simpson,OKC,98.6,125.1,-26.5,25,3,31.9,1,11.4,5.8,10.6,37.5,40.6,15.8,97.75,5.9,354
Cameron McGriff,POR,122.3,115.1,7.3,8.6,0,16.7,9.8,20.9,14.4,0,42.9,47,12.2,97.64,8.4,94
Cat Barber,ATL,131,96.4,34.6,20,3,30,9.1,28.6,16.7,10,0,0,21.9,106.46,-7.4,29
Craig Sword,WAS,102.9,94.6,8.3,10,1,16.7,0,0,0,16.7,75,75,12.5,91.03,3.3,35
Jarron Cumberland,POR,144,103.8,40.2,10,0,33.3,5.9,18.2,10.7,0,50,50,6.1,99.38,5.8,25
Jon Teske,MEM,82.4,89.5,-7.1,16.7,0,33.3,0,28.6,11.1,0,0,0,10,111.6,0,17
Micah Potter,DET,60.3,116.7,-56.4,0,0,0,9.5,12.5,11,8.3,45.5,50.5,14.8,112.51,9.3,73
Arnoldas Kulboka,CHA,50,150,-100,0,0,0,0,0,0,0,0,0,7.1,108.68,-11.4,12
David Johnson,TOR,50,125,-75,0,0,0,0,0,0,0,0,0,14.3,120.91,-16.7,6
Feron Hunt,NYK,72.2,82.4,-10.1,20,1,25,9.1,0,4.2,25,0,0,13.6,100.4,-8.3,18
Gabe York,IND,105.8,120.4,-14.6,22.2,4,28.6,0,14.3,6.1,7.1,35.7,43.5,17.9,113.78,4.4,52
Jaden Springer,PHI,69.2,141.7,-72.4,0,0,0,14.3,12.5,13.3,50,100,100,11.8,106.51,18.4,13
Jordan Goodwin,WAS,40,150,-110,0,0,0,0,20,7.7,0,0,0,25,72.81,-28.6,10
MJ Walker,PHX,70,89.5,-19.5,16.7,0,20,0,14.3,4.8,0,0,0,13.8,111.52,-5,20
Mac McClung,LAL,124.5,105.4,19.2,5.9,0.33,10,0,10.7,6.7,30,58.3,62.1,16.4,107.29,2.4,53
Paris Bass,PHX,94.4,93.8,0.7,0,0,0,20,22.2,21.1,22.2,33.3,43.6,36,110.52,8.9,18
Rob Edwards,OKC,50,109.1,-59.1,0,0,0,0,21.4,10.3,20,37.5,37.5,22.7,92.9,8,20
Scottie Lewis,CHA,100,111.8,-11.8,20,0,50,0,0,0,0,0,56.8,5.9,117.25,8,15
Shaq Buchanan,MEM,108.7,117.4,-8.7,25,1,25,9.1,14.3,11.1,25,25,25,21.4,112.46,1.2,23
Trevon Scott,CLE,104,84.6,19.4,0,0,0,7.1,8.3,7.7,0,50,50,20.7,107.68,9.8,25
Ade Murkey,SAC,33.3,66.7,-33.3,0,0,0,0,0,0,0,0,0,0,98.18,0,3
Ahmad Caver,IND,200,66.7,133.3,0,0,0,0,0,0,0,100,100,50,142.29,40,2
DeJon Jarreau,IND,200,100,100,0,0,0,0,0,0,0,0,0,0,111.41,0,2
Jaime Echenique,WAS,20,50,-30,0,0,0,0,0,0,0,0,0,0,70.43,0,5
Javin DeLaurier,MIL,171.4,114.3,57.1,0,0,0,0,25,20,0,0,0,0,120,5.1,7
Jaysean Paige,DET,43.8,113.3,-69.6,33.3,1,20,0,9.1,4.3,20,0,0,21.1,112.44,-28.6,16
Matt Ryan,BOS,116.7,91.7,25,0,0,0,0,0,0,0,30,30,35.7,109.71,0,12
Trayvon Palmer,DET,78.8,111.8,-33,0,0,0,0,13.3,6.5,50,0,0,5.3,95.87,-3.7,33
Tyler Hall,NYK,40,140,-100,0,0,0,0,0,0,0,0,0,0,124.14,0,5
Tari Eason,HOU,108.6,113.4,-4.8,7.5,0.87,9.7,10.1,17.2,13.4,11.1,49.3,52.5,18.4,101.96,9.5,3765
Keegan Murray,SAC,118.8,117.1,1.7,5.3,1.63,10.1,3.8,12.3,8,6.2,58.4,59.7,15.6,101.2,7.3,5028
Shaedon Sharpe,POR,110.8,118.4,-7.6,7.9,1.13,10.8,3.7,10.2,6.9,9.5,55.1,56.8,18.6,100.99,7.1,3737
Jabari Smith Jr.,HOU,109.1,120.4,-11.3,5.9,0.97,8.5,4.7,18,11.2,8.7,47.5,51.4,18.3,100.35,7.7,5133
Bennedict Mathurin,IND,111.5,115.8,-4.3,7.8,0.76,8.2,3.7,10.3,6.9,10.8,48.7,56.6,23.5,103.25,8.7,4792
Christian Braun,DEN,107,111.3,-4.3,7,1.69,14.4,4.2,11.2,7.8,8.5,55.4,56.8,12.7,99.87,6.7,2454
Andrew Nembhard,IND,112.3,118.2,-5.9,22.2,2.71,30,1.6,7.8,4.7,11.1,51.2,52.8,15.9,102.78,6.8,4439
Jalen Williams,OKC,111.6,112.6,-1,15.2,2.02,19.9,3.5,10.9,7.1,9.9,56.7,60.1,18,103.46,10.2,4903
Jaden Ivey,DET,107.1,120.1,-13,26.9,1.63,21.9,3,9.4,6.2,13.4,47.7,52.8,25.1,100.5,8.1,4818
Walker Kessler,UTA,115.7,112.7,3,5.7,1.19,11.4,13.3,20.5,17,9.6,72.1,70.2,13,101.47,12.8,3585
AJ Griffin,ATL,113.6,112,1.5,7,1.74,10.9,2.6,8,5.3,6.3,56,57.7,17.4,102.67,7.7,3005
Paolo Banchero,ORL,111.1,115.3,-4.2,17.1,1.35,14.7,3.5,17.4,10.4,10.9,46.5,52.9,27.2,100.66,10.8,5095
David Roddy,MEM,110.6,112.5,-1.9,6.4,1.04,10.4,3.7,10.7,7.1,10.1,50.6,51.9,16.3,102.6,5.6,2686
Jalen Duren,DET,108,116.2,-8.3,6.9,0.82,11.8,13,22.1,17.4,14.5,64.8,65.5,13.9,100.27,11.6,3493
Malaki Branham,SAS,108.3,119.4,-11.1,11.2,1.67,15,1.7,9.8,5.7,9,50.3,52.4,18.8,104.36,6.5,3374
Dyson Daniels,NOP,107.1,106.7,0.4,17.2,2.35,32.2,3.5,14,8.9,13.7,48.3,50.3,11.3,103.17,6.8,2233
Ochai Agbaji,UTA,114.4,114.6,-0.2,7.2,1.63,12.8,3.4,5.8,4.7,7.8,53.2,56.1,15.4,103.39,5.2,2598
Christian Koloko,TOR,112.7,103.7,9,5,1.55,13.5,9.4,11,10.1,8.7,48.3,51.7,10,100.54,4.6,1682
Jabari Walker,POR,104.8,113.8,-9,8,1.17,12.1,7.4,13.5,10.4,10.3,46,49.6,16.4,103.03,6,1331
Jeremy Sochan,SAS,110.6,117.6,-7,13.2,1.46,16.9,6,14,9.8,11.5,48.3,50.9,19.5,102.37,7.4,3101
MarJon Beauchamp,MIL,105.8,112.9,-7.2,7.2,0.78,10.3,5,10.3,7.6,13.2,49.2,51.3,17.5,103.07,5.1,1510
Simone Fontecchio,UTA,105.2,118.3,-13.1,7.9,1.08,10.2,3.6,7,5.2,9.5,47,49.5,19.2,104.96,4.6,1681
Caleb Houstan,ORL,107.6,112.9,-5.3,5.1,1.67,12.6,4.1,8.3,6.2,7.6,48.9,50.8,10.7,100.65,3.8,1706
Jaylin Williams,OKC,111.1,115.7,-4.6,10.9,2.05,20.5,4.5,23,13.1,10,53.4,55.9,13.3,102.18,8,1946
Jaden Hardy,DAL,112.5,115.6,-3.1,14.7,1.41,13.6,1.5,10.6,6.1,9.6,53.3,57.1,24.8,101.37,9,1502
Bryce McGowens,CHA,102.6,112.3,-9.7,9.8,1.26,16.2,2.5,8.8,5.7,12.9,46,51.9,14.7,103.04,5.3,1696
Mark Williams,CHA,105.6,110.3,-4.7,3.3,0.45,5.1,10.6,23.2,17,11.4,63.7,65.9,16.8,102.35,13.3,1767
Max Christie,LAL,106.1,113.2,-7.1,5.4,1.62,14.2,1.2,12.6,6.8,8.8,53.8,56.6,10,103.55,5.8,1106
Ousmane Dieng,OKC,110.3,107.4,2.9,10.8,1.77,17.5,3,14.1,8.5,9.9,49.2,50.5,15.4,102.67,7.4,1218
Dalen Terry,CHI,104.8,101.5,3.3,15.7,2.75,19.6,5.6,11.7,8.7,7.1,49.3,52.3,17.3,102.64,9.1,456
Blake Wesley,SAS,103.3,116.7,-13.4,20.1,1.51,24.6,1.6,10.1,5.7,16.3,36.7,39.3,18,104.74,3.1,1459
Kennedy Chandler,MEM,103,108.4,-5.4,27.8,3.22,35.4,2.9,10.3,6.4,11,43.4,44,15,103.33,8.5,602
AJ Green,MIL,107.9,112.8,-4.9,9.2,2.44,14,1.6,10.5,6.1,5.7,60,60.7,15.9,102.9,7.6,744
Jake LaRavia,MEM,106.4,113.9,-7.6,6.8,1.17,15.2,4.4,10,7.2,13,51.6,53.1,11.7,102.42,4,879
Kevon Harris,ORL,110,109.7,0.3,4.9,0.76,10,5.7,9.2,7.4,13.1,51.4,56.4,12.9,100.87,5.1,959
Orlando Robinson,MIA,110.3,106.6,3.8,8.6,1.56,17.5,10.8,20.1,15.1,11.2,52.8,56.5,11.6,97.6,8.6,862
Patrick Baldwin Jr.,GSW,100.8,113.2,-12.3,8.3,1,8.2,0.4,18.8,9.1,8.2,54.1,54.6,22.7,102.65,9.2,487
TyTy Washington Jr.,HOU,104.9,111,-6.1,15.2,3.36,20.5,0.4,9.9,4.9,6.1,42.2,43.2,17,100.83,5.7,913
Wendell Moore Jr.,MIN,99.4,112.9,-13.5,16.2,2.25,25.4,2.5,8.6,5.6,11.3,44.2,46.5,13.9,108.48,6,342
Dominick Barlow,SAS,105.2,115.9,-10.7,7.9,1.6,17.8,10,13.1,11.5,11.1,53.5,56.7,10.7,105.11,6.4,887
Johnny Davis,WAS,101.7,107.9,-6.2,10,1.65,12.3,2,12.5,7,7.5,43.6,44.6,19.2,102.68,5.1,905
Kenneth Lofton Jr.,MEM,103.3,116.7,-13.4,19.8,1.67,14.7,9.7,19.8,14.3,8.8,55.9,57.2,26.7,99.98,12.9,367
Peyton Watson,DEN,101.6,113.5,-12,8.7,1.38,12.6,4.3,13.9,9.3,9.2,54.2,55.3,17.4,98.91,8.7,383
Moussa Diabaté,LAC,109.2,112.4,-3.2,2.9,0.44,6.1,13.7,10.6,12.3,13.6,52.1,54.6,12.5,102.39,6.8,413
John Butler Jr.,POR,100.6,116.7,-16.1,6.6,11,16.7,1.2,6.5,3.6,1.5,39.6,41.1,10.2,104.97,2.4,487
Jamal Cain,MIA,108,102.5,5.5,7.6,2,12.9,6.4,14.2,10.5,6.5,61.4,64.7,13.9,102.78,11.4,511
Johnny Juzang,UTA,97.8,115.6,-17.7,5.1,2.67,6.8,2.9,12.2,7.3,2.6,40.9,41.1,18.7,105.09,4.9,510
Jack White,DEN,90.4,104.5,-14.1,9.3,2,15.4,8.6,17.7,12.9,7.7,50,51.7,13.3,97.41,8.7,135
Julian Champagnie,SAS,108.2,118.8,-10.6,4.3,0.91,6.4,2.7,14.7,8.5,7.1,58.1,60,18.1,104.51,8.6,697
Keon Ellis,SAC,98,112.2,-14.3,13.6,6,23.1,5.6,6.3,6,3.8,62.5,62.9,12.4,99.57,6.7,147
Tyrese Martin,ATL,106.7,104.4,2.3,4.4,1,7.1,6.5,10.9,8.5,7.1,41.3,44,16.4,99.6,5.4,135
A.J. Lawson,DAL,96.3,116.4,-20.1,3.2,0.67,3.8,4.6,15.2,9.1,5.8,61.4,58.9,18.9,105.96,7.6,240
Dru Smith,BKN,100.3,109.1,-8.8,20.6,7.33,31,1.2,13.2,7.2,4.2,45.6,47.5,13.3,100.44,7.6,332
Josh Minott,MIN,116.3,105.9,10.4,6.5,1.67,10.4,5.4,19.4,12.8,6.3,52.8,58.2,17.6,109.99,10.6,221
Nikola Jovi?,MIA,105.7,109.2,-3.5,7.6,1,10.3,4.3,11.9,7.9,10.3,46.4,53,18.5,99.19,7,422
Vince Williams Jr.,MEM,89.2,104,-14.8,6.2,0.8,8,3,12,6.7,10,35,36.7,17.6,102.57,2.4,223
Jared Rhoden,DET,114.9,110.6,4.3,2.8,1.33,7.4,5.5,13.5,9.4,5.6,44.3,48.2,10.6,98.85,4.1,409
Jason Preston,LAC,110,111.6,-1.6,30.7,2.7,34.2,1.4,17.5,8.4,12.7,50,48.9,16.6,102.38,9.4,261
Isaiah Mobley,CLE,105.9,86.1,19.8,5.4,3,8.8,5.3,17.4,11.9,2.9,48.2,52.1,16.6,97.72,11.1,170
JD Davison,BOS,102.9,108.7,-5.8,23.4,2.75,31.4,3.3,9.3,6.7,11.4,47.4,47.8,15.7,101.54,6.9,140
Ryan Rollins,GSW,73.2,111.3,-38.1,21.4,0.38,13.3,4.3,15.3,9.3,35.6,42.5,50.8,26,104.78,0.9,138
Buddy Boeheim,DET,105.9,103.2,2.7,5.9,0,12.5,2.2,4.3,3.2,0,25.9,28.7,13.1,99.57,-0.3,186
Xavier Cooks,WAS,114.8,107.3,7.4,6.1,0.75,12.8,11.3,15.2,13.3,17,60.7,58.6,12.7,108.76,7.8,284
Jordan Hall,SAS,94.9,108,-13.1,22,1.57,22,3.3,12.9,7.5,14,37.5,43.8,19.7,101.91,5.4,175
Quenton Jackson,WAS,104.6,111.3,-6.7,15.5,3.75,21.1,1.4,4.4,2.9,5.6,46.4,54.2,16.4,107.53,7.1,303
Ron Harper Jr.,TOR,119.8,98,21.8,10.8,0,20,5.4,9.3,7.1,0,59.4,60.8,13.6,98.02,9.8,96
Cole Swider,LAL,116.5,113.2,3.3,10.5,0,30.8,2.4,15.8,8.8,0,50,50,8.9,106.18,5.5,91
Kendall Brown,IND,107.2,99,8.2,9.1,1.5,23.1,5.1,8.9,7.1,15.4,57.1,57.1,9.3,117.93,4,97
Scotty Pippen Jr.,LAL,89.4,90.9,-1.5,12.5,1,10,5,5.7,5.3,10,37.5,43.9,23.1,100.52,5.1,66
Dereon Seabron,NOP,116,79.2,36.8,0,0,0,6.7,0,2.9,0,40,40,15.6,101.38,1.1,25
Jamaree Bouyea,MIA,106.5,119.7,-13.2,9.1,1,17.4,1.6,8.6,4.9,17.4,50,50.4,12,93.57,3.9,138
Nate Williams,POR,109.7,120.7,-11,10,2.5,18.5,7,3.9,5.6,7.4,65.4,65.7,13.9,106.95,6.7,279
Trevor Hudgins,HOU,105.3,98.3,7,17.6,3,21.4,0,0,0,7.1,33.3,43.6,17.7,97.41,3.2,57
Darius Days,HOU,109.4,109.6,-0.2,6.7,0,7.1,3.4,22.7,11.8,0,54.2,58.2,21,100.87,14.5,53
Justin Minaya,POR,108.2,120.2,-12,5.6,1,12.9,3,13.5,8,12.9,37,36.3,12.3,105.08,2.2,196
Lester Quinones,GSW,112.2,97.6,14.6,12.5,0.4,13.3,7.1,8.7,8.1,33.3,60,65.4,28.3,108.63,7.3,41
Trevor Keels,NYK,42.1,136.8,-94.7,0,0,0,0,25,10.5,0,37.5,37.5,21.1,113.43,5.8,19
Chima Moneke,SAC,72.2,129.4,-57.2,25,0.5,16.7,25,0,14.3,33.3,50,34.7,25,105.9,-10.5,18
Donovan Williams,ATL,120,60,60,0,0,0,0,40,20,0,40,40,38.5,112.94,16.2,10
Alondes Williams,BKN,83.3,136.4,-53,0,0,0,0,25,11.1,100,0,0,14.3,104.81,-10.8,12
Chance Comanche,POR,95.6,163.6,-68.1,0,0,0,8,6.7,7.5,0,60,51.8,14,102.77,3.9,45
Jacob Gilyard,MEM,101.1,116.1,-14.9,21.2,3.5,58.3,0,9.5,4.4,16.7,50,50,5.2,102.39,5.6,87
Michael Foster Jr.,PHI,0,100,-100,0,0,0,0,0,0,0,0,0,0,92.9,0,2
RaiQuan Gray,BKN,108.2,125.7,-17.5,35,1.75,29.2,7.5,17.6,12.2,16.7,58.3,62.1,20.5,100.56,10.7,73
Stanley Umude,DET,175,80,95,0,0,0,0,0,0,0,0,53.2,50,102.05,25,4
Cason Wallace,OKC,113.9,110,3.9,9.2,2.67,19.2,3.2,7.7,5.6,7.2,60.2,61.2,12.7,101.56,7.1,3574
Chet Holmgren,OKC,118.2,109.2,9,11.2,1.53,14.3,5.6,19.8,13.2,9.3,59.8,63.2,21,102.8,13.3,5150
Jaime Jaquez Jr.,MIA,113.1,110.4,2.8,13.7,1.77,18.1,3.9,9.4,6.7,10.2,53.6,57.4,18.1,98.22,8.4,4319
Keyonte George,UTA,109.6,118.9,-9.3,24.4,1.77,23.3,0.7,9.5,5.1,13.2,48.2,53.3,22.4,100.98,8.1,4264
Brandin Podziemski,GSW,117.5,111.6,5.9,17.6,3.1,27.7,5.8,14.9,10.4,8.9,52.9,54,14.9,100.27,9.4,4120
Brandon Miller,CHA,108.9,119.1,-10.2,11.4,1.33,12,2.5,11.2,6.7,9.1,52.4,55.2,23.5,98.38,8.3,4879
Marcus Sasser,DET,107,115.7,-8.7,26.3,2.62,27.2,0.8,8.5,4.5,10.4,51.6,54.2,19.5,102.01,8.6,2871
Victor Wembanyama,SAS,107.9,111.2,-3.2,21.3,1.05,14.6,7.4,27.3,17.4,13.9,51.9,56.5,31.2,103.4,16.2,4539
Toumani Camara,POR,106.9,111.5,-4.6,7.2,1.04,13.3,7.3,11.9,9.5,12.9,51.6,54.7,13.4,99.35,6.5,3589
Anthony Black,ORL,108,108.9,-1,10.8,1.63,21.2,2.9,9.3,6.1,13,54,56,12.3,100.09,5.4,2423
Duop Reath,POR,109.6,116.8,-7.1,8.8,1.29,10.2,6.9,13.8,10.1,7.9,54.9,57.1,20.2,98.42,8.8,2485
Trayce Jackson-Davis,GSW,114.1,113,1.1,10.3,1.67,15.9,11.4,17.2,14.3,9.5,70.2,69.2,15.7,100.82,12.7,2377
Jordan Hawkins,NOP,113.4,114.3,-0.9,8.4,1.75,11.7,2.4,10,6.1,6.7,50.1,53.3,18.8,100.73,6.7,2450
Ausar Thompson,DET,107.7,113.1,-5.3,10.8,1.43,16.3,7.7,17.3,12.4,11.4,50.5,52.2,16.1,101.67,8.4,3329
Bilal Coulibaly,WAS,107.4,118.4,-11,8.6,1.26,16.1,3.1,11.6,7.2,12.7,50.9,54.3,13.9,103.33,5.7,3687
Amen Thompson,HOU,111.4,109.3,2.1,16.5,1.81,21.4,9.5,18.4,13.7,11.8,54.5,57.6,17.3,102.77,12.1,2965
Kris Murray,POR,106.1,112.1,-6,8.3,1.45,15.3,5.7,10.7,8,10.5,46.3,48.1,13.6,98.81,5.9,2777
Scoot Henderson,POR,106.5,119.6,-13,30,1.58,23.4,2.7,8.3,5.4,14.8,44,48.9,26,99.15,6.7,3638
Gradey Dick,TOR,105.1,119.1,-13.9,7.8,1.36,11.6,2,8.5,5.1,8.6,52.4,54.6,16.7,102.01,5.9,2693
Vasilije Micic,CHA,111.7,114.8,-3.1,30.7,2.65,34.3,1.3,6.3,3.9,13,48.8,52.4,18.9,97.78,7.8,2395
Andre Jackson Jr.,MIL,112.3,119.6,-7.3,11.3,1.79,27.3,7.7,12.7,10.2,15.3,58.5,59.6,9.7,102.32,4.4,1220
Ben Sheppard,IND,118.8,114.2,4.7,7.2,3.53,17.2,1.8,9.2,5.4,4.9,50,52.4,12.5,104.58,4.6,1768
Dereck Lively II,DAL,120.6,115.6,5,6,1.2,13.6,10.6,17.9,14.4,11.4,74.7,72.8,12.4,100.89,10.2,2724
Craig Porter Jr.,CLE,111.7,113.4,-1.6,26.5,2.62,28.4,3.5,13.8,8.8,10.8,53.5,56.4,20.1,97.17,11.3,1313
Nick Smith Jr.,CHA,102.4,114.9,-12.4,13.4,1.51,15,2.3,7.8,4.9,9.9,50,51.1,20.2,97.72,5.6,1479
Julian Strawther,DEN,105.6,115.4,-9.8,12.3,2.04,15.4,0.8,9.6,5.2,7.5,46.2,48.2,19.3,102,5.5,1164
GG Jackson,MEM,104.3,111.4,-7.1,8.2,0.91,7.8,4,11.4,7.6,8.6,51.9,55.4,23.8,100,9.5,2564
Cam Whitmore,HOU,110.6,111.6,-1,5.8,0.72,5.5,4.4,14.8,9.4,7.7,53.9,56.1,25.5,103.65,11,1897
Kobe Brown,LAC,105.7,116.2,-10.5,8.5,2.78,20,4.6,10.5,7.5,7.2,48.9,49,10.4,100.45,4.3,822
Jalen Wilson,BKN,111.4,113,-1.6,9.5,2.37,17.2,6.8,12.8,9.7,7.3,49.2,53.7,13.8,97.01,7.5,1351
Sasha Vezenkov,SAC,113.9,112.6,1.3,5.1,1.58,8.3,5.8,12.9,9.3,5.3,55.8,56.9,17.1,102.51,8.4,1086
Julian Phillips,CHI,112.1,111.7,0.4,5.2,1.3,12.1,3.5,7.7,5.5,9.3,49.4,52.1,12.1,100.9,3,675
Olivier-Maxence Prosper,DAL,99.6,112.8,-13.2,9.5,2.75,14.4,6.2,15.3,10.4,5.2,44.7,49.6,15.3,104.65,8.2,738
Taylor Hendricks,UTA,110.2,118.2,-8.1,5.1,1.19,10.3,5.3,15.9,10.6,8.7,56,57.8,13.5,101.11,7.4,1802
Rayan Rupert,POR,104.3,114,-9.8,13.1,2,23.3,3.4,11.5,7,11.7,42.2,45.1,13.1,99.68,4.3,1317
Maxwell Lewis,LAL,73.1,105.8,-32.6,10.9,0.6,15.8,1.8,1.9,1.9,26.3,21.4,24.6,12.7,105.73,-3.1,227
Jarace Walker,IND,117.3,114.6,2.7,13.8,2.35,23.4,3.6,15.9,9.6,9.9,50.9,52.7,15.5,104.41,8,740
Brice Sensabaugh,UTA,109.3,123.5,-14.2,13.4,1.17,16.3,2.7,15.1,8.8,13.9,46.8,51.1,20.1,101.44,6.5,1236
Ricky Council IV,PHI,112.5,109.8,2.7,8,3.2,9.8,4.6,11.5,7.8,3,53.6,60.4,20.8,103.1,11.1,618
Colby Jones,SAC,104.8,103.3,1.5,15.9,2,19,7.6,12,9.7,9.5,40.8,42.2,17.8,99.51,5.3,399
Jalen Pickett,DEN,102.3,104.8,-2.4,25,2.33,31.3,0.9,10,5.7,13.4,55.7,57.1,16.4,100.31,7.6,257
Leaky Black,CHA,105.1,109.2,-4,11.7,4,27,3.1,13.2,8.1,6.7,56.7,58.9,9.9,99.44,7.9,587
Nathan Mensah,CHA,94.9,114.5,-19.6,4.3,0.64,15.8,8.7,12.7,10.5,24.6,42.9,49.6,6.8,99.71,0.7,633
Trey Jemison III,MEM,106.5,113.8,-7.3,6.9,0.79,13,10.5,13.1,11.7,16.3,55.1,58.2,13.2,98.01,6.6,1161
Collin Gillespie,DEN,111.7,109.2,2.5,16.4,1.93,23.5,0.4,8.5,4.5,12.2,57.2,58.6,16.6,99.78,7.1,470
Gui Santos,GSW,113.4,110.1,3.4,9.7,2,16.7,7.9,15.3,11.5,8.3,60,65.6,14.2,101.95,10.1,409
Noah Clowney,BKN,104.8,111.7,-6.9,7.4,1.2,12.9,6.6,14.6,10.5,10.8,60.2,62.6,13.7,99.61,9.7,767
Onuralp Bitim,CHI,106.6,115.1,-8.5,6.9,1.3,11.9,2.2,9.6,5.8,9.2,45.2,46.4,14.9,99.94,3.5,559
Ibou Badji,POR,95.5,112.3,-16.8,8.8,0.87,23.2,8.1,14,10.9,26.8,63.6,62.3,7.9,100.97,3.3,470
Javon Freeman-Liberty,TOR,102.6,120.7,-18.2,14.3,1.6,19.4,3.8,14.1,8.7,12.1,48.4,54.7,17,102.12,8,856
Chris Livingston,MIL,102.5,116.8,-14.3,7.5,1,14.7,3.7,22.2,13,14.7,52.3,54.7,13.6,104.18,5.3,197
Jalen Hood-Schifino,LAL,88.9,111.9,-23,12.9,0.89,11.1,1.7,9.6,5.7,12.5,24.4,31.6,24.2,103.5,-1.8,235
Jules Bernard,WAS,111.2,104.9,6.3,14.2,2,17.6,5.6,10.6,7.9,8.8,53.9,54.4,18.9,105.63,8.6,331
Hunter Tyson,DEN,100.9,98.1,2.7,5.9,1,8.3,2.2,14.8,9,8.3,50,50,18.6,110.55,3.8,113
Jett Howard,ORL,95.2,91.9,3.3,16.2,2,14.6,1.6,8.2,5.1,7.3,45,45.7,22,106.44,6.7,147
Kobe Bufkin,ATL,97.1,105,-7.9,23.3,2.7,20.5,2.8,13,7.8,7.6,41.8,42.4,22.1,102.12,7.7,416
Leonard Miller,MIN,104.9,101.7,3.2,20,8,26.7,8.9,30,18.9,3.3,70,69.4,15.7,110.84,17.8,123
Tosan Evbuomwan,DET,103.6,119.2,-15.6,6.3,1.78,14.8,4.7,12.2,8.2,8.3,59.2,61.6,10.8,99.06,6.4,752
Colin Castleton,LAL,82.4,117.6,-35.2,10.7,1,12,9.4,11.8,10.4,12,56.3,64.4,15.7,101.56,7.8,125
Terquavion Smith,PHI,112.5,118.4,-5.9,19.4,1.71,17.9,0,4.9,2.3,10.4,53.3,53.9,24.2,112.48,7.2,200
Emoni Bates,CLE,93.3,124,-30.7,12,1.25,14.5,0.7,11,5.4,11.6,40.8,40.4,19.6,97.76,3,270
Jermaine Samuels Jr.,HOU,104.4,114,-9.6,6,0,16.7,5,16.7,10.8,0,64.3,67.2,9.8,108.56,9.6,136
Jalen Slawson,SAC,105.3,114.9,-9.5,7.1,1,20,2.7,16.2,9.5,20,66.7,66.7,8.8,96.71,4.6,75
Sidy Cissoko,SAS,105.8,97.1,8.7,9.5,3.33,18.9,5.5,8.2,6.9,5.7,50,56.8,12.4,105.25,7.1,308
Mouhamadou Gueye,TOR,80,110.9,-30.9,8.1,0.42,8.5,8.7,8,8.4,20.3,28.9,31,18.9,102.25,0.2,255
Amari Bailey,CHA,111.4,106,5.4,15.2,1.75,18.4,9.8,4.1,6.7,10.5,35.4,42.5,20.7,98.77,5.8,132
Tristan Vukcevic,WAS,109.2,98.8,10.4,12,1.3,13.1,4.2,16,10.9,10.1,50.7,55.4,23.3,105.6,9.4,336
Adama Sanogo,CHI,115.3,93.6,21.7,0,0,0,25.3,26.6,25.9,13.5,51.9,55.8,21,104.01,14.9,144
Jacob Toppin,NYK,98.7,118.4,-19.8,14.3,3,21.4,7.7,14.8,10.6,7.1,61.1,65.8,13.3,94.99,9,75
Jordan Walsh,BOS,120.1,90.2,29.9,6.8,1.67,20.8,5.3,15.3,10.4,12.5,46.7,47.2,9.2,98.33,5.8,169
Keyontae Johnson,OKC,100,105.8,-5.8,8.5,1,16.7,6.5,9.5,8,16.7,34.4,34.4,12.8,100.42,1.5,139
Seth Lundy,ATL,102.7,114.4,-11.7,0,0,0,2.2,11.8,7.2,5,32.4,37.3,16.8,102.49,-0.2,111
E.J. Liddell,NOP,98.1,109.8,-11.7,6.7,0.5,10,0,21.7,10.6,20,16.7,29.1,14.8,108.13,4.5,53
Jordan Miller,LAC,95.2,119.7,-24.4,0,0,0,10.3,5.7,7.8,9.1,61.1,65.8,15.3,105.56,8.4,63
Matt Hurt,MEM,98.7,104.8,-6,6.2,2,9.8,7,6,6.5,4.9,42.6,45.3,13.4,98.34,5.4,233
Oscar Tshiebwe,IND,114.9,98.9,15.9,6.5,0,7.7,16.7,22.9,19.3,0,50,55.3,20.5,108.21,16.5,94
Pete Nance,CLE,61.5,103.8,-42.2,0,0,0,0,13.6,6.1,12.5,25,21.8,13.8,92.14,-4.2,52
D'Moi Hodge,LAL,86.4,130.6,-44.2,22.7,5,22.7,0,0,0,4.5,43.3,44.1,17.2,100.67,2.7,88
Malik Williams,TOR,93.2,118.1,-24.9,2.9,0.67,5,12.7,19.7,16.2,7.5,27.9,27.2,14.8,99.37,2.7,220
Maozinha Pereira,MEM,99.2,96.5,2.7,2.7,0.4,4.3,7.7,20.6,13.8,10.9,58.6,60.9,14.3,101.42,12.6,258
Alex Fudge,DAL,81.8,129.1,-47.3,0,0,0,8.7,2.9,6.2,11.1,43.3,47.2,17.6,103.84,5.2,88
Jordan Ford,SAC,128.9,100,28.9,11.8,2,18.2,0,10,5.1,9.1,71.4,76.1,18.4,97.91,11.9,45
Mouhamed Gueye,ATL,89.9,115.1,-25.2,9.1,4,12.9,11.1,18.8,14.3,3.2,41.3,46.8,14.4,104.51,7.9,158
Pat Spencer,GSW,96.4,111.1,-14.7,27.8,5,50,6.5,7.7,7,10,50,50,7.7,102.92,8,56
Andrew Funk,CHI,110.3,93.3,17,0,0,0,0,0,0,0,0,0,10.8,105.67,-4.5,29
Timmy Allen,MEM,92.6,114.4,-21.8,6,2.5,16.1,2.5,11.3,6.1,6.5,26.1,27.2,8.4,99.48,-0.2,256
D.J. Carton,TOR,81.5,122.8,-41.3,15,3,21.4,5.1,4.3,4.7,7.1,43.8,53.9,12.5,108.07,6,81
Dexter Dennis,DAL,89,100,-11,36.4,1.33,15.4,2.5,21.1,11.5,11.5,55.3,54.1,27.8,118.13,16.4,73
Henri Drell,CHI,120.6,113.4,7.2,15.4,2,23.5,2.9,11.1,6.5,11.8,50,50.6,15.5,108.3,4.3,68
Taze Moore,POR,95.7,122.2,-26.6,20.8,1.67,17.9,7.5,10.8,8.9,10.7,44.7,45.3,20.9,108.3,7.3,92
Drew Peterson,BOS,132,116,16,4.5,1,12.5,0,4.2,2.2,12.5,91.7,91.7,12.3,105.8,8.8,50
Filip Petrusev,SAC,110,80,30,0,0,0,0,8.3,5.6,0,50,52.1,15,103.11,2.6,20
Adam Flagler,OKC,109.7,109.7,0,36.4,0,36.4,0,0,0,0,21.4,21.4,21.2,106.16,1.3,31
Dariq Whitehead,BKN,110.9,153.7,-42.8,14.3,0,33.3,0,19,7.8,0,20,25.5,9.4,109.08,3.5,55
Dmytro Skapintsev,NYK,75,60,15,0,0,0,0,0,0,0,0,0,25,101.25,-16.7,4
Isaiah Wong,IND,75,122.2,-47.2,0,0,0,0,0,0,0,33.3,33.3,37.5,95.25,0,8
Izaiah Brockington,NOP,150,100,50,0,0,0,12.5,16.7,14.3,0,40,40,38.5,120.59,12.8,8
Jalen Crutcher,NOP,120,100,20,0,0,0,0,0,0,0,0,0,16.7,90.57,-8,5
Kaiser Gates,NOP,81.3,88.2,-7,0,0,0,0,9.1,4.5,0,0,0,22.2,106.55,-15,16
Malcolm Cazalon,DET,183.3,100,83.3,0,0,0,0,0,0,0,0,0,0,111.48,0,6
Markquis Nowell,TOR,128.6,62.5,66.1,100,0,50,50,0,28.6,0,0,53.2,22.2,102.37,35.7,7
Bub Carrington,WAS,102.8,118,-15.2,21.3,2.58,28.3,1.2,11.7,6.4,11,49.3,51.4,15.4,103.06,7.1,5279
Ronald Holland II,DET,109.8,110.9,-1,9.5,1.14,13.2,3,13.6,8.3,11.6,51.7,55.6,17.7,101,7.8,2652
Stephon Castle,SAS,111.8,116.6,-4.7,23.1,1.88,20.1,3.9,9.2,6.6,10.7,47.6,52.2,25.3,101.89,8.7,4580
Matas Buzelis,CHI,110.4,112.1,-1.7,7.2,1.07,10.4,3.5,13.3,8.5,9.8,54.1,57.1,18.1,105.38,7.9,3328
Jaylen Wells,MEM,116.7,111.9,4.7,8.2,1.96,14.4,4,8.3,6.1,7.4,52.7,56,15.6,104.64,6.5,4444
Dalton Knecht,LAL,112.2,114.9,-2.8,6.7,1.78,9.5,2.6,11.6,7.3,5.3,57.6,59.4,18.1,98.26,8.7,3063
Jamal Shead,TOR,105.5,113.3,-7.8,30.7,2.7,32.8,1.9,5.7,3.7,12.1,47.6,49.9,17.9,102.18,7,3127
Zaccharie Risacher,ATL,112.3,115,-2.7,6.8,1,9,4.4,9.9,7.1,9,53.7,55.8,20.3,104.57,7.1,4011
Ryan Dunn,PHX,110.4,115.1,-4.7,5.9,1.43,9.6,6.3,11.7,9,6.8,51.6,51.7,16.1,98.59,5.9,2882
Tristan da Silva,ORL,106.1,110.3,-4.2,10.5,2.02,16.6,4.2,11.4,7.6,8.2,49.5,52.2,14.9,96.97,7.4,3295
Yves Missi,NOP,107.8,120.5,-12.7,7.2,1.21,12.9,12.2,17.7,14.9,10.7,54.7,57.2,14.1,99.85,9,4069
Kyle Filipowski,UTA,107.7,118.9,-11.3,14,1.37,17,7,21.3,14,12.4,57.6,59.4,18.4,102.46,10.3,3248
Isaiah Collier,UTA,108.3,118.6,-10.4,34.2,2.14,34.9,1.7,10.4,6.1,16.3,45.9,49.4,18.6,102.44,7.7,3927
Kyshawn George,WAS,105.4,115.5,-10.1,13.3,1.74,19.8,2.5,12.2,7.4,11.4,47.6,50.3,15.6,102.7,5.8,3869
Alex Sarr,WAS,102.7,116.4,-13.7,13.9,1.41,13.7,6,15.8,10.8,9.7,45.7,48.2,23,104.3,8.4,3939
Donovan Clingan,POR,109.9,109.7,0.2,8.1,1.07,14.6,14.4,21.8,17.9,13.7,56,57.4,13.5,101.68,10.5,2801
Zach Edey,MEM,116.8,111.5,5.3,5.9,0.74,10.2,15.3,20.4,17.9,13.9,60,62.4,15.6,104.2,11.1,3074
Kel'el Ware,MIA,112.8,110.9,1.9,6.2,1.05,9.8,8.7,23.8,16.7,9.3,59.2,60.3,16.9,98.6,11.9,2914
Jonathan Mogbo,TOR,103.7,111.9,-8.2,16,2.09,24.1,7.6,15.7,11.4,11.5,46.2,49.6,14.5,102.69,8.3,2743
Oso Ighodaro,PHX,109.4,110,-0.6,9.5,1.82,22.3,6.3,14.3,10.4,12.2,60.4,61,10.3,99.05,7.3,2154
Tidjane Salaün,CHA,99.4,111.2,-11.9,9.2,1.28,14.2,5,16.8,10.6,11.2,41.4,45.7,15,98.5,6.5,2545
Jamison Battle,TOR,105,113.4,-8.4,7.3,1.96,12.2,3.2,11.7,7.2,6.2,58.1,59,14.7,102.32,7.2,2222
Adem Bona,PHI,107.4,114,-6.6,4.3,0.44,8.4,9.7,16.4,13,18.9,70.3,71.4,13.5,100.51,9.3,1900
Pelle Larsson,MIA,111.1,108.7,2.4,11.6,2.71,20.4,3.6,8.1,5.8,7.5,51.7,54.6,14.1,98.71,5.5,1595
Dillon Jones,OKC,108.9,102.9,6,14.3,2.07,25,5,15.3,10.2,12.1,44.4,46.4,13.1,101.09,6.6,1164
Ja'Kobe Walter,TOR,108.6,111.1,-2.4,10.5,1.62,14.5,4.9,9.2,7,8.9,48.7,52.3,17.9,101.29,6.8,2316
Reed Sheppard,HOU,108.5,111.1,-2.7,15.3,2.03,20.9,2.2,8.6,5.4,10.3,45.2,46.5,17.1,104.93,6,1425
Cody Williams,UTA,103,118.5,-15.5,7.8,1.34,15.6,2.4,7.5,4.9,11.6,39.1,41.9,12.2,103.19,2.1,2284
Johnny Furphy,IND,106.1,105.4,0.6,6.3,1.58,14.4,6,12.6,9.3,9.1,46.2,50.6,11.8,105.49,5.9,842
Rob Dillingham,MIN,112.3,111.1,1.2,28.3,1.85,26.6,2.2,7,4.6,14.4,50,50.3,21.5,101.82,7.8,1097
Jaylon Tyson,CLE,108.4,108.8,-0.4,13.5,1.69,19.1,7.6,11.7,9.7,11.3,49.7,52.3,16.4,101.31,7.5,957
Antonio Reeves,NOP,107.3,117.5,-10.2,8.9,1.3,11.8,2.6,7,4.7,9.1,55.8,57.9,18.3,101.12,7.2,1386
Justin Edwards,PHI,111.6,123.2,-11.6,8.4,1.41,13.3,3.8,9.4,6.5,9.5,54.6,55.9,16.5,99.43,6.2,2391
Karlo Matkovi?,NOP,109.4,114.1,-4.7,8.3,1.07,13.5,7.9,17.7,12.9,12.6,61.9,63.9,15.5,101.91,9.6,1674
Quinten Post,GSW,111.5,109.1,2.4,13.1,1.7,14.9,4.9,16.6,10.6,8.8,58.2,59.5,19.7,100.02,9.5,1433
Tyler Kolek,NYK,104.1,104.4,-0.3,32.1,3.89,39.3,2.7,5.9,4.3,10.1,41.5,45.3,15.2,102.35,7.2,632
Isaac Jones,SAC,104.6,115.1,-10.5,5.7,0.75,9.5,7.1,12,9.5,12.7,66.9,67.8,15.2,102.68,8.7,652
Jaylen Clark,MIN,115.2,109.6,5.6,6.7,3.25,15.1,4.7,5.3,5,4.7,55.8,59.8,11.5,101.98,5.7,1101
Ajay Mitchell,OKC,110,100.2,9.7,15.3,2.21,22.1,2.8,8,5.3,10,55.7,58.7,15.9,100.63,8.2,1254
Devin Carter,SAC,113.1,109.3,3.9,13.9,2.28,19.9,4.4,14.7,9.3,8.7,44.1,47.1,16.9,100.14,7,831
KJ Simpson,CHA,101,116.4,-15.4,21,2,22.8,4.2,8.1,6,11.4,40,43.7,18.8,99.1,6,1734
Reece Beekman,BKN,98.5,110.4,-12,20.5,3,31.3,2.4,6.1,4.1,10.4,36,40,12.2,99.16,5.1,969
Branden Carlson,OKC,115.1,105.8,9.4,7.7,2,11.1,6.4,13.1,9.9,5.6,55.7,58.1,18.5,103.83,10.1,529
Terrence Shannon Jr.,MIN,107.8,107,0.8,13.9,2.13,18.8,2.9,10,6.5,8.8,53.1,56,16.6,103.77,8.2,735
Baylor Scheierman,BOS,109.9,105.8,4.1,12,2.75,20.5,4.8,11.7,8.3,7.5,47.3,49,14.3,95.28,7.4,761
Keaton Wallace,ATL,106.2,108.4,-2.2,22.4,2.45,28.8,1.3,8,4.7,11.7,48.5,50.3,16.4,102.77,7.4,1075
AJ Johnson,WAS,104.1,115.6,-11.5,17.8,2.17,22.3,1.1,7.3,4.2,10.3,44.1,48,17.3,100.83,5.3,1342
Bronny James,LAL,95.5,114.1,-18.6,19.1,1.69,20.4,2.1,7.6,4.8,12,38.1,42.4,19.9,99.45,5,375
Ariel Hukporti,NYK,97.6,110.1,-12.4,7.5,0.52,15.9,6.6,15.1,11.2,30.4,67.7,65.4,11.3,102.57,4.8,462
Cam Spencer,MEM,116.4,109.6,6.8,18.2,5.67,26.2,4.3,7,5.6,4.6,53,58.7,14.8,103.04,8.7,543
Trey Alexander,DEN,94.2,105.1,-10.9,13.6,2.2,18.6,0.8,8.7,4.7,8.5,35.4,37.4,16.5,105.44,2.9,259
Jared McCain,PHI,109.3,111.4,-2.1,17.1,1.62,15.2,2.2,7.6,4.8,9.3,55.3,58.9,24.3,98.18,10.6,1210
Tyler Smith,MIL,103.4,96.3,7.1,5.6,0.5,6.2,5,14.3,9.8,12.3,61,62.6,20.5,105.22,12.3,261
Enrique Freeman,IND,104.4,110.7,-6.3,6.2,1.5,15,5.4,10.6,7.8,10,44.6,50.7,10.9,107.55,4,409
Yuki Kawamura,MEM,114.6,102.5,12.1,25.7,3.8,32.8,0,11.4,6.3,8.6,48.3,53,16.7,106.19,8.6,206
Alex Ducas,OKC,99.6,106.3,-6.7,5.8,1.25,12.5,6,11.9,8.8,10,56.7,58.3,11.5,102.63,6.5,266
Spencer Jones,DEN,89.4,107.4,-18,6,1,11.1,5.7,6.7,6.2,11.1,33.8,36.8,12.8,104.76,1.3,274
PJ Hall,DEN,91.9,91.3,0.5,11.8,2,12.5,7.9,21.9,14.8,6.3,62.5,64.1,17.6,99,16.8,135
Pacôme Dadiet,NYK,103.8,113,-9.2,6.3,1.25,11.9,2.8,12.8,8,9.5,41.9,44.6,14.2,100.38,4.7,235
Jaylen Martin,WAS,93.6,120.7,-27.1,12,1.42,16,4,14.1,8.6,11.3,46.6,49.7,15.5,100.58,7.4,502
Jazian Gortman,DAL,103.8,99.2,4.6,15.4,1.2,17.1,1.6,6.5,4,14.3,47.8,48.5,19.5,109.79,3.1,132
Keshad Johnson,MIA,105.5,104.1,1.3,5.8,1,10.5,6.7,18.8,13.6,10.5,75,71.8,14.5,106.64,11.4,219
Alex Reese,PHI,117.3,111.8,5.5,2.3,0.67,5.8,4.1,16.1,10.3,8.7,62,64.1,12.3,104.64,7.9,468
Damion Baugh,CHA,99.5,121.8,-22.3,23.5,1.81,25,3.3,9.8,6.4,13.8,36.9,39.9,18.6,99.5,5.1,769
Isaiah Crawford,SAC,112,92.7,19.3,2.9,1,6.7,2.3,14.9,8.8,6.7,50,50.9,12.2,103.01,7,100
Keion Brooks Jr.,NOP,100.7,121.2,-20.5,6.2,1.08,8.8,3.4,13.6,8.4,8.2,55,58.1,16.9,101.63,7.9,702
Cam Christie,LAC,97.6,105.6,-7.9,16.7,3,17.6,5.1,14.1,9.8,5.9,33.3,34.9,19.2,103.12,7,126
Liam Robbins,MIL,80.3,85.6,-5.3,5.6,0.33,9.5,11.1,8.5,9.8,28.6,25,36.3,12.8,106.17,-2.5,127
Luke Travers,CLE,109.1,109.7,-0.5,11.3,1,21.6,8.4,10.8,9.7,21.6,25,28.7,13.2,101.62,2.2,186
Kylor Kelley,LAL,101.4,130.5,-29.1,5.6,1.25,13.9,7.9,19.4,13.4,11.1,63.6,64.4,9.7,104.42,7.2,276
RayJ Dennis,IND,113.5,86.3,27.3,25.5,2.8,26.4,2.5,11.6,7.3,9.4,42.4,44.3,21.2,105.02,11,155
Elijah Harkless,UTA,113.2,103.5,9.7,7.3,2.67,16.3,5.8,9.2,7.4,6.1,41.4,42.5,12,99.3,3.7,287
Marcus Bagley,PHI,101.1,117,-15.9,5.6,1.43,11,7.8,17.5,12.4,7.7,42.8,45.6,12.8,102.58,7.7,542
Anton Watson,NYK,103.9,119.2,-15.3,12.5,1,15.4,5,11.8,8.1,15.4,44.4,44.4,19.3,111.52,3.3,51
Armel Traore,LAL,81.9,119.3,-37.3,2.6,0.33,3.8,2.6,22.8,11.1,11.5,31.6,31.7,15.3,102.24,2.7,144
Drew Timme,BKN,102.8,115.5,-12.6,13.7,1.33,14,6,19.4,12.3,10.5,48.5,50,20.5,100.3,8.6,531
Jack McVeigh,HOU,84.7,93.9,-9.2,3.8,0.5,5,3.9,5.6,4.8,10,41.2,41.2,17.6,109.32,2,98
Bobi Klintman,DET,121.4,117.2,4.2,21.2,7,36.8,2.4,18.2,9.5,5.3,70,68.9,12.1,96.83,9.5,84
Jalen Bridges,PHX,98.4,88.7,9.7,0,0,0,0,12.1,6.2,30.8,42.9,51.4,19.7,98.77,2.6,63
Tristen Newton,MIN,83.3,97.6,-14.2,18.2,1,16.7,7.1,11.1,8.7,16.7,12.5,17.8,18.5,123.38,-6.8,42
Daniss Jenkins,DET,102.3,108.2,-5.8,20,3,20,0,18.2,5.4,6.7,35,32.2,23.1,97.06,0,43
Tyson Etienne,BKN,98.8,119.3,-20.5,12.6,1.5,15.6,1.8,4.6,3,10.4,45.2,48.8,17.7,105.16,2.4,330
Ulrich Chomche,TOR,96.9,140.3,-43.4,11.1,1,20,12.9,18.2,15.1,20,40,42.5,10.8,94.73,2,65
Daeqwon Plowden,ATL,104,84.2,19.8,4.7,0.5,6.3,5.7,9.3,7.6,12.5,82,83.1,18.1,101.64,12.2,151
Emanuel Miller,CHI,120.4,130.4,-10,10.5,0,18.2,16.7,13.8,15.1,0,50,56.3,14.3,106.74,9.2,54
Jackson Rowe,GSW,116.4,103.5,12.9,10,4,16,4.6,16.7,9.7,4,55.9,56,14.2,109.95,10.1,122
Jahmir Young,CHI,110,123.5,-13.5,23.1,6,46.2,4.2,5.9,5.2,7.7,90,93.5,9.2,111.64,10,70
Jaylen Sims,CHA,100.4,120.4,-20,17.6,1.5,21.8,2.5,2.5,2.5,14.5,53.6,60.7,15.9,100.89,5.7,235
Malevy Leons,OKC,61.4,104.7,-43.3,11.1,1,16.7,4,9.5,6.5,16.7,0,26.6,10.2,99.59,-6.9,44
Trentyn Flowers,LAC,88.5,101.7,-13.2,0,0,0,4.2,9.7,7.3,7.7,36.4,44.6,19.4,108.62,2.9,61
Cui Cui,BKN,80.8,76,4.8,0,0,0,0,20,9.5,0,14.3,19,29.6,118.62,-5.6,26
Harrison Ingram,SAS,132,92,40,8.6,3,37.5,6.7,17.5,12.9,12.5,50,50,6,103.6,8,75
Nae'Qwan Tomlin,CLE,96.4,92,4.4,5.3,1,5,11.7,14.5,13.1,5,43.8,48.9,23,104.1,9.6,138
Phillip Wheeler,PHI,110,96.6,13.4,6.5,2,8,3.6,12.5,7.7,4,14.3,18.3,22.1,96.76,-0.5,90
Kevin McCullar Jr.,NYK,93.8,96.9,-3.1,11.1,0,20,0,28.6,15.1,0,28.6,38.1,11.8,105.33,6.6,64
N'Faly Dante,HOU,114.9,123.5,-8.6,5,1,10.5,12.2,26.8,20,10.5,76.9,78.9,13.3,108.58,12.5,114
Isaiah Stevens,MIA,61.5,30.8,30.8,0,0,0,0,22.2,12.5,0,0,0,14.3,112.43,12.5,13
Miles Norris,BOS,87.7,110.9,-23.2,0,0,0,4.8,17.1,10.8,0,33.3,35.4,12.7,88.67,8.8,65
Zyon Pullin,MEM,83.3,66.7,16.7,0,0,0,0,0,0,0,0,0,16.7,110.7,-8.7,6
Jesse Edwards,MIN,72.7,150,-77.3,25,0,100,0,0,0,0,0,0,0,118.29,-4.3,11
Quincy Olivari,LAL,68.2,150,-81.8,20,1,14.3,0,0,0,14.3,30,30,23.1,102.52,-2.2,22
Yuri Collins,GSW,94.4,111.4,-17,33.3,0,57.1,8.3,7.1,7.9,0,33.3,33.3,6.8,104.54,4.8,36
Riley Minix,SAS,93.3,93.3,0,0,0,0,0,20,11.8,0,0,0,6.3,106.67,3.9,15
Tolu Smith,DET,117.4,104.4,12.9,0,0,0,12.9,20,15.7,16.7,66.7,67.8,20,97.72,14.9,46
Andrew Wiggins,MIN,101.5,111.3,-9.7,9.7,0.96,10,4.4,8.5,6.4,10.4,45.4,51.7,22.3,95.46,8.1,5915
Danté Exum,UTA,102,99.3,2.7,16.9,1.68,26.6,1.6,5.7,3.7,15.8,44.8,45.7,13.7,91.03,3.7,3446
Elfrid Payton,ORL,102.3,105.7,-3.4,31.4,2.63,34.7,4.2,9.9,7,13.2,43.3,45.6,17.9,95.62,9,4941
Nikola Mirotic,CHI,105.4,100.4,5,10.2,1.09,10.4,3.9,19.3,11.9,9.5,48.5,55.6,22.5,94.41,13.1,3256
Joe Ingles,UTA,100,102.3,-2.2,17.1,1.86,28,1.3,9.4,5.4,15.1,51.7,53.3,12.6,92.34,7.2,3229
Bojan Bogdanovic,BKN,103.2,108.1,-4.9,5.7,0.87,8.9,2.8,8.6,5.7,10.2,53.2,56.2,16.9,94.83,7.3,3663
Zach LaVine,MIN,98.2,112.4,-14.2,25,1.43,22.6,1.4,10.3,5.8,15.8,46.5,51.5,21.8,96.43,7.9,3821
Nerlens Noel,PHI,91.8,100.9,-9.1,9.9,0.88,12.4,7.4,18.4,12.7,14.2,46.2,49.3,17,96.94,10.8,4663
JaKarr Sampson,PHI,91.8,104,-12.2,12.1,1.01,14.2,2.8,11.2,6.8,14,46.7,49.8,17.3,100.89,5.8,2354
Nik Stauskas,SAC,102.2,108.1,-5.9,9.2,1.68,15.5,1,6.6,3.8,9.3,44.6,49.2,13.8,97.79,4.3,2298
Damjan Rudez,IND,100.1,100,0.1,7.9,1.13,14.2,0.7,3.7,2.2,12.6,58.4,59.1,13.4,95.85,5,2107
Marcus Smart,BOS,104.7,101.4,3.4,16.1,2.31,25.1,3.2,8.9,6,10.9,46.2,49.1,14.9,97.36,6.6,3635
Jerami Grant,PHI,94.9,100.1,-5.2,9.5,0.93,13,3.3,10.4,6.8,14,42.2,47,16.2,99.13,4.7,2828
Tarik Black,LAL,101.5,105.3,-3.8,5.9,0.88,10.1,11.4,20.1,15.5,11.5,57.5,58.3,13.8,93.91,9.3,2343
James Ennis III,MIA,100,100.2,-0.2,7.4,1.23,12.8,5.1,12.1,8.6,10.4,47.2,54.1,14.2,92.93,8.1,2035
Jusuf Nurki?,DEN,102.2,101.7,0.5,7.2,0.58,8.6,10.2,22.5,16.2,14.8,44.6,48.3,20.3,98.37,8.8,2253
KJ McDaniels,HOU,91.7,100.4,-8.7,9.5,0.69,10.7,4.3,9.8,6.9,15.6,44.6,49.4,18.8,98.4,6.7,2762
Jordan Clarkson,LAL,100.8,109.1,-8.3,24.3,2.15,21.3,3.6,9.7,6.5,9.9,48,52.8,23,94.08,10.9,2892
Gary Harris,DEN,95.3,105.9,-10.7,6.1,0.76,9.5,2.6,6.1,4.2,12.5,35.3,39.5,16,100.81,1.7,1504
Joe Harris,CLE,100.8,111.6,-10.7,8.3,0.96,14.5,1.4,7.3,4.2,15.1,52.9,53.7,13.7,96.25,2.2,990
Shabazz Napier,MIA,99.7,101.9,-2.2,21.6,1.6,27.9,1.8,10.2,6,17.4,47.6,51.7,15.4,91.58,7.5,1935
Travis Wear,NYK,94.8,101,-6.2,10.4,1.14,13.5,4.7,11.6,8.1,11.8,42.8,45.1,17.2,93.97,6.3,1316
Cory Jefferson,BKN,102.9,94.7,8.2,4.7,0.8,7,8.7,17.3,13.1,8.8,45.5,48,17,97.73,8.7,1075
Rodney Hood,UTA,102.6,98.8,3.8,13.6,1.84,15.5,0.8,10.1,5.5,8.4,49.7,52.9,19.2,92.31,8,2038
Aaron Gordon,ORL,97.9,105.8,-7.9,6.4,0.87,10.8,5.8,15.1,10.5,12.5,47.8,51.7,15.1,96.52,7.4,1585
Elijah Millsap,UTA,100,96.1,3.9,10.1,0.87,14.4,3,12.6,7.9,16.6,39.9,45,16.4,93.7,4.9,1796
Markel Brown,BKN,104.8,106.4,-1.5,7,1.44,12.9,2,12,6.9,8.9,40.2,45.9,14.7,96.29,5.5,1568
Langston Galloway,NYK,97.3,106.6,-9.4,17.5,2.46,19.9,2.4,10.8,6.5,8.1,46,48.9,18.7,93.65,8.2,2841
PJ Hairston,CHA,97.5,105.7,-8.1,5.1,0.95,6.4,2.8,10.1,6.2,6.7,41.4,44.6,19,96.49,5,1385
Erick Green,DEN,96.7,105.9,-9.3,16.5,2.79,17.7,1.5,6,3.5,6.4,42,43.6,18.1,98.54,6.3,840
Kostas Papanikolaou,HOU,99.1,102.1,-3,16.6,1.55,24.6,4.7,9.8,7.2,15.9,42.9,44.4,14,98.03,5.6,1630
Furkan Aldemir,PHI,98.5,106.8,-8.2,7.9,1.65,20.6,12.6,18.9,15.5,12.5,51.3,51.7,8.3,96.62,6.6,1082
T.J. Warren,PHX,96.7,105.2,-8.5,6.9,0.93,9.2,6.1,7.1,6.6,9.9,54,55.1,17.3,97.86,8.4,1258
Cleanthony Early,NYK,90.5,102.8,-12.3,10.2,0.9,11.5,3.2,12.2,7.5,12.8,40.7,44.7,19,95.7,5.8,1288
Doug McDermott,CHI,92.8,107.8,-15.1,3.3,0.35,4.4,1.9,11.3,6.7,12.5,46.3,48,18,96.42,4.4,652
Glenn Robinson III,PHI,106.7,100.4,6.3,6.4,1,10.9,5.4,9.2,7.3,10.9,42.5,47.1,14.3,100.23,5.3,541
Johnny O'Bryant III,MIL,90.5,103.3,-12.8,7.6,0.68,9.8,7,10.8,8.9,14.5,36.7,37.9,18.8,96.03,1.2,733
Spencer Dinwiddie,DET,95.2,103.1,-7.9,39.4,3.15,32.4,0.8,10,5,10.3,33.7,39.4,20.8,94.31,7.4,895
Kyle Anderson,SAS,100.1,105.5,-5.3,11.6,2.8,21.2,1.5,18.9,10.5,7.6,36.5,38.9,13,95.78,7.1,716
Tyler Ennis,MIL,96,103.4,-7.3,27.8,1.74,27.9,1.6,7.3,4.3,16,40.3,41.1,19.9,97.42,5.3,835
Adreian Payne,MIN,98.8,115.8,-17,6.7,0.68,9.5,6.6,16.8,11.5,13.9,41.6,44.3,17.3,94.59,4.7,1459
Mitch McGary,OKC,106.4,100.8,5.6,4.3,0.45,6.2,10.5,21.8,16.2,13.7,53.3,55,18,101.46,10.4,1020
Tyler Johnson,MIA,96.8,101.5,-4.7,11.5,1.4,16.2,2.3,10.8,6.6,11.5,47.3,50.6,16.1,96.56,8.3,1210
James Young,BOS,103.5,103.5,0,5.9,2.6,9.8,2.3,10.1,5.9,3.8,43.6,45.7,14.9,99.52,5,691
Jordan Adams,MEM,101.4,97.8,3.6,10.1,1.14,12.8,3.5,7.5,5.5,11.2,46.5,48.9,18.6,96.32,7.2,498
Dwight Powell,DAL,104.1,103,1.1,5.8,0.82,8.7,7.1,14.7,10.6,10.7,48.5,55.2,16.6,100.33,6.8,491
Nick Johnson,HOU,91.9,100,-8.1,6.9,0.58,9.4,4.5,8.9,6.7,16.2,38,43,16.7,102.09,1.9,557
Jabari Parker,MIL,99.6,106.4,-6.8,9.5,0.89,11,6.9,12.1,9.5,12.3,49.8,52.7,20.2,97.11,10,1488
Noah Vonleh,CHA,88.8,102.2,-13.3,2.9,0.36,3.8,9.2,22.7,15.4,10.6,42.8,47.5,16.7,94.6,10.5,510
JaMychal Green,MEM,95.3,101.2,-5.9,4,0.29,5.7,11,16.7,13.7,20,57.4,60.3,16.8,99.7,9.2,338
Joffrey Lauvergne,DEN,89.7,108.8,-19.1,9,0.59,9.6,8.2,19.8,13.3,16.3,42.1,45.9,18.5,99.42,6.3,552
C.J. Wilcox,LAC,89,98.1,-9,15.1,0.8,14.3,1,5.6,3.3,17.9,51.3,52.7,21,100.23,5.9,210
Shayne Whittington,IND,109.8,102.8,7,9.4,1.2,9.4,9.4,17.8,13.6,7.8,46.4,54.7,24.3,95.19,10.6,215
Jabari Brown,LAL,100.9,111.7,-10.8,11.3,1.25,14.3,0.5,6.2,3.2,11.5,47.9,54.7,18.3,95.64,6.4,1130
Jarnell Stokes,MEM,95.4,87.5,7.9,5.3,0.57,6.6,12,13.7,12.9,11.5,56.8,57.8,18.8,99.51,9.5,259
Cameron Bairstow,CHI,99.2,115.5,-16.3,2.1,0.33,5,9,3.7,6.6,15,21.4,30.9,12.6,97.84,-1.9,130
Devyn Marble,ORL,100.9,102,-1.1,10.2,1.89,22.1,2.2,12.7,7.2,11.7,36.4,36.2,12.2,103.42,3.5,443
Jack Cooley,UTA,91.1,95.2,-4.1,1.9,0.33,2.8,10,18.3,13.7,8.3,40.9,43.2,15.6,103.83,1.8,190
Zoran Dragic,MIA,92.4,101.3,-8.9,11.6,1,11.9,6,4.1,5.1,11.9,41.7,43.5,20.8,100.5,3.3,157
Bryce Cotton,UTA,98.8,100.6,-1.8,16.9,1.25,14.4,1.8,9.7,5.6,11.5,47.1,52,22.7,101.79,10.6,341
James Michael McAdoo,GSW,109.7,103.7,6,2,0.33,3.2,10.7,14.9,12.8,9.7,54.5,56.4,18.5,102.88,8.3,290
Clint Capela,HOU,97.4,92.4,5,3.7,0.4,4.3,9.9,21.8,16.4,10.6,48.3,40.9,20.6,105.49,6,196
Larry Drew II,PHI,87,104.1,-17.1,38.1,1.8,34.9,0.4,6.9,3.4,19.4,37.9,38.8,16.8,95.95,5.2,439
Russ Smith,MEM,94.3,78.7,15.6,21.6,0.67,15.7,1.3,6.8,3.9,23.5,36,48.8,25.1,104.02,2.9,141
Tim Frazier,POR,98.6,100.8,-2.2,36.1,2.4,38.7,2.3,8.9,5.6,16.1,38.5,40.6,17,98.71,5.7,495
Drew Gordon,PHI,86.7,107.5,-20.8,4.4,0.25,6.7,8.3,16.2,11.8,26.7,42.1,42.8,15.5,106.88,3.1,158
Bruno Caboclo,TOR,61.7,130.2,-68.5,0,0,0,4.3,0,0,25,41.7,41.7,28.1,92.24,-4.2,47
Grant Jerrett,UTA,91.7,109.1,-17.3,9.1,1,9.4,3.2,15.2,8.3,9.4,28.8,30.3,23.4,103.2,-1.8,109
Will Cherry,TOR,102.2,105.8,-3.6,17.4,2,23.5,1.4,5.6,3.5,11.8,31.6,34.7,16.5,95.42,1.3,137
Lucas Nogueira,TOR,86.3,112.2,-26,7.1,0.5,7.7,6.3,0,0,15.4,25,30.7,18.8,104.12,3.6,51
Alex Kirk,CLE,75.9,120,-44.1,12.5,0,16.7,0,0,0,0,25,41,16.7,101.25,2.8,29
Andre Dawkins,MIA,88.4,100,-11.6,7.7,1,12.5,0,0,0,12.5,25,25,14.9,94.1,-4.1,43
Patrick Christopher,MEM,80.7,108.5,-27.8,0,0,0,7.1,15.4,11.1,7.7,25,25,20.3,96.89,-4,57
Sean Kilpatrick,MIN,105.4,93.9,11.5,8.2,2,14.3,1.7,7.8,4.9,7.1,45,50.6,15,99.34,6.5,148
David Stockton,SAC,119.2,85.3,33.8,33.3,2.25,42.9,0,4.4,2.6,19,41.7,46.3,15,107.37,7.1,73
Eric Moreland,SAC,140,85.7,54.3,0,0,0,0,0,0,0,100,100,20,138.57,15.4,5
Sim Bhullar,SAC,100,100,0,50,0,33.3,0,0,0,0,50,50,28.6,116.2,30.4,7
David Wear,SAC,93.3,153.3,-60,14.3,0,33.3,0,0,0,0,0,0,8.7,103.35,-3.1,15
Jerrelle Benimon,DEN,100,0,100,0,0,0,0,0,0,100,0,0,14.3,96.94,30,6
Julius Randle,LAL,60,126.9,-66.9,0,0,0,0,0,0,20,33.3,25.8,17.2,90.22,-24.2,25
Kalin Lucas,MEM,66.7,125,-58.3,0,0,0,0,0,0,0,0,0,5.3,104.16,-5,12
Ben McLemore,SAC,103.6,108.1,-4.5,5.8,0.85,8.9,2.4,8.6,5.4,10.5,44.6,48.5,16.6,96.19,4.2,4378
Cody Zeller,CHA,98.5,101.6,-3,10.6,1.06,13.6,8,15.9,12,12.9,42.6,49.8,17.8,97.07,8.6,2866
Steven Adams,OKC,106.3,103.7,2.6,5,0.61,11.9,12.3,15.7,14,19.7,50.3,54.1,11.4,97.06,5.2,2418
Tim Hardaway Jr.,NYK,103,109,-6,5.9,1.4,7.8,1,5.8,3.3,5.5,52.3,55.4,18.7,94.48,7.3,3716
Kentavious Caldwell-Pope,DET,103.3,104.5,-1.2,5,1.96,9.7,2.2,7.7,4.7,4.9,46,48.3,13.6,97.82,5,3215
Victor Oladipo,ORL,98.6,104.1,-5.6,22.5,1.28,19.7,1.7,11.4,6.6,15.4,45.8,51.4,24,96,9.7,4976
Giannis Antetokounmpo,MIL,103.8,108.3,-4.5,12,1.23,19.1,4.2,14,9.1,15.6,46.3,51.8,14.8,94.24,7.3,3719
Hollis Thompson,PHI,99.6,108.7,-9.1,6.1,1.22,13.7,3.9,10.3,6.9,11.3,55,57,11.1,100.26,5.9,3623
Tony Snell,CHI,95.7,100.4,-4.7,9.5,1.55,14.6,1.5,8.5,5,9.5,46.9,48.9,14.6,92.3,5.8,2363
Phil Pressey,BOS,102,102.4,-0.4,30.5,2.77,40,1.8,7.7,4.7,14.5,36.4,39,14.1,95.44,6.6,2241
Matthew Dellavedova,CLE,104.1,100.4,3.7,21.7,3.12,33.2,2.2,7.2,4.7,10.6,50.8,53.4,12.8,95.99,7.3,2531
Nick Calathes,MEM,100.2,98.9,1.3,27.3,2.05,31.9,2.2,9.8,6.2,15.6,48.7,50.6,17.2,92.9,9.3,2265
Kelly Olynyk,BOS,104,104.7,-0.7,12.3,1.03,14.2,9.7,16.4,12.9,13.8,50.6,54.6,20.1,96.91,9,2834
Mason Plumlee,BKN,104.8,108.1,-3.3,8.2,0.78,11.4,8.4,17.5,13,14.6,65.9,67,16.8,94.06,11.4,2494
Michael Carter-Williams,PHI,100.9,109.1,-8.2,29.2,1.79,23.1,3.8,14.1,8.7,13,43.1,48,25.4,100.48,10.4,5036
Trey Burke,UTA,105.3,111.2,-5.9,28,3.02,27,1.7,8.1,4.8,8.9,44.2,47.3,21.6,93.02,8.3,4385
Gorgui Dieng,MIN,100.4,103.9,-3.5,7.6,0.72,10.7,11.7,23.4,17.4,14.9,50,53.4,16.7,98.25,11.1,1683
Ryan Kelly,LAL,105.8,108.3,-2.5,10.4,2.02,16.7,3.2,12.9,8.1,8.3,48.8,54.8,15.5,102.07,7.2,2782
Jeff Withey,NOP,104.9,102.2,2.7,5.7,1.3,12.5,7.5,14.7,11.2,9.6,53.5,59,11.8,95.38,8.9,1356
Nate Wolters,MIL,101.7,102.7,-1,22.7,3.28,27.8,2.5,9,5.7,8.5,46,48.6,16.3,94.38,9.3,2574
Robbie Hummel,MIN,104.4,101.9,2.5,5.2,2.3,10.6,4.9,15.2,9.8,4.6,46.9,49.2,12.3,98.36,7.2,1344
Anthony Bennett,CLE,98.7,104.5,-5.7,4.3,0.36,5.3,6.8,16,11.2,14.6,38.4,42.5,19.4,98.19,3.7,1353
Archie Goodwin,PHX,97.2,105.1,-7.9,6.1,0.45,7.9,4.5,10.8,7.7,17.3,47,50.7,18.5,99.98,6.8,1110
Brandon Davies,PHI,97.5,99.6,-2.1,7.4,0.8,13,6.2,12.7,9.3,16.3,43,47.6,13.6,100.88,4,1205
Toure' Murry,NYK,99.6,103.1,-3.5,21.5,1.44,21.3,3.6,8,5.9,14.8,45.3,47.9,20.9,98.98,6.7,765
Pero Antic,ATL,104.9,99.9,5,10,1.05,13.2,6.1,16.8,11.4,12.6,51.4,54.5,17.8,97.08,7.7,1889
Dennis Schröder,ATL,95.2,111.8,-16.6,24.7,1.52,25.8,0.8,9.1,4.9,16.9,41,44.2,18.8,95.83,4.7,1284
Miroslav Raduljica,MIL,100.3,105.5,-5.2,8.4,0.82,11.4,11.4,11.6,11.5,13.9,54,60.3,16.7,95.63,8,925
Shane Larkin,DAL,103.6,97.4,6.2,20.8,1.82,27.6,2.3,6.9,4.5,15.2,42.3,44.6,16.6,97.63,5.3,996
Ray McCallum,SAC,103.8,108.6,-4.8,21.6,3.08,25.2,2,7.1,4.5,8.2,41.3,43.9,17.6,94.16,6.3,1754
Rudy Gobert,UTA,94.7,96.7,-2,2.6,0.22,4.9,11.4,22.6,17.1,22.4,48.6,50.7,13.4,96.4,9,867
Reggie Bullock Jr.,LAC,96,97.5,-1.5,4.9,0.92,8,2.6,9.5,6.2,8.7,44.6,46,14.9,100.35,5.5,825
Alex Len,PHX,98.2,106.4,-8.2,1.7,0.15,3.3,10.6,17.1,13.8,21.5,42.3,46.9,13.4,100.1,2.7,759
Andre Roberson,OKC,103.9,100.7,3.2,5.1,0.79,14,9.6,13.5,11.7,17.8,50,51.8,9.9,97.91,4.4,814
CJ McCollum,POR,102.3,104.3,-2.1,8.9,0.77,10.5,1.3,8.1,4.7,13.7,50,52.1,20.1,98.27,5.4,974
Otto Porter Jr.,WAS,94.7,96.7,-2,5.1,0.71,8.4,6.4,13,9.4,11.8,38.5,40.5,14.6,95.34,4.6,637
Shabazz Muhammad,MIN,97.6,110.7,-13,3.8,0.38,3.7,7.5,9.4,8.4,9.9,47.2,50.5,22.2,97.84,8,592
Vitor Faverani,BOS,92.7,101.5,-8.9,5.9,0.39,7.2,8.7,17.5,13.1,18.5,47.6,50.2,18.9,94.89,7.1,958
Gigi Datome,DET,102.5,94.8,7.7,7.1,1,8.9,5.2,14.5,9.4,8.9,38.7,40.9,19.8,97.7,5.8,484
Dewayne Dedmon,ORL,95.4,102,-6.7,2.1,0.28,4.2,9.6,25.5,17.1,15,45.8,50,12.9,95.96,7.7,777
Dionte Christmas,PHX,98.3,105.9,-7.6,6.7,1.33,9.1,5.9,13.6,9.4,6.8,42.7,48.9,16.3,99.46,7.2,414
Gal Mekel,DAL,102.9,103.8,-0.8,29.9,2.03,33.9,1.6,8.5,4.8,16.7,37.8,40,17.6,100.63,4,614
Solomon Hill,IND,103,100.2,2.8,7.8,0.92,17.6,3.9,13.7,8.8,19.1,51.3,54.5,11.1,92.77,6.6,436
Lorenzo Brown,PHI,95,94.2,0.8,28.1,2.56,27.5,3,8.9,5.7,10.7,32,34.9,19.5,104.04,6.3,484
Erik Murphy,CHI,63.4,104.7,-41.4,6.5,1,11.8,2.7,10.2,6,11.8,23.1,23.1,10.1,99.63,-1.1,131
Nemanja Nedovic,GSW,83.3,105.6,-22.3,16,1,18.8,2,7.9,5,18.8,24.4,30.6,16.2,103.01,-1.3,305
Peyton Siva,DET,102.6,107.7,-5.1,25.8,1.89,29.3,0.8,5.8,3.1,15.5,37.7,42.5,16.2,90.29,3.3,417
Ian Clark,UTA,98.8,90.6,8.2,14.7,1.07,15.2,1.7,9,5.4,14.1,47,48.5,21.2,96.51,5.7,339
Isaiah Canaan,HOU,103,109.6,-6.6,14.4,1.05,15.3,2.6,6.2,4.5,14.6,46,50.6,20,103.23,4.5,541
Sergey Karasev,CLE,88.9,103.1,-14.2,5.9,0.55,10.5,0,10.6,5.1,19.3,40,47,14.2,99.96,1,323
Jamaal Franklin,MEM,102.2,98.1,4,5.3,0.55,10.5,2.6,12.1,7.4,19.3,47.4,48.9,13.7,95.39,2.7,321
Ognjen Kuzmic,GSW,85,114.6,-29.7,3.4,0.2,6.7,8.8,12.1,10.3,33.3,38.5,42,12,106.68,-1,206
Tony Mitchell,DET,99.4,93.1,6.2,4,0.5,7.4,15.6,16.7,16,14.8,45.8,54,12.9,96.75,9.8,159
Mike Muscala,ATL,92.8,114.5,-21.7,5.8,0.58,7.1,7.8,18.1,12.7,12.2,42.5,48,18.5,98.92,6.5,445
Allen Crabbe,POR,104.3,104.9,-0.5,8.8,2,14,1,7.7,4.5,7,45.5,47.5,15.4,99.82,4.2,209
Jorge Gutierrez,BKN,98.6,107.5,-8.9,20.4,2.14,29.1,1.3,8.4,4.8,13.6,49.1,52.3,13.6,94.9,4.9,485
Chris Babb,BOS,97,101.5,-4.5,3.4,1,8.3,2.7,10.2,6.2,8.3,36.7,36.7,10.9,96.3,2.1,263
Dwight Buycks,TOR,102.8,101.4,1.4,11.5,1,14.1,2.5,13.9,7.8,14.1,36.5,41.4,18.1,94.01,6.1,284
James Nunnally,PHI,90.5,102.4,-11.9,8.2,1.14,12.3,0.5,10.2,5.3,10.8,41.3,44,15,97.48,5,338
Glen Rice,WAS,90.5,84.6,5.9,10.1,0.78,12.5,3.1,16,8.8,16.1,36.5,39.9,18.6,97.65,6.3,221
Ricky Ledo,DAL,107.2,91.5,15.7,10,1,8.7,0,5.6,3.1,8.7,44.1,50.6,27.6,101.27,7.4,69
Justin Hamilton,MIA,98.6,114.8,-16.2,0,0,0,6.3,5.9,6.1,15.4,52.5,58.6,16.9,94.47,5.1,142
Carrick Felix,CLE,108.5,101.2,7.3,14.3,1,16.7,3.3,12.8,8.7,16.7,57.1,60.3,21.7,104.57,8.7,82
Robert Covington,HOU,114.5,87.3,27.2,0,0,0,0,7.5,0,6.7,57.1,57.1,19.2,99.32,7.8,69
Adonis Thomas,PHI,108.2,91,17.2,11.5,3,16.7,0,7.9,4.1,5.6,46.4,48.5,17.6,96.43,4,73
Arinze Onuaku,CLE,101.6,118.6,-17.1,13,3,30,0,26.1,0,10,20,25.5,9.6,97.11,3.7,63
Troy Daniels,HOU,126.7,106.1,20.6,11.4,1.67,12.8,0,5.7,2.8,7.7,67.7,67.7,20,94.33,8.8,146
James Southerland,NOP,105,91.8,13.2,0,0,0,0,22.2,11,5.9,43.3,44.1,23.9,97.02,9.6,60
DJ Stephens,MIL,78.6,80.8,-2.2,0,0,0,0,30.8,0,0,42.9,47,20,88.58,22.4,28
Tony Mitchell,MIL,122.2,111.1,11.1,20,0,16.7,0,0,0,0,60,60,23.8,88.62,16.3,18
Vander Blue,BOS,110,79.4,30.6,9.1,0.5,11.1,0,0,0,22.2,50,40.3,25,104.73,0,30
Chris Smith,NYK,100,225,-125,0,0,0,0,0,0,0,0,0,0,122.66,0,6
Elias Harris,LAL,116,134.6,-18.6,9.1,0,50,0,0,0,0,0,0,3.6,107.53,2.5,25
Scotty Hopson,CLE,73.3,106.3,-32.9,20,0,16.7,0,0,0,0,0,10.2,29.4,109.95,-9.5,15
Seth Curry,CLE,88.9,88.5,0.4,0,0,0,0,0,0,0,50,50,10.3,98.48,8.6,27
Shane Edwards,CLE,78.3,104,-25.7,0,0,0,0,0,0,25,33.3,33.3,15.4,97.9,-2,23
Damian Lillard,POR,106.3,107.8,-1.5,28,2.19,24.2,1.4,7,4.2,11.1,50.1,54.6,23.7,93.14,10.5,6160
Kyle Singler,DET,101.5,105.5,-4.1,5.3,0.79,8.9,4.8,10.1,7.4,11.3,48.3,51.7,15.5,92,5.8,4404
Harrison Barnes,GSW,104.5,102.5,2,7.2,0.97,10.7,2.6,12.9,8,11.1,48.1,52.6,17.4,97.13,7.7,4146
Draymond Green,GSW,97,97.9,-0.9,7.6,1.04,13.7,5.5,17.8,11.8,13.2,35.4,40.4,13.5,100.15,5.1,2183
Brian Roberts,NOH,99.5,107.7,-8.2,30.1,3.08,26.3,1.3,6.8,3.9,8.5,47.5,50.9,21.2,90.21,10,2503
Festus Ezeli,GSW,100.2,101.1,-0.9,2.8,0.35,7.5,12.6,14.7,13.7,21.5,43.8,46.7,10.6,96.44,4.2,2235
Jae Crowder,DAL,101.5,101.8,-0.3,10.3,1.92,17.3,2.6,11.2,6.9,9,47,49.1,14.6,97.76,6.2,2745
Michael Kidd-Gilchrist,CHA,100.6,107.8,-7.2,9.6,1.16,12.8,6.3,17,11.5,11.1,46,50.6,17.5,92.54,9.4,3901
Pablo Prigioni,NYK,107.7,100.5,7.3,27.7,2.74,42.7,3.4,8.9,6.1,15.6,57.5,59.5,11.7,91.89,8.9,2416
Alexey Shved,MIN,100.7,102.8,-2.1,24.8,1.95,25.2,2.1,7.5,4.7,12.9,43.9,47.4,20.2,94.8,7.6,3633
Jeffery Taylor,CHA,96.9,105.5,-8.6,7.2,1.31,11.3,3.3,6.6,4.9,8.6,49.7,53.1,14.7,94.54,5.5,2961
Tyler Zeller,CLE,101.2,107.2,-6,7.5,1.01,11.7,7.4,14.5,10.8,11.6,43.8,48.6,15.7,93.62,6.4,3955
Maurice Harkless,ORL,96.4,108,-11.6,4,0.72,6.8,6,11,8.4,9.3,48.9,50.4,15.6,93.83,7.2,3848
Andrew Nicholson,ORL,96.6,103,-6.4,6.2,0.56,6.8,5.6,15.3,10.4,12.2,52.7,55.7,21.6,94.82,10.1,2468
Terrence Ross,TOR,103.3,106.2,-2.8,7.3,1.1,9.2,2.8,9.3,6,8.3,47.8,49.1,19.1,92.76,6,2395
Will Barton,POR,93.6,105.7,-12.1,11.3,0.97,12.7,3.9,13.2,8.3,13.2,39.6,43.7,19.8,94.87,6.5,1771
Nando De Colo,SAS,98.6,100.7,-2.1,23.3,1.7,28.7,2.7,12.2,7.7,16.8,50,53,16.7,97.61,8.4,1872
Thomas Robinson,HOU,100.9,107.6,-6.7,7.3,0.52,9.1,11.1,18.8,14.8,17.4,43,45.1,18.7,94.55,6.9,2076
Meyers Leonard,POR,99.4,106.6,-7.2,4.5,0.67,8.3,7,15.4,11.2,12.3,55.1,59.6,13.7,94.63,7.1,2387
Anthony Davis,NOH,104,107.8,-3.8,6,0.71,6.8,9.4,21.3,15.2,9.6,51.6,55.9,21.2,91.04,13.5,3491
DeQuan Jones,ORL,98.8,109.3,-10.5,3,0.53,5.6,2,11,6.4,10.5,45.6,48.5,14.6,96.18,5.1,1604
John Henson,MIL,100.6,102.3,-1.7,6.3,0.66,6.7,12.5,21,16.6,10.2,48.2,49.7,21.6,97,12.1,1667
Jonas Valan?i?nas,TOR,101.9,105.6,-3.7,5.1,0.48,7.6,8.7,17.6,13.2,15.9,55.7,61.9,16.9,92.11,9.9,2834
Austin Rivers,NOH,101.7,107.1,-5.4,14.2,1.72,19.8,1.2,7,4,11.5,40.8,43.1,16.9,89.77,3.1,2644
Dion Waiters,CLE,105.4,109.8,-4.3,17.8,1.51,15,1.2,8.1,4.4,10,45.1,49.2,25.8,93.51,8.3,3419
John Jenkins,ATL,97.2,104.6,-7.4,10.5,1.4,13.4,1.9,8.6,5.2,9.6,53.6,57.6,17.6,96.23,9.2,1813
Kent Bazemore,GSW,91.1,90.1,1,15.9,1.22,12.4,1.9,5.5,3.8,10.1,41.4,45.4,24.7,104.7,6.3,560
Andre Drummond,DET,103.7,106.1,-2.4,4,0.53,6,13.3,23.5,18.3,11.4,61,57.8,16.7,92.74,13.7,2405
Kyle O'Quinn,ORL,100.9,104.8,-3.8,12.2,1.41,17,10,21.4,15.8,12.1,51.3,53.5,17.3,96.39,10.1,1278
Bradley Beal,WAS,98.3,100.6,-2.2,13.6,1.52,14,2.4,9.6,6,9.2,47.7,51.5,21.8,94.3,9.3,3420
Chris Copeland,NYK,108.2,103.8,4.4,5.5,0.54,5.5,4.1,10.4,7.3,10.1,55.7,58.3,25,92,9,1644
Mirza Teletovic,BKN,100.2,103.2,-3,8,1.15,9.9,6.5,13.2,9.7,8.6,48.4,49.5,18.9,93.18,7.5,974
Darius Miller,NOH,99.7,103.7,-4,10,1.91,24.7,1.2,11.1,6,12.9,50.9,52.9,8.9,90.85,3.8,1311
Joel Freeland,POR,91.8,101,-9.2,5,0.68,7,7.7,16.8,12,10.2,40.8,43.5,16.1,93.22,5.9,923
Orlando Johnson,IND,97,97.7,-0.7,13.5,1.62,17.4,3.3,13.8,8.8,10.7,50,52.3,16.1,92.72,9.7,1197
Victor Claver,POR,100.5,106.9,-6.4,7.9,1,14.9,3.9,11.9,7.8,14.9,45.8,46.2,13.7,93.92,4,1586
Kendall Marshall,PHX,94.7,108.3,-13.6,30.6,2.51,40.1,0.6,5.6,3,16,44.7,45.5,13.1,97.49,5.8,1431
Marquis Teague,CHI,96.3,96,0.3,27.5,1.8,28.8,0.8,11,5.8,16,39.8,41.2,18.2,91.24,5.1,738
Arnett Moultrie,PHI,97.4,104.4,-7,3.1,0.53,5.7,13.2,13.4,13.3,10.9,58.2,59.5,13.5,94.19,9.9,1058
Doron Lamb,ORL,97.7,104.7,-7,8.5,1.23,13.6,1.3,6.7,3.9,11,41.1,43.3,15.2,96.29,2.4,1158
Bernard James,DAL,101.9,103.7,-1.8,2,0.33,4.1,10.7,17.3,13.9,12.4,51.5,54.1,12.9,99.67,7.6,947
Jared Sullinger,BOS,101.9,98.3,3.6,6.2,1.21,11,11.2,19.5,15.5,9.1,49.6,53.4,14.6,92.36,9.1,1706
Donatas Motiejunas,HOU,107.9,104.1,3.8,9.1,0.84,10.2,6.9,10.5,8.7,12.1,51.2,53.1,22,98.01,6.2,1096
Kim English,DET,100.6,107.2,-6.5,9.7,1.37,15.4,1.9,7.6,4.7,11.2,43.8,47.7,15.2,97.22,3.8,822
Patrick Beverley,HOU,106.4,98.5,7.9,26.2,2.66,31.8,5.9,8.8,7.3,12,51.3,55.1,15,95.95,10.4,1428
Mike Scott,ATL,96.8,102.6,-5.8,5.8,0.57,5.8,10.3,18.8,14.6,10.1,47.6,53.3,22.6,97.22,11.4,761
Evan Fournier,DEN,106.9,100.2,6.6,15.3,1.38,18,1.4,6,3.9,13.1,56.6,59.7,19.8,99.53,7.5,888
Perry Jones III,OKC,98.8,99.3,-0.5,5.7,0.67,7.6,4.4,17.2,11,11.5,39.4,41.7,19,96.65,6.5,565
Tyshawn Taylor,BKN,94.4,108.9,-14.6,18.1,0.84,14.4,1,7.8,4.3,17.1,40.2,43,24.9,97.2,2.8,446
Tony Wroten,MEM,92.9,101.8,-8.9,26.2,1.48,25.1,4.6,5.6,5.1,17,40.7,46.1,20.4,95.58,4.9,537
Kevin Jones,CLE,107.9,98.7,9.2,4.3,1.25,7.6,10.7,12.7,11.6,6.1,40.2,41.8,15.5,95.42,6.3,661
Robert Sacre,LAL,94.6,109.3,-14.7,4.5,0.6,8.7,4.1,12.3,8,14.5,37.5,40.7,12.7,103.1,0.2,443
Quincy Acy,TOR,110.6,95.9,14.8,5.1,0.65,9.1,9.2,13.5,11.4,14,56.7,63.2,14.6,91.21,9.5,650
Ben Hansbrough,IND,85,94.1,-9.1,20.2,1.17,21.9,0.8,7.1,3.9,18.8,40,50.1,15.5,98.13,5,413
Khris Middleton,DET,110.2,107.9,2.3,8.5,2.55,14.4,0.9,10.9,5.8,5.7,48.9,53.2,15.6,95.11,6.3,944
Maalik Wayns,LAC,95.3,110,-14.7,23.3,1.8,19.6,0.5,3.2,1.8,10.9,33.5,39.4,24,95.31,1.5,401
Viacheslav Kravtsov,DET,100.7,105.1,-4.4,6.2,0.64,10.5,10.8,9.9,10.3,16.3,71.7,61.8,15,97.41,5.7,453
Jeremy Lamb,OKC,93.4,110.1,-16.7,6.3,0.83,6,3.2,8.8,6,7.1,41.9,47.9,23.8,94.14,6.4,289
Diante Garrett,PHX,87.4,101.6,-14.2,35.2,1.94,30.7,3,6.8,4.7,15.8,35.7,37.5,19.6,99.76,6.7,309
Terrence Jones,HOU,103.5,106.1,-2.6,9,1.15,11.5,9.2,13.3,11.2,10,48.4,51.2,17.3,98.63,10.2,572
Tornike Shengelia,BKN,96.4,92.6,3.8,5,0.27,6.8,9,16.5,12.4,25,45.7,49.9,17.9,98.65,5.3,192
Kevin Murphy,UTA,82.7,123.6,-40.9,8.3,0.67,6.1,0,8.9,3.7,9.1,26.8,26.8,23.8,100.79,-3.8,110
Aron Baynes,SAS,98,97.1,0.9,5.3,0.45,8.8,8.4,13.8,11.1,19.3,50,52.1,15.8,103.06,4.2,301
Luke Zeller,PHX,74.6,107.8,-33.1,10.3,0,10.3,1.2,14.5,6.9,0,36.5,36.5,18.1,106.84,4.6,130
Miles Plumlee,IND,87.5,98.3,-10.8,6.1,0.67,7.1,17.4,0,0,10.7,23.8,28.6,18.1,104.23,4,120
Jarvis Varnado,MIA,78.9,101.9,-23,10.7,0.5,16.7,3.8,11.3,7.9,33.3,42.9,45.7,12.5,89.05,-0.7,109
Kris Joseph,BKN,96.3,100,-3.7,2.8,0.5,4.8,1.7,11.5,6.3,9.5,14.3,25.7,15.7,97.07,-0.3,108
Justin Holiday,PHI,102.8,97.9,5,15.5,1.67,19.7,0,8.9,4.6,11.8,37.5,40.8,19.1,95.32,5.3,281
Chris Johnson,MEM,111.7,92.5,19.2,2.5,0.67,6.5,4.6,6.2,5.3,9.7,56,56,12.1,93.08,6.2,197
Jared Cunningham,DAL,92.9,105.2,-12.3,11.1,0.5,5.6,0,0,0,11.1,50,53.8,27.9,106.52,8.5,56
Quincy Miller,DEN,95.1,103.3,-8.2,14.3,3,17.6,3.2,3.3,3.3,5.9,33.3,34.9,18.7,114,1.7,61
Fab Melo,BOS,90.1,102.9,-12.8,0,0,0,0,7.3,3.9,11.1,50,45.1,11.3,93.35,-1,71
Scott Machado,GSW,70.8,91.7,-20.8,60,0.75,28.6,0,5,0,38.1,50,58.1,28.8,108.42,9.2,48
Darius Johnson-Odom,LAL,43.8,100,-56.3,33.3,0,20,8.3,0,0,0,0,0,22.2,132.58,3.2,16
Chris Wright,DAL,46.2,127.3,-81.1,0,0,0,0,0,0,33.3,50,50,20,131.66,0,13
Josh Akognon,DAL,88.2,111.1,-22.9,20,0,20,0,0,0,0,62.5,62.5,22.2,96.51,6.9,17
Tim Ohlbrecht,HOU,69.6,100,-30.4,25,0.25,12.5,0,0,0,50,33.3,43.6,25.9,94.09,-5,23
Henry Sims,NOH,111.1,90,21.1,0,0,0,33.3,0,0,25,66.7,66.7,36.4,95.33,15.4,9
Brandon Knight,DET,99.4,105.5,-6.2,20.2,1.47,20,1.6,9.1,5.2,13.7,48.3,51.1,21.5,91.1,7.8,4035
Chris Singleton,WAS,97,100.9,-3.9,5.1,1.29,11.7,3,13.4,8.1,9.1,44.2,46.2,11.5,94.57,5.1,2801
Derrick Williams,MIN,100.6,103.9,-3.2,4.6,0.49,5.5,5.4,16.1,10.8,11.1,44.9,49.9,20.5,95.9,8.9,2825
Enes Freedom,UTA,94,102.4,-8.4,1.6,0.15,2.3,11.8,20.2,15.9,15.7,49.6,53.9,16.4,94.25,11,1724
Kemba Walker,CHA,92.6,107.4,-14.8,30.7,2.43,22.8,1.6,11.9,6.5,9.4,41.1,46.4,24.9,92.58,11.4,3459
Klay Thompson,GSW,102.8,107.2,-4.4,14.2,1.29,13.4,1.5,8.6,5.1,10.4,52,54.5,24.3,94.33,8.7,3164
Isaiah Thomas,SAC,106.1,108.4,-2.3,24.6,2.53,26,2.7,7.5,5,10.2,52.1,57.4,19.3,97.34,10.7,3358
Norris Cole,MIA,99,100.5,-1.5,18.3,1.27,18.4,1.8,5.6,3.7,14.5,41.7,45.2,21.2,92.69,4.9,2426
Kawhi Leonard,SAS,107.4,102.3,5.1,6.6,1.59,12.6,7,14.7,10.9,7.9,54.3,57.3,14.1,94.58,10.8,3012
Shelvin Mack,WAS,96,96.8,-0.8,27.1,2.73,30.7,1.5,10.4,5.9,11.2,42.7,46.8,17.1,92.83,10.1,1500
Bismack Biyombo,CHA,91.4,107.3,-15.8,3.2,0.38,6.1,7.5,17.7,12.5,16.1,46.4,48,12.9,92.37,6.6,2791
Chandler Parsons,HOU,104.5,102.6,1.9,11.4,1.65,16.8,5.1,11.8,8.4,10.1,50.6,51.3,16.3,94.52,8.6,3551
Markieff Morris,PHX,100.3,102.3,-2.1,8.7,0.93,10.5,5.5,17.7,11.4,11.3,44.8,48.4,19.9,94.53,7.7,2405
Jimmer Fredette,SAC,98.3,107.8,-9.6,15.5,1.61,16.9,1.4,4.9,3.1,10.5,47.3,49.5,20.3,96.77,6.1,2293
Tristan Thompson,CLE,97.3,108.5,-11.2,3.5,0.33,4.2,12.4,14.6,13.4,12.7,43.9,46.9,18.9,92.06,7.4,2728
Alec Burks,UTA,101.7,103.7,-1.9,10,1.08,10.5,5.9,8.1,6.9,9.8,45,50.6,21.2,93.96,8.1,1843
Iman Shumpert,NYK,103.9,100.2,3.7,15.2,1.48,19.2,2.5,8.9,5.6,13,44.6,48.4,17.8,94.55,7.1,3354
Jan Vesely,WAS,97.7,101.3,-3.6,6.7,0.78,13.4,9.1,14.2,11.6,17.1,53.7,54.4,12.5,94.59,6.7,2114
Ivan Johnson,ATL,99.6,96.6,2.9,5.9,0.46,7.7,7.3,17.7,12.6,16.6,51.6,55.8,18.8,93.4,10.1,1807
MarShon Brooks,NJN,99,109.4,-10.3,14.7,1.11,13.8,4.2,8.5,6.3,12.4,46.5,50.2,22.4,92.01,7.8,3166
Greg Stiemsma,BOS,93.6,96.5,-2.9,6.1,0.85,13.9,6.8,16.2,11.8,16.3,54.5,57.9,10.9,92.41,8.2,1464
Gustavo Ayon,NOH,100.7,101.3,-0.5,10.9,1.61,18.2,8.6,16.9,12.8,11.3,53.6,55.2,14.2,90.61,11.2,2048
Charles Jenkins,GSW,96.2,107.9,-11.7,30.6,2.83,31.6,0.9,6.7,3.7,11.2,45.2,48.2,18.4,95.72,8.2,1774
Kyrie Irving,CLE,104.1,109.8,-5.6,32.4,1.72,21.8,2.7,9.9,6.1,12.7,51.7,56.6,27.5,94.31,13.8,3066
Nikola Vu?evi?,PHI,98.5,97.1,1.4,6.3,0.94,8.4,10.4,19.3,14.8,8.9,45.5,46.2,18.8,92.89,8.7,1573
Jon Leuer,MIL,102.1,100.2,1.9,7.2,1.39,10.2,7.7,14,10.7,7.3,51.6,53.6,17,96.38,9.3,1112
Kenneth Faried,DEN,108.5,107.8,0.7,5.5,0.67,7.6,13.9,20.5,17.2,11.4,58.6,61.8,18.1,95.74,13,2064
Reggie Jackson,OKC,98.4,97.7,0.7,24.3,1.97,25.4,3.2,7.4,5.5,12.9,36.2,40.8,19,95.67,6.7,993
Jeremy Pargo,MEM,85.4,99.5,-14.2,23,1.2,20.8,2.5,6,4.1,17.4,36.7,38.9,20.7,96.57,2.1,854
Nolan Smith,POR,95.6,110.5,-14.9,19.6,1.48,20.9,2.9,7.7,5.1,14.1,40.8,43.4,18.5,95.81,4.3,1087
Jordan Williams,NJN,105.8,103.2,2.6,2.7,0.48,5,10.3,15.1,12.6,10.6,50.7,54.4,14.4,94.89,8,1248
Jeremy Tyler,GSW,98.9,109,-10,4.4,0.44,5.7,9.1,15.9,12.4,12.8,42.1,44.2,20.4,96.09,4.6,1136
Jimmy Butler III,CHI,104,91.8,12.2,6.1,1,10.5,6.1,8.5,7.3,10.5,41.8,52.6,14.3,91.11,8.4,680
Lance Thomas,NOH,95.3,101.8,-6.5,3.3,0.5,6.3,8.3,12.8,10.6,12.6,45.2,54.1,13.3,90.4,6,1179
Tobias Harris,MIL,100,99.3,0.7,7.5,0.71,8.9,6,14.7,10.3,12.6,48.5,54,20,96.1,9.7,958
Lavoy Allen,PHI,96.3,92.2,4.2,8.9,1.7,15,7.2,19.3,13.2,8.8,47.3,48.8,14.3,90.21,9.8,1172
Ricky Rubio,MIN,102.6,100.5,2.1,38,2.56,36.2,1.5,10.5,6,14.1,39.8,47.6,18.3,95.75,11.6,2796
Andrew Goudelock,LAL,97.1,101.1,-4,8.5,0.95,9.1,1.2,6.1,3.7,9.5,47.1,48.8,22,90.99,5.2,796
Cory Higgins,CHA,88.6,101.8,-13.3,15.9,0.92,13.7,1.7,7.1,4.3,14.8,33.8,40.2,24.6,92.04,1.8,806
E'Twaun Moore,BOS,87.2,84.1,3.1,18.8,1.62,19.9,1.2,8.3,4.8,12.3,45.6,47.4,19,93.03,8.2,648
Josh Harrellson,NYK,101.6,92.4,9.1,3.3,0.55,5.7,8.3,18.2,13.1,10.4,49,50.5,14.6,97.39,10,1093
JaJuan Johnson,BOS,87.5,94.2,-6.7,4,0.43,4.1,7,11.6,9.4,9.7,44.6,45.6,21.6,92.41,8.8,576
Donald Sloan,CLE,92.5,110.1,-17.5,29,2.14,28.7,2.5,7.7,5,13.4,40.4,43.3,17.6,91.44,7,1268
Cory Joseph,SAS,101.7,110.8,-9,18.9,2.83,27.4,1.8,8,4.7,9.7,33.6,37.4,14.8,94.97,4.2,522
Josh Selby,MEM,93.1,99.2,-6.1,19.7,1.03,22.1,0.9,5.5,3.2,21.3,36.1,40.3,19.4,97.91,2.4,478
Walker Russell,DET,93.3,103,-9.8,27.1,1.76,29.9,2,5.6,3.8,17,36.8,40.1,16.9,93.58,4.8,697
Jordan Hamilton,DEN,113.1,105.1,8,11.4,1.25,13.4,4.6,18.4,12,10.7,50.9,50.8,21.5,97.01,10.2,518
Mickell Gladness,GSW,91.8,106.4,-14.6,3,0.71,6.6,5.3,15.1,10.5,9.2,42.4,43.6,12.2,98.08,5.5,515
Chris Wright,GSW,96.8,101.3,-4.5,3.5,0.5,5.6,9.4,13.4,11.3,11.3,51.1,59.7,15.2,98.67,11,380
Elliot Williams,POR,95.2,104.6,-9.4,7.7,1.2,6.5,4.9,7.8,6.4,5.4,55.4,53.7,25.2,99.47,9,313
Trey Thompkins,LAC,87.9,112.8,-24.9,5,0.5,4.1,3.2,19.2,10.5,8.2,42.6,44.5,25,98.8,8.2,247
Vernon Macklin,DET,101.8,98.6,3.2,5.7,1.67,10,9.7,14.7,12.1,6,54.3,55.9,14.2,99.75,10.5,278
Julyan Stone,DEN,112.4,103.5,9,25.7,3.36,44,2.6,11.4,6.8,13.1,45.2,50.2,10.5,99.65,8.4,370
Terrel Harris,MIA,92.6,101,-8.3,13.8,1.04,18.1,5.9,11.4,8.6,17.4,39.8,43.4,16.8,92.54,4.2,610
Jerome Jordan,NYK,106.5,96.5,10,5.1,2,9.1,12.6,12.1,12.4,4.5,51.5,56.1,15.2,102.19,9.1,230
Darius Morris,LAL,92.1,106.5,-14.4,22.1,1.11,24.4,1.2,7.7,4.6,22.1,47.6,50,18.4,90.34,4.5,315
Malcolm Lee,MIN,96.1,101.3,-5.2,22.1,1.82,27,3.6,7.4,5.4,14.8,40.7,46.6,15.3,95.01,6.4,482
DeAndre Liggins,ORL,82.2,109.3,-27.1,9.1,0.5,10.4,5.2,9.1,7,20.8,48,49.5,17.3,92.61,4.9,219
Marcus Morris Sr.,HOU,89.5,100.8,-11.3,4.2,0.75,4.6,3.7,8.2,5.9,6.2,31.5,34.8,21.7,94.97,0.9,248
Daniel Orton,ORL,90.1,101.1,-10.9,4.7,0.71,9.3,10.1,11.4,10.7,13,56.7,54.9,12,94.29,4.7,365
Carldell Johnson,NOH,97.7,91.5,6.2,31.4,3.14,33.8,0.9,6.8,4,10.8,37.1,37.2,17.6,89.32,6.7,219
Tyler Honeycutt,SAC,104.8,106.2,-1.4,10.6,3.5,20,3.1,12.6,7.6,5.7,35.4,38.2,13.3,103.89,6.4,188
Justin Harper,ORL,81.2,103,-21.8,4.7,0.33,5.1,3.5,13.4,7.8,15.4,32.3,31.8,20.4,95.28,0.8,165
Courtney Fortson,HOU,78.2,100,-21.8,22.2,1,17.2,5.1,9.9,7.2,17.2,39.1,45.3,20.4,97.56,7.6,197
Travis Leslie,LAC,78.7,104.3,-25.6,22.7,2.5,20,11.5,0,0,8,35.7,39,18.3,99.11,6.8,94
Jerome Dyson,NOH,91.9,89.5,2.4,20.2,0.9,17.6,1.2,8.1,5.1,19.6,40.6,52.5,22.2,90.31,8.6,335
Dennis Horner,NJN,95.7,127.7,-32,0,0,0,0,0,0,14.3,25,43.4,14,100.93,3.2,46
Greg Smith,HOU,87.8,90.2,-2.4,2.6,1,7.7,6.5,21.1,13.5,7.7,63.6,63.6,8.1,91.36,8.2,131
Justin Dentmon,TOR,77.3,90.8,-13.5,25.6,1.43,20.8,0,8.4,4.2,14.6,39.3,42.4,19.8,92.6,4.3,176
Darington Hobson,MIL,93.3,85.5,7.8,25,3,28.6,0,8.1,3.9,9.5,15.4,15.4,16.7,93.21,-1.1,75
Jerry Smith,NJN,83.1,94.5,-11.4,15.4,0,22.2,4,11.1,7.4,0,25,25,13.9,94.03,4.7,89
Mychel Thompson,CLE,100,101.1,-1.1,11.9,1.4,19.4,0,5.9,2.6,13.9,37.5,37.5,13.6,87.91,0.8,173
Ryan Reid,OKC,97.1,93.8,3.3,0,0,0,0,0,0,16.7,80,80,14.6,95.07,13.7,34
Edwin Ubiles,WAS,85.4,104.2,-18.8,3.6,1,4.8,3.6,15.7,9.3,4.8,30.6,36.2,17.9,88.62,8.9,96
Eric Dawson,SAS,101.2,127.4,-26.2,0,0,0,12.2,14.7,13.3,18.8,58.3,58.2,17,101.55,5.9,82
Jeff Foote,NOH,100,101.3,-1.3,0,0,0,2.9,0,0,25,33.3,33.3,9.2,93.84,-0.9,77
Keith Benson,GSW,111.8,75,36.8,0,0,0,18.2,0,0,0,0,0,4.5,86.72,3.4,17
Malcolm Thomas,SAS,100,112.9,-12.9,8.3,0,20,0,0,0,0,0,12.9,11.4,98.65,3.5,31
D.J. Kennedy,CLE,83.8,112.6,-28.8,8.8,1,15.8,1.6,10,5.7,15.8,50,46.6,13,90.51,2.5,111
Derrick Byars,SAS,97.3,106.6,-9.2,4,0,7.1,11.3,0,0,0,27.3,39.2,13.4,98.31,7.8,75
Xavier Silas,PHI,83.8,101.3,-17.5,15.8,1,13.6,0,0,0,13.6,30,33.7,20.7,92.4,-2.4,74
Blake Griffin,LAC,105.9,108,-2.2,18.4,1.4,14.1,9,23.8,16.4,10.1,50.8,54.9,27,93.88,16,6078
Landry Fields,NYK,110.4,108.7,1.6,8.7,1.45,16.7,4.3,16.5,10.5,11.5,56.8,59.8,13.4,97.53,9.8,5156
Omer Asik,CHI,103.2,90.2,13.1,4.9,0.5,10.5,11.8,19.6,15.8,21,55.3,55.9,12.3,93.14,7.6,1911
Al-Farouq Aminu,LAC,98.5,104.9,-6.4,6.7,0.58,9.7,5.2,13.5,9.3,16.6,45,49.9,16.8,94.84,7,2868
DeMarcus Cousins,SAC,101.3,107.5,-6.3,14.9,0.76,12.3,9.1,22.3,15.4,16.2,43.2,48.4,27,96.04,9.9,4631
Eric Bledsoe,LAC,99.7,106.1,-6.4,25.4,1.49,28.2,3.8,8.6,6.2,18.9,45.7,49.9,17.5,94.03,8.3,3611
Gary Neal,SAS,108.2,106,2.2,9.4,1.23,11.3,1.3,10.6,6,9.2,55.3,57.8,20,94.73,8.5,3331
Greg Monroe,DET,107,109.5,-2.5,7.5,1.3,12.5,11.6,18.1,14.7,9.6,55.1,57.5,15.3,89.6,10.8,4133
Wesley Johnson,MIN,103.7,109.1,-5.4,10.8,1.56,15.4,2.4,9.1,5.7,9.9,47.3,49.1,16.5,98.91,6,4269
Derrick Favors,UTA,98,104.7,-6.7,4.4,0.51,6.4,11.4,16.1,13.7,12.7,51.7,54.2,16.8,92.08,7.9,2928
Evan Turner,PHI,101,102.2,-1.2,13.7,1.99,19.4,2.4,14.9,8.6,9.8,43.9,48.4,16.4,94.6,8.7,3540
Gordon Hayward,UTA,103.1,111.1,-8,10.6,1.16,16.6,3.5,8.9,6.1,14.4,54.4,57.8,14.9,93.46,6.8,2368
Greivis Vasquez,MEM,98.5,102.7,-4.2,26.6,2.16,32.1,1.4,8,4.5,14.9,46.1,49.3,16.4,94,7.2,1687
John Wall,WAS,100.2,109,-8.8,35.7,2.2,29,1.3,11.2,6,13.2,42.7,49.4,23.3,96.19,11.7,5233
Quincy Pondexter,NOH,97.3,102.9,-5.6,6.4,1.75,11.7,3.3,9.1,6.2,6.7,45.6,48.2,13.6,89.25,5.4,1367
Ed Davis,TOR,101.4,111.2,-9.8,3.9,0.83,7.8,10.7,19,14.8,9.3,57.6,58.3,13.1,94.44,9.8,3136
Nikola Pekovic,MIN,97,107.8,-10.8,5.2,0.3,6.2,9.5,12.1,10.8,20.9,51.7,57.3,19.3,98.55,4.9,1813
Trevor Booker,WAS,101.2,108.6,-7.4,5.1,0.92,9.5,8.8,14.8,11.7,10.3,54.9,58.2,13.5,95.79,9.6,2114
Gary Forbes,DEN,108.2,110,-1.9,9.4,1.07,12.1,3.5,11.1,7.3,11.4,48.9,52.4,18.8,100.88,6.7,1661
Pooh Jeter,SAC,99.4,105.5,-6.1,28.1,3.18,33.2,1,7.1,3.9,10.5,42.1,46,15.5,100.86,8.6,1814
Paul George,IND,104.2,104.1,0,8.2,0.93,11.3,2.9,14.5,8.7,12.2,50.5,54.2,17.2,97.76,9.3,2572
Larry Sanders,MIL,92.4,100.6,-8.2,3.3,0.42,4.6,6.6,14.2,10.3,11,43.3,44.8,17.2,93.45,6,1695
Tiago Splitter,SAS,103.5,104.8,-1.3,6,0.81,8.4,10.4,17.8,14.2,10.3,52.9,55,17.4,94.95,9.6,1457
Ekpe Udoh,GSW,108.3,102.2,6.1,5.1,0.83,11.8,7.8,9.7,8.8,14.1,43.7,47.2,12.8,95.95,3.9,2048
Kevin Seraphin,WAS,94.3,109.2,-14.9,2.5,0.24,4.7,11,12,11.5,19.6,44.9,47.9,13.2,98.17,2.4,1296
Manny Harris,CLE,97.1,110.1,-13,15.3,1.35,17.7,3.7,11.7,7.5,13.2,43.3,48.6,18.6,94.88,7.3,1846
Patrick Patterson,HOU,106.1,105.8,0.3,7.8,1.32,11.5,9.7,12.9,11.3,8.7,55.8,57.4,16,94.09,10.8,1702
Jeremy Evans,UTA,102.5,104.4,-1.9,9,1.26,13.7,8.2,14.2,11.2,10.9,66.1,67.8,14.4,94.46,12.8,912
Luke Harangody,CLE,98.6,104.2,-5.6,7.8,1.88,11.4,6.3,15.9,11.1,6.1,42.2,44.4,16.5,95.08,6.9,1267
Timofey Mozgov,DEN,102.8,105.8,-3,4.5,0.43,7.3,8.8,14.2,11.5,17,47.4,52.3,15.8,98.32,5.4,1069
Christian Eyenga,CLE,100.3,111,-10.7,6.1,0.74,8.8,2.8,10.5,6.5,11.8,46.6,47.6,16.9,95.5,5.5,1884
Ish Smith,MEM,101.2,107,-5.8,26.8,2.32,33.2,1.6,9,5.3,14.3,38.7,40.6,15.5,97.76,6,901
Ben Uzoh,NJN,95.1,103.3,-8.2,27.8,2.76,26.1,6.7,7.4,7,9.5,43.4,46.8,19.9,92.86,9.7,841
Jordan Crawford,WAS,99.9,110.8,-10.9,19.7,1.41,16,2.8,7.4,5,11.3,41.7,45.6,25.8,95.75,7.8,2046
Lazar Hayward,MIN,98.3,111.2,-12.9,10.7,1.47,12.7,4.8,11.8,8,8.6,41.2,46.4,18.3,102.03,6.1,890
Derrick Caracter,LAL,98.2,110,-11.8,5.4,0.37,6.9,9,10.5,9.8,18.6,48.5,53.2,18.6,99.68,3.4,445
Semih Erden,CLE,98.7,100.7,-2,5.4,0.59,10.5,7,14.6,10.9,17.8,55.9,59.3,13.4,92.79,5.7,1145
Armon Johnson,POR,92.7,94.4,-1.7,30,1.18,23.2,3.7,9.3,6.3,19.6,48,49.7,22.8,98.36,7.7,562
Xavier Henry,MEM,99.4,103.2,-3.8,5.4,1.38,8.5,1.7,5.5,3.6,6.2,41.3,45.1,16.5,93.15,3.3,1020
Samardo Samuels,CLE,98.8,108.2,-9.4,4.3,0.32,4.7,10.2,12.9,11.5,14.8,45.6,49.8,21.1,95.46,5.8,1390
Avery Bradley,BOS,82.8,99.1,-16.3,13.5,0.75,12,2.5,7.8,5.2,16,34.3,36,23.8,98.37,0.5,332
Jeremy Lin,GSW,105.7,103.2,2.5,20.7,2.33,29.6,3.9,8.2,5.9,12.7,39.6,45.8,15.1,94.98,8.8,560
James Anderson,SAS,99.5,107,-7.5,10.3,1.38,15,0.7,7.9,4.3,10.8,49.4,52.9,16,95.08,5.1,564
Damion James,NJN,96.5,99.3,-2.8,8.2,0.8,12.6,4.3,18.4,11.1,15.7,44.7,47.7,15.4,95.42,7.7,797
Luke Babbitt,POR,88,98.3,-10.3,7.7,0.75,8.2,3.6,16.6,9.6,11,30,30.5,20.2,99.47,0.8,283
Zabian Dowdell,PHX,97.8,104.6,-6.8,29.5,1.76,24.2,1.7,5.3,3.4,13.7,42,45.7,24,96.59,8,585
Jeff Adrien,GSW,108,106.4,1.6,7.5,1.11,12.3,11.7,18.7,15.1,11.1,42.6,45.7,15.9,95.42,6.4,388
Mustafa Shakur,WAS,97.2,99.4,-2.2,25.8,1.39,22.9,4.5,10,7.2,16.5,36.4,38.9,22.8,97.44,4.8,323
Garret Siler,PHX,104.6,110.4,-5.8,4.1,0.3,5.6,15,13.6,14.4,18.5,54.8,55.3,19.6,104.49,4.4,219
Devin Ebanks,LAL,88.9,107.3,-18.4,3.3,0.33,2.9,11.5,9.2,10.4,8.7,43.1,50.7,22.7,102.03,11.2,252
Sherron Collins,CHA,94.6,108.7,-14.1,19,2,21.6,0,7.9,4.1,10.8,32,33.4,20.4,93.26,3.7,129
Willie Warren,LAC,102.6,94.7,7.9,30.7,3.38,36.5,0.8,9.6,4.9,10.8,44.3,48,15.5,95.42,8.2,268
Cole Aldrich,OKC,100.7,98.6,2.1,4.1,0.5,13.8,9.6,14.3,12.1,27.6,53.3,53.7,7.9,97.2,2.6,287
Dominique Jones,DAL,90.5,99.2,-8.8,24.1,1.9,23.2,4.5,14.7,9.6,12.2,31.1,40,21.3,92.72,9.6,262
Hamady Ndiaye,WAS,86,111.5,-25.6,0,0,0,2.3,7,4.4,23.1,80,68.1,7,95.79,-1.6,164
Chris Johnson,POR,87.8,106.4,-18.6,3.7,0.3,7,7.9,15.4,11.3,23.3,42.9,55.4,12.6,96.77,5,278
Lance Stephenson,IND,97.5,94.3,3.2,30.9,1.31,25.6,0.8,12.7,6.9,19.5,33.3,41,21.7,101.07,5.7,237
Larry Owens,WAS,97.6,93.1,4.5,8.9,1.6,16.3,0.7,10.1,5.3,10.2,56.3,55.6,12.3,96.85,7.3,288
Solomon Alabi,TOR,92.2,100.8,-8.6,5.1,0.67,9.5,9.7,11.9,10.7,14.3,20,18.9,13.9,95.58,-0.3,116
Patrick Ewing,NOH,91.7,100,-8.3,16.7,2,20,5,0,0,10,0,22.2,19,91.47,-1.8,36
Andy Rautins,NYK,79.6,102,-22.4,25,0.43,16.7,0,4,0,38.9,50,50.8,26.8,97.59,1.5,49
Marcus Cousin,UTA,78.6,119,-40.5,0,0,0,0,0,0,25,66.7,66.7,8.9,110.09,6.2,42
Craig Brackins,PHI,101.7,122,-20.4,5,0,5.9,5,8.3,6.3,0,25,25,21.9,87,-1.8,60
Pape Sy,ATL,88.4,102.3,-13.9,22.2,0.67,16.7,8.7,0,0,25,33.3,47.8,20.4,99.51,5.8,43
Dexter Pittman,MIA,136.4,95.7,40.7,0,0,0,0,0,0,40,33.3,33.3,20,96.14,-2.6,22
Gani Lawal,PHX,50,100,-50,0,0,0,0,0,0,0,0,0,0,99.31,-40,4
Hassan Whiteside,SAC,0,133.3,-133.3,0,0,0,0,0,0,0,0,0,0,82.6,-200,3
Brandon Jennings,MIL,103.9,101.5,2.5,29.8,2.35,23.5,1.8,9.5,5.4,10,43.1,47.5,25.6,92.8,10.5,5159
DeJuan Blair,SAS,106.2,103,3.2,7,0.58,8.8,13.9,22.1,18,15.2,55.6,56.4,19.7,95.21,11.4,2966
Taj Gibson,CHI,102.4,103.2,-0.8,4.9,0.61,7.8,10.1,16.8,13.5,12.8,49.4,52.1,16.5,94,8.6,4301
Wesley Matthews,UTA,110.1,104.6,5.5,9,1.33,14.3,2.7,7.3,5,10.7,53.9,59.2,16.4,95.06,7.8,4003
Eric Maynor,OKC,99.9,97.9,2,33.9,3.13,35.5,1.8,8.4,5.2,11.3,44.8,47.8,16.8,95.47,10,2521
Jonny Flynn,MIN,99.5,112.5,-13,24.5,1.53,21.4,1,7.6,4.1,14,45.7,51.1,24,98.46,8.7,4798
Jonas Jerebko,DET,104.7,108.3,-3.6,4.1,0.71,7.1,8.8,14.6,11.5,10,51.1,54.5,15.5,89.45,8.2,4154
Sam Young,MEM,98,107,-9,6.8,0.55,7.2,5.6,9.4,7.4,13.1,46.2,51.8,21.2,97.03,8.2,2676
Stephen Curry,GSW,107.5,110.2,-2.7,24.1,1.94,24.3,1.7,10.6,6.1,12.5,53.5,56.8,21.5,102.66,10.7,6185
Terrence Williams,NJN,98.1,105.9,-7.7,22.4,1.8,21,2.6,18,10.1,11.7,42.5,45.9,21.3,94.26,9.9,3466
DeMar DeRozan,TOR,106.8,113.3,-6.5,4.8,0.85,7.4,4.2,9.7,7,8.7,50.2,55.4,18,94.87,6.6,3279
Omri Casspi,SAC,102.9,106.2,-3.2,7.6,0.97,10.1,3.8,14.2,8.9,10.4,50.2,52.9,18.8,97.67,9.4,3936
Darren Collison,NOH,105.2,108.8,-3.6,32.3,2.14,28.9,2,7.7,4.8,13.5,50.6,54.6,22.7,95.19,11.5,4171
James Harden,OKC,104.8,99.9,4.9,13,1.29,14.7,2.8,11.1,7.1,11.4,48.4,55.1,19.9,95.3,9.7,3459
Wayne Ellington,MIN,99.1,105.8,-6.7,8.5,1,11.8,2.3,9.1,5.7,11.8,49.6,52.7,16.8,99.14,7.1,2858
Chase Budinger,HOU,107.9,107.4,0.5,9.6,1.83,11.9,2.4,12.9,7.4,6.5,52.2,54.5,18.6,97.37,10.1,3013
Jrue Holiday,PHI,104.5,108.7,-4.2,23.9,1.79,28.2,3.3,8.3,5.8,15.7,50.2,52.6,18,93.54,7.9,3434
Marcus Thornton,NOH,106.5,108.3,-1.8,10.3,1.5,9.9,4,8,6,6.6,51.7,55,24.8,94.57,10.2,3683
Serge Ibaka,OKC,100.8,100.4,0.4,1.3,0.15,2,10.7,18.9,15,13.9,54.5,56.2,15.8,94.43,10.5,2601
Tyreke Evans,SAC,102.2,108.4,-6.2,26.8,1.92,20.7,2.4,12.2,7.1,10.8,47.3,52.9,26.1,94.85,13.1,5286
DeMarre Carroll,MEM,102.8,104.4,-1.6,5.9,1.38,10.9,6.8,11.8,9.3,7.9,39.6,42.6,14.1,100.89,4.3,1659
Jeff Teague,ATL,100.8,103.3,-2.6,25.8,2.44,29.1,0.7,9.1,4.7,11.9,41.2,45.9,17.4,97.8,7.7,1462
Austin Daye,DET,101.9,108.5,-6.7,6.3,0.71,8.5,3.6,17.8,10,12,51.4,54.6,17.6,92.99,8.6,1774
Hasheem Thabeet,MEM,102.2,104.8,-2.6,1.8,0.26,4.8,9.2,17.9,13.5,18.9,58.8,60.5,10.4,96.84,6.4,1767
James Johnson,CHI,94.9,103,-8.1,10.4,0.77,13.8,4.4,12.3,8.3,17.8,48.8,53.2,17.4,97.69,5.8,1535
Ty Lawson,DEN,110.3,104.1,6.3,23.3,2.48,27.6,3.3,6.2,4.8,11.1,55.9,60,17.4,98.41,11,2700
Dante Cunningham,POR,108.5,103.5,5,3.2,0.93,5.3,8,16.3,12.1,5.7,49.5,51.7,16,93.3,8,1364
Chris Hunter,GSW,109.7,109.1,0.6,6.5,1.23,11.8,6.9,14.6,10.6,9.6,50.2,54.6,14.7,102.32,6.1,1665
Jodie Meeks,PHI,105.3,105.5,-0.2,8,1.56,11.1,1.2,13.7,7.1,7.1,46.6,49.3,18.7,98.4,7.3,1468
Derrick Brown,CHA,98.8,98.3,0.4,6.1,1,8.7,6.2,8.7,7.5,8.7,46.9,52,16.5,95.21,7.6,1053
AJ Price,IND,103.2,99.3,3.9,19.8,1.8,19.4,1.3,8.5,4.9,10.8,49.4,53,21.9,100.54,10.3,1802
Rodrigue Beaubois,DAL,108.4,103.4,5,16.2,1.37,16.6,1.8,9.4,5.8,12.1,59.4,61.7,23.2,99.1,10.8,1438
Toney Douglas,NYK,107,111.7,-4.7,16.7,2.04,19,3.6,6.6,5.1,9.3,54.5,57.1,19.1,96.89,8.3,2192
Jon Brockman,SAC,108.4,109.1,-0.7,4.9,0.96,12.6,15.5,17.6,16.5,13.1,53.4,56.4,9.9,94.18,6.6,1272
Earl Clark,PHX,101.5,105.3,-3.7,9.3,0.91,9.9,4.7,10.9,7.9,10.8,37.7,42,20.8,99.91,6,796
Jordan Hill,HOU,105.6,106.3,-0.8,5.2,0.67,7.1,11.3,17.4,14.1,10.7,49.3,52.8,17.7,95.79,8.6,1241
DaJuan Summers,DET,93.8,104.9,-11.1,7,1,8.9,3.3,8.4,5.7,8.9,41.2,45.7,17.8,95.02,3,793
Gerald Henderson,CHA,93.5,95,-1.5,7.1,0.93,8.6,4.2,11,7.6,9.2,37.5,45.3,17.2,94.57,7.8,696
Jeff Ayres,POR,105.8,112.2,-6.4,0.4,0.08,1.1,7,20.2,13.6,13.8,66.2,70.5,9.8,92.79,6.6,779
Sundiata Gaines,UTA,101.6,97.3,4.2,28.9,2.79,25.2,2.7,11,6.7,9,50.6,51.8,22.2,99.38,13.3,447
Jermaine Taylor,HOU,93.2,111.5,-18.3,9.6,0.84,9.2,6,9.5,7.5,10.9,39.9,46,21.8,98.71,6.7,620
Tyler Hansbrough,IND,97.9,102.3,-4.4,9.7,1.33,8.6,10.6,15,12.7,6.4,36,44.8,24.5,99.56,8.6,1055
Garrett Temple,SAS,100.4,100.7,-0.3,10.4,0.78,12.2,1.8,7.2,4.5,15.7,50,55.3,19.3,98.56,5.6,685
Lester Hudson,MEM,105.1,102.3,2.9,15.5,0.93,15.1,5.5,8.5,7,16.3,44.3,49.4,23,98.61,7.9,274
Reggie Williams,GSW,110.7,113.4,-2.7,12.5,2.28,16.4,2.3,11.7,6.9,7.2,55.3,58.8,18.4,102.17,10.1,1660
Danny Green,CLE,96.6,104.3,-7.7,7.4,1,9.8,7.1,7.5,7.3,9.8,46.2,48,17.4,97.62,6.7,232
Marcus Landry,BOS,108.4,106.2,2.2,0,0,0,4.3,12.4,8.3,11.8,47.7,48.7,19.4,98.26,3.4,226
Othyus Jeffers,UTA,105.3,100.7,4.7,2.1,0.17,2.3,11.1,15.1,13.1,13.6,41.4,49.5,23.4,100.28,8.4,150
Byron Mullens,OKC,90.3,120.7,-30.5,3,0.25,4.2,5.6,12.1,8.9,16.7,36.8,36.8,18.5,99.01,-2,113
Cedric Jackson,WAS,94.2,97.5,-3.3,33.3,1.27,27.5,2.6,7.4,5.1,21.6,32.5,39.6,21,100.46,3.6,154
Alonzo Gee,WAS,100.6,101.7,-1.2,7.1,0.7,7.8,7.9,11.5,9.5,11.1,53.4,56.4,20.4,91.28,10.6,345
Patty Mills,POR,104.7,126.8,-22.1,25,1.25,13.9,2.5,3.7,3,11.1,45.8,48,32,106.22,3.4,85
Taylor Griffin,PHX,98.5,103,-4.5,5.6,1,7.1,0,5.4,0,7.1,40,42.5,16.9,97.51,1,66
Trey Gilder,MEM,75,42.9,32.1,0,0,0,0,0,0,0,100,100,8.3,121.88,100,12
Antonio Anderson,OKC,93.9,100,-6.1,0,0,0,0,0,0,25,33.3,33.3,10,108.37,-3,33
JamesOn Curry,LAC,0,0,0,0,0,0,0,0,0,0,0,0,0,369.23,0,0
Oliver Lafayette,BOS,92.5,112.2,-19.7,18.2,2,22.2,4.5,0,0,11.1,58.3,58.3,16.7,90.29,11.1,40
